{"type": "FeatureCollection", "features": [{"id": "0", "type": "Feature", "properties": {"idProv": "AMAZONAS - CHACHAPOYAS", "nombdep": "AMAZONAS", "nombprov": "CHACHAPOYAS"}, "geometry": {"type": "Polygon", "coordinates": [[[-77.72613998699995, -5.943539973999975], [-77.76986823699997, -5.966513973999952], [-77.78810548699994, -6.0280918489999635], [-77.80613998699994, -6.031539973999941], [-77.80780998699998, -6.080929973999957], [-77.78937998699996, -6.1228999739999495], [-77.84144998699998, -6.128649973999927], [-77.89123998699995, -6.102909973999942], [-77.91050998699995, -6.1805699739999795], [-77.90281998699999, -6.2080699739999545], [-77.94023998699998, -6.259229973999936], [-77.92585998699997, -6.35687997499997], [-77.87439998699995, -6.410589974999937], [-77.86370998699994, -6.4770999749999305], [-77.82741998699998, -6.545749974999978], [-77.79819998699998, -6.694949974999929], [-77.83486998699993, -6.732969974999946], [-77.89281461199994, -6.734123974999932], [-77.90768948699997, -6.701141599999971], [-77.93596686199999, -6.689789099999928], [-77.95954848699995, -6.713947599999926], [-78.00102486199995, -6.721211849999975], [-78.00885998699994, -6.7429599749999625], [-78.03777173699996, -6.7439679749999755], [-78.01369161199995, -6.821252849999951], [-78.03094136199996, -6.847746099999938], [-78.00115048699996, -6.864997224999968], [-78.01364061199996, -6.931683849999956], [-77.99966723699998, -6.940157599999964], [-78.00025423699998, -6.970515599999942], [-77.98357998699998, -6.963089974999946], [-77.92865023699994, -6.986759349999943], [-77.88034173699998, -6.962503849999962], [-77.84219498699997, -6.976884849999976], [-77.83434598699995, -6.9572057249999375], [-77.80193198699999, -6.966144474999965], [-77.77929986199996, -6.9414527249999765], [-77.75893361199996, -6.964507849999961], [-77.71526686199996, -6.920655349999947], [-77.70726598699997, -6.907829349999929], [-77.76474898699996, -6.799758474999976], [-77.73189786199998, -6.783467349999967], [-77.74801298699998, -6.745824349999964], [-77.74560648699998, -6.665158224999971], [-77.73896511199996, -6.6464688499999625], [-77.70168998699995, -6.676889974999938], [-77.67968998699996, -6.674099974999933], [-77.62666411199996, -6.612740224999925], [-77.65587298699995, -6.603662099999951], [-77.66654536199997, -6.57826072499995], [-77.70618448699997, -6.581590474999928], [-77.70672211199997, -6.559768224999971], [-77.72617823699994, -6.55205559999996], [-77.73260473699997, -6.453146474999926], [-77.75177211199997, -6.401683849999927], [-77.70431011199997, -6.361470724999947], [-77.70605998699995, -6.338879974999941], [-77.67004498699998, -6.339823849999959], [-77.62908723699996, -6.313742599999955], [-77.61757348699996, -6.280755973999931], [-77.58900973699997, -6.3044179749999785], [-77.55480811199999, -6.302578224999934], [-77.51529973699996, -6.225037473999976], [-77.46898336199996, -6.184645223999951], [-77.49973523699998, -6.154003348999936], [-77.50651973699996, -6.089312848999953], [-77.56513311199996, -6.02917784899995], [-77.59636161199995, -6.033330848999981], [-77.59770786199994, -6.004415973999926], [-77.68755998699999, -5.979099973999951], [-77.72613998699995, -5.943539973999975]]]}}, {"id": "1", "type": "Feature", "properties": {"idProv": "AMAZONAS - BAGUA", "nombdep": "AMAZONAS", "nombprov": "BAGUA"}, "geometry": {"type": "Polygon", "coordinates": [[[-78.60076973799994, -4.507099847999939], [-78.63004536299997, -4.49945134799998], [-78.64752348799993, -4.508970722999948], [-78.66268061299996, -4.536908847999939], [-78.65581886299998, -4.584882597999979], [-78.70599823799995, -4.622928222999974], [-78.66770448799997, -4.654522097999973], [-78.63787248799997, -4.656415222999954], [-78.64502686299994, -4.734833472999981], [-78.62826861299999, -4.739678972999968], [-78.62069873799999, -4.767931972999975], [-78.64193748799994, -4.802351597999973], [-78.63187698799999, -4.8364452229999415], [-78.64510461299994, -4.907473597999967], [-78.67832773799995, -4.968381597999951], [-78.65143436299996, -4.97856909799998], [-78.64052823799994, -5.034244472999944], [-78.70062423799999, -5.104082722999976], [-78.70911323799999, -5.179628847999936], [-78.68424411299998, -5.267490223999971], [-78.65442586299997, -5.274300723999943], [-78.64157036299997, -5.303751973999965], [-78.60449223799998, -5.309898473999965], [-78.51858011299998, -5.398476598999935], [-78.51310761299999, -5.452237848999971], [-78.55855748799996, -5.497611848999952], [-78.54995761299995, -5.531472723999968], [-78.56353923799998, -5.555129473999955], [-78.55252261299995, -5.562298723999959], [-78.56684386299997, -5.594326348999971], [-78.54187298799997, -5.61076772399997], [-78.56368961299995, -5.627126598999951], [-78.56070823799996, -5.645245848999934], [-78.52607973799996, -5.647906098999954], [-78.50331123799998, -5.691557098999965], [-78.45217998799995, -5.733489973999951], [-78.36813073799993, -5.626791473999958], [-78.31483986199999, -5.6159354739999685], [-78.33637111199994, -5.537892598999974], [-78.30315748699996, -5.500830973999939], [-78.31183036199997, -5.485992598999928], [-78.23886961199997, -5.470393723999962], [-78.22272661199997, -5.435253848999935], [-78.16340898699997, -5.386830348999979], [-78.14644198699995, -5.3402637239999535], [-78.12125373699996, -5.328921848999926], [-78.09675786199995, -5.341275348999943], [-78.06968748699995, -5.271890473999974], [-78.07582823699994, -5.251398348999942], [-78.05689711199994, -5.208591722999927], [-78.07549473699999, -5.1747233479999295], [-78.09724611199994, -5.169005722999941], [-78.09638086199999, -5.141896472999974], [-78.15801173699998, -5.116357472999937], [-78.13805298699998, -5.083982972999934], [-78.16770698699997, -5.080912097999942], [-78.19602536199994, -5.031427722999979], [-78.17918023699997, -4.995569222999961], [-78.14543198699994, -4.989574722999976], [-78.16517323699998, -4.936903097999959], [-78.12777598699995, -4.883294972999977], [-78.11920611199997, -4.841271472999949], [-78.15413861199994, -4.76269922299997], [-78.11973161199995, -4.697706472999926], [-78.16181248699996, -4.633990222999955], [-78.18642286199997, -4.656103597999959], [-78.22268386199994, -4.661523597999974], [-78.26241598699994, -4.721044972999948], [-78.27629886199998, -4.6599765979999574], [-78.32998636199994, -4.679648472999929], [-78.36126111299996, -4.647703597999964], [-78.41397236299997, -4.659640722999939], [-78.46583011299998, -4.648492222999948], [-78.52242998799994, -4.585746097999959], [-78.55429211299997, -4.57907647299993], [-78.58144948799998, -4.601460347999932], [-78.58132811299998, -4.53400897299997], [-78.60076973799994, -4.507099847999939]]]}}, {"id": "2", "type": "Feature", "properties": {"idProv": "AMAZONAS - BONGARA", "nombdep": "AMAZONAS", "nombprov": "BONGARA"}, "geometry": {"type": "Polygon", "coordinates": [[[-77.69508386199999, -5.1671034729999405], [-77.74528511199998, -5.133017597999981], [-77.95551511199994, -5.399720598999977], [-77.93256448699998, -5.490943348999963], [-77.99102998699993, -5.51147997399994], [-77.98490998699998, -5.575809973999981], [-78.10509830399997, -5.757201063999958], [-78.07690998699996, -5.774189973999967], [-78.10364998699998, -5.855909973999928], [-78.13521998699997, -5.894239973999959], [-78.12284998699994, -5.9202599739999755], [-78.07657998699995, -5.916769973999976], [-78.07878998699994, -5.95411997399998], [-78.05753373699997, -5.974732598999935], [-77.97981998699998, -5.964799973999959], [-77.90351998699998, -6.092659973999957], [-77.84046998699995, -6.128789973999972], [-77.78912998699997, -6.122439973999974], [-77.80780998699998, -6.080929973999957], [-77.80622998699994, -6.03186997399996], [-77.78810548699994, -6.0280918489999635], [-77.76986823699997, -5.966513973999952], [-77.71879998699995, -5.943779973999938], [-77.68456061199998, -5.9791662239999255], [-77.65189061199999, -5.935331973999951], [-77.68308048699998, -5.877575598999954], [-77.68152673699996, -5.84948709899993], [-77.74613836199995, -5.8351104739999755], [-77.77035548699996, -5.788142598999968], [-77.75935861199997, -5.729847973999938], [-77.77509086199996, -5.6896793489999595], [-77.73638398699995, -5.6092900989999634], [-77.76576173699993, -5.538982473999965], [-77.75703736199995, -5.513941598999963], [-77.77063748699999, -5.47815309899994], [-77.74883198699996, -5.459859348999942], [-77.76845123699997, -5.438048723999941], [-77.74482773699998, -5.406899098999929], [-77.69601548699995, -5.411624098999937], [-77.70278673699994, -5.380687723999927], [-77.68206648699999, -5.338395598999966], [-77.69629673699995, -5.258770973999958], [-77.73955961199994, -5.212597347999974], [-77.69508386199999, -5.1671034729999405]]]}}, {"id": "3", "type": "Feature", "properties": {"idProv": "AMAZONAS - CONDORCANQUI", "nombdep": "AMAZONAS", "nombprov": "CONDORCANQUI"}, "geometry": {"type": "Polygon", "coordinates": [[[-77.81398936199997, -2.992779470999949], [-77.84457423699996, -2.9979980959999466], [-77.84005386199993, -3.008198095999944], [-77.94075473699996, -3.065473595999947], [-78.01269398699998, -3.17884847199997], [-78.09071173699994, -3.234310596999933], [-78.13679798699997, -3.3265415969999594], [-78.19573986199998, -3.3607587219999573], [-78.17774273699996, -3.410091096999963], [-78.15491348699999, -3.411561721999931], [-78.14839411199995, -3.4803748469999505], [-78.21729236199997, -3.5088565969999763], [-78.23140211199996, -3.498810846999959], [-78.24621098699998, -3.4023262219999424], [-78.34637036199996, -3.3824052219999317], [-78.35537573699997, -3.494353971999942], [-78.39977661299997, -3.606203721999975], [-78.38630973799997, -3.640098721999948], [-78.40081761299996, -3.650409846999935], [-78.39321748799995, -3.6771799719999763], [-78.42343661299998, -3.6932023469999535], [-78.42179848799998, -3.724064346999967], [-78.40247648799993, -3.735387596999942], [-78.40936686299995, -3.782391096999959], [-78.43600023799996, -3.8191183469999714], [-78.46587298799994, -3.8275332219999427], [-78.48882611299996, -3.933821221999949], [-78.52450486299995, -3.9372639719999256], [-78.56571286299999, -3.991962846999968], [-78.56768861299997, -4.045099971999946], [-78.53722536299995, -4.061587971999927], [-78.58115436299994, -4.1348652219999735], [-78.57728123799996, -4.195548972999973], [-78.60895473799997, -4.226094222999961], [-78.59854398799996, -4.257924097999933], [-78.65261586299994, -4.334840222999958], [-78.63409373799999, -4.415164097999934], [-78.60256823799995, -4.411376347999976], [-78.63849711299997, -4.495771847999947], [-78.60076973799994, -4.507099847999939], [-78.58132811299998, -4.53400897299997], [-78.58144948799998, -4.601460347999932], [-78.55429211299997, -4.57907647299993], [-78.52242998799994, -4.585746097999959], [-78.46583011299998, -4.648492222999948], [-78.41397236299997, -4.659640722999939], [-78.36126111299996, -4.647703597999964], [-78.32998636199994, -4.679648472999929], [-78.27298273699995, -4.661195222999936], [-78.26241598699994, -4.721044972999948], [-78.22268386199994, -4.661523597999974], [-78.18642286199997, -4.656103597999959], [-78.17018261199996, -4.637026472999935], [-78.14728573699995, -4.64318759799994], [-78.15366111199995, -4.662130597999976], [-78.13315836199996, -4.664878972999929], [-78.11973161199995, -4.697706472999926], [-78.15413861199994, -4.76269922299997], [-78.11930936199997, -4.842097472999967], [-78.12777598699995, -4.883294972999977], [-78.16517323699998, -4.936903097999959], [-78.14572048699995, -4.990753972999926], [-78.17918023699997, -4.995569222999961], [-78.19602536199994, -5.031427722999979], [-78.16770698699997, -5.080912097999942], [-78.13805298699998, -5.083982972999934], [-78.15801173699998, -5.116357472999937], [-78.09638086199999, -5.141896472999974], [-78.09724611199994, -5.169005722999941], [-78.07549473699999, -5.1747233479999295], [-78.05689711199994, -5.208591722999927], [-78.07450748699995, -5.2867205989999775], [-78.10614648699999, -5.341998098999966], [-78.08056373699998, -5.40237497399994], [-78.05543548699995, -5.413798848999932], [-78.05089798699998, -5.375054223999939], [-78.02179123699995, -5.365814973999932], [-77.95551511199994, -5.399720598999977], [-77.74528511199998, -5.133017597999981], [-77.77428673699995, -5.09717797299993], [-77.82227748699995, -5.081792722999978], [-77.81181738199996, -5.056345318999945], [-77.82461961199994, -5.031778722999945], [-77.75844548699996, -4.950052722999942], [-77.76015173699994, -4.90934509799996], [-77.79911348699994, -4.824592847999952], [-77.79468536199994, -4.7602168479999705], [-77.77187886199994, -4.7175585979999255], [-77.67257173699994, -4.630480347999935], [-77.65261323699997, -4.574570347999952], [-77.65545698699998, -4.518544972999962], [-77.64063086199997, -4.496515597999974], [-77.58908786199999, -4.48046484799994], [-77.56465786199993, -4.39487184799998], [-77.58555073699995, -4.25133397299993], [-77.54840536199998, -4.105404846999932], [-77.53787736199996, -3.9618994719999705], [-77.56901861199998, -3.893073971999968], [-77.56149361199994, -3.8761658469999247], [-77.65191411199999, -3.780562346999943], [-77.61562298699994, -3.7077187219999246], [-77.61996673699997, -3.622408221999933], [-77.64300961199996, -3.6193463469999756], [-77.66667298699997, -3.57187197199994], [-77.71645961199994, -3.5423050969999395], [-77.71513123699998, -3.5148535969999557], [-77.77254323699998, -3.428809471999955], [-77.78766411199996, -3.074775345999967], [-77.81398936199997, -2.992779470999949]]]}}, {"id": "4", "type": "Feature", "properties": {"idProv": "AMAZONAS - LUYA", "nombdep": "AMAZONAS", "nombprov": "LUYA"}, "geometry": {"type": "Polygon", "coordinates": [[[-78.13022998699995, -5.903699973999949], [-78.14504511199993, -5.943152723999958], [-78.13551111199996, -5.958206473999951], [-78.17240998699998, -5.994149973999981], [-78.16433223699994, -6.017266723999967], [-78.22238248699995, -6.061333723999951], [-78.28973848699997, -6.063193598999931], [-78.30377548699994, -6.085037848999946], [-78.34972286199996, -6.086869973999967], [-78.36811611299999, -6.108618348999926], [-78.37238998799995, -6.169039973999929], [-78.41936998799997, -6.188129973999935], [-78.41898623799995, -6.205714848999946], [-78.37008911299995, -6.239083973999925], [-78.36934348799997, -6.273293223999929], [-78.33538611199998, -6.3186794749999535], [-78.33264261199997, -6.352304724999954], [-78.29126023699996, -6.37251834999995], [-78.27709023699998, -6.39910384999996], [-78.24345173699999, -6.401710474999959], [-78.20998586199994, -6.458030224999959], [-78.19002948699995, -6.457016099999976], [-78.17383986199997, -6.493705474999956], [-78.15218111199994, -6.499826349999978], [-78.13763386199997, -6.5631735999999705], [-78.11667086199998, -6.5779975999999465], [-78.10715461199999, -6.6434304749999455], [-78.04983336199996, -6.683857474999968], [-78.03472648699994, -6.744664474999979], [-78.00885998699994, -6.7429599749999625], [-78.00102486199995, -6.721211849999975], [-77.95954848699995, -6.713947599999926], [-77.93596686199999, -6.689789099999928], [-77.90768948699997, -6.701141599999971], [-77.89281461199994, -6.734123974999932], [-77.83486998699993, -6.732969974999946], [-77.80228998699994, -6.706679974999929], [-77.79794998699998, -6.6568099749999305], [-77.87439998699995, -6.410589974999937], [-77.90586998699996, -6.3675799749999555], [-77.91988998699998, -6.368499974999963], [-77.94136998699997, -6.282859973999962], [-77.90281998699999, -6.2080699739999545], [-77.91050998699995, -6.1805699739999795], [-77.89103998699994, -6.100959973999977], [-77.97981998699998, -5.964799973999959], [-78.05753373699997, -5.974732598999935], [-78.07878998699994, -5.95411997399998], [-78.07657998699995, -5.916769973999976], [-78.12284998699994, -5.9202599739999755], [-78.13022998699995, -5.903699973999949]]]}}, {"id": "5", "type": "Feature", "properties": {"idProv": "AMAZONAS - RODRIGUEZ DE MENDOZA", "nombdep": "AMAZONAS", "nombprov": "RODRIGUEZ DE MENDOZA"}, "geometry": {"type": "Polygon", "coordinates": [[[-77.43011461199995, -6.061570348999965], [-77.47690486199997, -5.999967598999945], [-77.48902073699998, -6.028510973999971], [-77.53380886199994, -6.063371348999965], [-77.50651973699996, -6.089312848999953], [-77.49973523699998, -6.154003348999936], [-77.46898336199996, -6.184645223999951], [-77.52103348699995, -6.233041473999947], [-77.54384261199993, -6.292080098999975], [-77.56788286199998, -6.309462599999961], [-77.61757348699996, -6.280755973999931], [-77.62908723699996, -6.313742599999955], [-77.67004498699998, -6.339823849999959], [-77.70836998699997, -6.340929974999938], [-77.70431011199997, -6.361470724999947], [-77.75226323699997, -6.403551849999928], [-77.73260473699997, -6.453146474999926], [-77.72617823699994, -6.55205559999996], [-77.70672211199997, -6.559768224999971], [-77.70618448699997, -6.581590474999928], [-77.66654536199997, -6.57826072499995], [-77.65587298699995, -6.603662099999951], [-77.56876473699998, -6.638217724999947], [-77.54407423699996, -6.67699609999994], [-77.45646748699994, -6.680522349999933], [-77.40714648699998, -6.7267753499999685], [-77.38173298699996, -6.697589099999959], [-77.43788086199999, -6.602527349999946], [-77.39386986199997, -6.602688224999952], [-77.38051173699995, -6.569227974999933], [-77.34484673699995, -6.547229099999981], [-77.32635661199998, -6.468027349999943], [-77.27315861099999, -6.406530849999967], [-77.28665998699995, -6.331023474999938], [-77.24365311099996, -6.338120474999926], [-77.22145636099998, -6.3811327249999295], [-77.17173248599994, -6.3811699749999775], [-77.13242436099995, -6.304759474999969], [-77.21162673599997, -6.215840348999961], [-77.21919073599997, -6.194313098999942], [-77.20205673599997, -6.179714848999936], [-77.22436636099997, -6.14554684899997], [-77.28047848599994, -6.142209098999956], [-77.34642798699997, -6.114341098999944], [-77.35867936199998, -6.0728202239999405], [-77.38050011199994, -6.079985973999953], [-77.40460573699994, -6.034734348999962], [-77.41930473699995, -6.032380848999935], [-77.43011461199995, -6.061570348999965]]]}}, {"id": "6", "type": "Feature", "properties": {"idProv": "AMAZONAS - UTCUBAMBA", "nombdep": "AMAZONAS", "nombprov": "UTCUBAMBA"}, "geometry": {"type": "Polygon", "coordinates": [[[-78.07066273699996, -5.410414848999949], [-78.12125373699996, -5.328921848999926], [-78.14604198699999, -5.339903723999953], [-78.16340898699997, -5.386830348999979], [-78.22272661199997, -5.435253848999935], [-78.23886961199997, -5.470393723999962], [-78.31183036199997, -5.485992598999928], [-78.30315748699996, -5.500830973999939], [-78.33637111199994, -5.537892598999974], [-78.31483986199999, -5.6159354739999685], [-78.36813073799993, -5.626791473999958], [-78.44967998799996, -5.7325399739999625], [-78.50331123799998, -5.691557098999965], [-78.52607973799996, -5.647906098999954], [-78.56024648799996, -5.64658097399996], [-78.56368961299995, -5.627126598999951], [-78.54187298799997, -5.61076772399997], [-78.56684386299997, -5.594326348999971], [-78.55474736299999, -5.538074723999955], [-78.58299048799995, -5.550738598999942], [-78.62477098799997, -5.639364723999961], [-78.68633023799998, -5.698887973999945], [-78.65182211299998, -5.729758723999964], [-78.69129186299995, -5.749693473999969], [-78.71228973799998, -5.829488973999958], [-78.66028823799996, -5.9556044739999265], [-78.61121011299997, -6.016609973999948], [-78.60802423799998, -6.055612223999958], [-78.58462936299998, -6.078620973999932], [-78.51508823799998, -6.0725388489999546], [-78.41972811299996, -6.188424598999973], [-78.37238998799995, -6.169039973999929], [-78.36811611299999, -6.108618348999926], [-78.34972286199996, -6.086869973999967], [-78.30377548699994, -6.085037848999946], [-78.28973848699997, -6.063193598999931], [-78.22238248699995, -6.061333723999951], [-78.16433223699994, -6.017266723999967], [-78.17240998699998, -5.994149973999981], [-78.13551111199996, -5.958206473999951], [-78.13521998699997, -5.894239973999959], [-78.10364998699998, -5.855909973999928], [-78.07690998699996, -5.774189973999967], [-78.10509830399997, -5.757201063999958], [-77.98490998699998, -5.575809973999981], [-77.99102998699993, -5.51147997399994], [-77.93256448699998, -5.490943348999963], [-77.95784686199994, -5.3971488489999615], [-77.99239361199994, -5.391781973999969], [-78.02179123699995, -5.365814973999932], [-78.05151673699999, -5.376031098999931], [-78.04832973699996, -5.410526598999979], [-78.07066273699996, -5.410414848999949]]]}}, {"id": "7", "type": "Feature", "properties": {"idProv": "ANCASH - HUARAZ", "nombdep": "ANCASH", "nombprov": "HUARAZ"}, "geometry": {"type": "Polygon", "coordinates": [[[-77.39869948699999, -9.35563297699997], [-77.44338561199999, -9.350879476999978], [-77.54228911199993, -9.386591851999981], [-77.58493748699993, -9.375294976999953], [-77.58087473699999, -9.392252351999957], [-77.64368311199996, -9.432591226999932], [-77.64928811199997, -9.452799476999928], [-77.68138048699996, -9.417655726999953], [-77.67512898699994, -9.394381976999966], [-77.69048161199999, -9.377838476999955], [-77.74419598699996, -9.370708976999936], [-77.76578936199996, -9.40010347699996], [-77.76078411199995, -9.415817726999933], [-77.77891736199996, -9.425094351999974], [-77.83407686199996, -9.425908601999936], [-77.85699998699994, -9.402729976999979], [-77.93352998699999, -9.480789976999972], [-77.91583573699995, -9.49102185199996], [-77.94636411199997, -9.53970585299993], [-77.99367998699995, -9.53575997799993], [-77.97415198699997, -9.550483852999946], [-77.96079261199998, -9.615372352999941], [-78.00808998699995, -9.68314997799996], [-78.04188998699993, -9.689899977999971], [-78.00039998699998, -9.711569977999943], [-77.96761698699999, -9.706143977999943], [-77.98711923699994, -9.739451352999936], [-77.96162523699996, -9.779978977999974], [-77.86577461199994, -9.76380497799994], [-77.78277198699999, -9.800761352999928], [-77.75900198699998, -9.78657422799995], [-77.72368548699995, -9.694828102999963], [-77.66168948699999, -9.68655072799993], [-77.66427536199996, -9.660455102999947], [-77.62129886199995, -9.620830102999946], [-77.61367773699999, -9.64899810299994], [-77.59816798699995, -9.639736352999932], [-77.54161136199997, -9.705886727999939], [-77.53625148699996, -9.737866352999959], [-77.50309773699996, -9.662697227999956], [-77.42438139099994, -9.679717324999956], [-77.30402723699996, -9.670956727999965], [-77.26562361099997, -9.645888227999933], [-77.30984861199994, -9.572389102999978], [-77.30080561199998, -9.55500597799994], [-77.32619548699995, -9.471931476999941], [-77.30057461199993, -9.440230726999971], [-77.31971686199995, -9.42711135199994], [-77.31499823699994, -9.399058476999926], [-77.33009086199996, -9.38239172699997], [-77.35101861199996, -9.388461976999963], [-77.39869948699999, -9.35563297699997]]]}}, {"id": "8", "type": "Feature", "properties": {"idProv": "ANCASH - AIJA", "nombdep": "ANCASH", "nombprov": "AIJA"}, "geometry": {"type": "Polygon", "coordinates": [[[-77.61367773699999, -9.64899810299994], [-77.60905486199994, -9.629887852999957], [-77.62606573699998, -9.622543977999953], [-77.66427536199996, -9.660455102999947], [-77.66168948699999, -9.68655072799993], [-77.72368548699995, -9.694828102999963], [-77.75900198699998, -9.78657422799995], [-77.78079836199998, -9.800669477999975], [-77.86577461199994, -9.76380497799994], [-77.96162523699996, -9.779978977999974], [-77.90853273699997, -9.821656227999938], [-77.87542123699995, -9.81116160299996], [-77.83374023699997, -9.836341852999965], [-77.84371673699997, -9.844054727999946], [-77.82587011199996, -9.914280102999953], [-77.77978998699996, -9.90505997799994], [-77.76374998699998, -9.872429977999957], [-77.71204998699994, -9.83709997799997], [-77.66410998699996, -9.865329977999977], [-77.64125461199995, -9.85604710299998], [-77.47890423699994, -9.873769477999929], [-77.48895311199993, -9.819837852999967], [-77.52179723699999, -9.791565227999968], [-77.54161136199997, -9.705886727999939], [-77.59816798699995, -9.639736352999932], [-77.61367773699999, -9.64899810299994]]]}}, {"id": "9", "type": "Feature", "properties": {"idProv": "ANCASH - ANTONIO RAIMONDI", "nombdep": "ANCASH", "nombprov": "ANTONIO RAIMONDI"}, "geometry": {"type": "Polygon", "coordinates": [[[-77.08855861099994, -8.974964851999971], [-77.12278511099998, -8.978054726999972], [-77.11132998599999, -9.008359976999941], [-77.15239398599994, -9.033718976999978], [-77.14101523599999, -9.09133585199993], [-77.16546961099993, -9.105790476999971], [-77.15428023599998, -9.142734476999976], [-77.17387123599997, -9.159956226999952], [-77.14221286099996, -9.202418101999967], [-77.08441211099995, -9.182482351999965], [-77.08642998599998, -9.264409976999957], [-77.01231523599995, -9.298780351999937], [-76.96005536099995, -9.207220976999963], [-76.94534061099995, -9.074959226999965], [-76.98075323599994, -9.06259722699997], [-77.03570898599997, -8.999958976999949], [-77.08855861099994, -8.974964851999971]]]}}, {"id": "10", "type": "Feature", "properties": {"idProv": "ANCASH - ASUNCION", "nombdep": "ANCASH", "nombprov": "ASUNCION"}, "geometry": {"type": "Polygon", "coordinates": [[[-77.36199998699993, -9.064989976999925], [-77.43586998699999, -9.058329976999971], [-77.44873998699995, -9.086709976999941], [-77.49364123699996, -9.109288351999965], [-77.52849523699996, -9.15759135199994], [-77.53237836199997, -9.19859547699997], [-77.51653486199996, -9.205782476999957], [-77.51082711199996, -9.254347226999926], [-77.48251023699999, -9.254195976999938], [-77.47750323699995, -9.27080510199994], [-77.40897948699995, -9.273131601999978], [-77.31918411199996, -9.324105601999975], [-77.30897536199996, -9.283301976999951], [-77.27529661099999, -9.27826947699998], [-77.26280011099993, -9.198685976999968], [-77.29266598699996, -9.183398976999968], [-77.31928086199997, -9.13724235199993], [-77.36601998699996, -9.113879976999954], [-77.36199998699993, -9.064989976999925]]]}}, {"id": "11", "type": "Feature", "properties": {"idProv": "ANCASH - BOLOGNESI", "nombdep": "ANCASH", "nombprov": "BOLOGNESI"}, "geometry": {"type": "Polygon", "coordinates": [[[-76.94433598599994, -9.70391597799994], [-76.98104298599998, -9.724568352999938], [-76.97383398599999, -9.760236352999925], [-77.02384173599995, -9.704326227999957], [-77.03432773599997, -9.709346602999972], [-77.02779886099995, -9.76412110299998], [-77.04771486099997, -9.795179727999937], [-77.09898086099997, -9.806212977999962], [-77.09487698599997, -9.840815477999968], [-77.15880236099997, -9.827160727999967], [-77.18713473599996, -9.83621285299995], [-77.17340536099994, -9.911980852999932], [-77.18905248599998, -9.929491102999975], [-77.21903186099996, -9.919502602999955], [-77.22343886099998, -9.951990852999927], [-77.20560411099996, -9.967025102999969], [-77.22435736099999, -10.037890602999937], [-77.20792736099997, -10.061535352999954], [-77.21624161099999, -10.086804977999975], [-77.20156048599995, -10.092171727999926], [-77.20877923599994, -10.132480477999934], [-77.24948998599996, -10.136509977999935], [-77.28044923599998, -10.160314477999975], [-77.32052961199997, -10.127044227999932], [-77.34233623699998, -10.130837227999962], [-77.34587004099996, -10.160420016999979], [-77.40064998699995, -10.132149977999973], [-77.45867004099995, -10.156160016999934], [-77.51681498699998, -10.147897102999934], [-77.55389998699997, -10.186409977999972], [-77.57532311199998, -10.249860227999932], [-77.67440436199996, -10.206711477999932], [-77.69642736199995, -10.256850352999948], [-77.69875173699995, -10.322104102999958], [-77.65125361199995, -10.344611227999962], [-77.63062873699994, -10.322069602999932], [-77.59937298699998, -10.38333397799994], [-77.52363848699997, -10.387399727999934], [-77.50048311199998, -10.347975727999938], [-77.48147823699998, -10.346228602999929], [-77.46252148699995, -10.275658352999926], [-77.39914648699994, -10.272048852999944], [-77.35950386199994, -10.29203322799998], [-77.32712261199998, -10.256219352999949], [-77.30114061199998, -10.284771602999967], [-77.25552511099994, -10.25378597799994], [-77.22886386099998, -10.331041227999947], [-77.15820998599997, -10.361919977999946], [-77.17218998599998, -10.44400997799994], [-77.18931998599999, -10.457929977999981], [-77.17603998599998, -10.483129977999965], [-77.07161148599994, -10.33810385299995], [-77.01362411099996, -10.31558910299998], [-77.00549586099999, -10.28327947799994], [-76.96545148599995, -10.305378602999951], [-76.93600923599996, -10.278506102999927], [-76.90624611099997, -10.274185602999978], [-76.91569723599997, -10.120427727999981], [-76.87988673599995, -10.116552727999931], [-76.87133786099997, -10.09430072799995], [-76.85358011099999, -10.101779352999927], [-76.84323823599993, -10.086785102999954], [-76.80718948599997, -10.084478477999937], [-76.82502736099997, -10.009232477999944], [-76.81367573599994, -9.96083197799993], [-76.84186148599997, -9.930621102999964], [-76.89775786099995, -9.80928910299997], [-76.90158398599993, -9.769701227999974], [-76.94433598599994, -9.70391597799994]]]}}, {"id": "12", "type": "Feature", "properties": {"idProv": "ANCASH - CARHUAZ", "nombdep": "ANCASH", "nombprov": "CARHUAZ"}, "geometry": {"type": "Polygon", "coordinates": [[[-77.52883673699995, -9.084817976999943], [-77.57240223699995, -9.085765351999953], [-77.60131998699995, -9.10893522699996], [-77.59078823699997, -9.171534101999953], [-77.61731086199995, -9.21476635199997], [-77.64405161199994, -9.197271351999973], [-77.66217111199995, -9.240915601999973], [-77.68064211199999, -9.246450726999967], [-77.68929673699995, -9.224164726999959], [-77.72450748699998, -9.27639910199997], [-77.76649411199998, -9.29262697699994], [-77.77653023699997, -9.314682476999963], [-77.74419598699996, -9.370708976999936], [-77.68392186199998, -9.383638726999948], [-77.68138048699996, -9.417655726999953], [-77.64928811199997, -9.452799476999928], [-77.64368311199996, -9.432591226999932], [-77.58087473699999, -9.392252351999957], [-77.58493748699993, -9.375294976999953], [-77.54228911199993, -9.386591851999981], [-77.53000511199997, -9.372714726999959], [-77.39763673699997, -9.346607476999964], [-77.35101861199996, -9.388461976999963], [-77.33009086199996, -9.38239172699997], [-77.32568248699994, -9.310049601999935], [-77.40897948699995, -9.273131601999978], [-77.47904236199997, -9.270515601999932], [-77.48093861199999, -9.254981726999972], [-77.51277923699996, -9.251931601999956], [-77.53352348699997, -9.172806976999937], [-77.49046036199996, -9.106671851999977], [-77.52883673699995, -9.084817976999943]]]}}, {"id": "13", "type": "Feature", "properties": {"idProv": "ANCASH - CARLOS FERMIN FITZCARRALD", "nombdep": "ANCASH", "nombprov": "CARLOS FERMIN FITZCARRALD"}, "geometry": {"type": "Polygon", "coordinates": [[[-77.10249023599994, -8.960947226999963], [-77.15953323599996, -8.897103476999973], [-77.17511961099996, -8.926954601999967], [-77.32046998699997, -8.945439976999978], [-77.35902998699999, -8.970589976999975], [-77.36601998699996, -9.113879976999954], [-77.31928086199997, -9.13724235199993], [-77.26205161099995, -9.207787226999926], [-77.22155661099998, -9.167578101999936], [-77.15442023599996, -9.143398101999935], [-77.16841061099996, -9.12156622699996], [-77.14101523599999, -9.09133585199993], [-77.15239398599994, -9.033718976999978], [-77.11161998599994, -9.00883997699998], [-77.12278598599994, -8.978056726999966], [-77.10249023599994, -8.960947226999963]]]}}, {"id": "14", "type": "Feature", "properties": {"idProv": "ANCASH - CASMA", "nombdep": "ANCASH", "nombprov": "CASMA"}, "geometry": {"type": "Polygon", "coordinates": [[[-78.25887111199995, -9.201482601999942], [-78.28212523699995, -9.22318710199994], [-78.29937873699998, -9.216270726999937], [-78.33601211199993, -9.263090976999933], [-78.36268548799995, -9.264861351999969], [-78.38361561299996, -9.326188351999974], [-78.41172536299996, -9.353440976999934], [-78.42894336299997, -9.349425726999925], [-78.40939448799998, -9.363759726999945], [-78.43372848799999, -9.390374976999965], [-78.41775786299996, -9.426154351999969], [-78.38011136299997, -9.445490226999937], [-78.40471498799997, -9.475085976999935], [-78.39126761299997, -9.531017727999938], [-78.36638473799997, -9.55891410299995], [-78.36686723799994, -9.629685602999928], [-78.34336911199995, -9.632910102999972], [-78.29434173699997, -9.705425727999966], [-78.29589448699994, -9.726290977999952], [-78.22621098699994, -9.795281227999965], [-78.14482773699996, -9.714579102999949], [-78.08740423699999, -9.720489977999932], [-78.05826998699996, -9.689169977999939], [-78.00713998699996, -9.682209977999946], [-77.95890286199995, -9.605399602999967], [-77.97415198699997, -9.550483852999946], [-77.99367998699995, -9.53575997799993], [-77.94636411199997, -9.53970585299993], [-77.91583573699995, -9.49102185199996], [-77.93352998699999, -9.480789976999972], [-77.90099998699998, -9.442229976999954], [-77.93269336199995, -9.394906226999979], [-77.99586036199997, -9.44618647699997], [-78.03388148699997, -9.409996726999964], [-78.00331636199996, -9.380970726999976], [-78.06041248699995, -9.33468722699996], [-78.05760998699998, -9.272013976999972], [-78.11574823699993, -9.257339226999932], [-78.14239998699998, -9.268555351999964], [-78.21128461199999, -9.208968101999972], [-78.25887111199995, -9.201482601999942]]]}}, {"id": "15", "type": "Feature", "properties": {"idProv": "ANCASH - CORONGO", "nombdep": "ANCASH", "nombprov": "CORONGO"}, "geometry": {"type": "Polygon", "coordinates": [[[-77.79376936199998, -8.386999600999957], [-77.87645236199995, -8.397753600999977], [-77.88121111199996, -8.440455975999953], [-77.91631248699997, -8.457982476999973], [-77.93392186199998, -8.449294976999965], [-77.94895886199998, -8.480830726999955], [-77.97593898699995, -8.475774101999946], [-77.96831873699995, -8.504084726999963], [-77.99185161199995, -8.531687476999934], [-78.07773673699995, -8.56886885199998], [-78.09576936199994, -8.59712322699994], [-78.12177911199996, -8.59621147699994], [-78.13048998699998, -8.617141601999947], [-78.11109173699998, -8.655503851999981], [-78.02911998699994, -8.675969976999966], [-78.00883998699999, -8.666979976999926], [-77.95612998699994, -8.699359976999972], [-77.92029998699996, -8.747619976999943], [-77.87994998699997, -8.68403997699994], [-77.72073023699994, -8.65653147699993], [-77.69566223699996, -8.602331351999965], [-77.70915098699999, -8.586270601999956], [-77.68866061199998, -8.576356976999932], [-77.71421861199997, -8.54035160199993], [-77.70304136199996, -8.510874851999972], [-77.76454148699997, -8.44160947599994], [-77.75915361199998, -8.403366225999946], [-77.79376936199998, -8.386999600999957]]]}}, {"id": "16", "type": "Feature", "properties": {"idProv": "ANCASH - HUARI", "nombdep": "ANCASH", "nombprov": "HUARI"}, "geometry": {"type": "Polygon", "coordinates": [[[-76.92494498599996, -9.073297226999955], [-76.94539911099997, -9.074831226999947], [-76.96005536099995, -9.207220976999963], [-77.01231523599995, -9.298780351999937], [-77.08642998599998, -9.264409976999957], [-77.08441211099995, -9.182482351999965], [-77.14221286099996, -9.202418101999967], [-77.18606648599996, -9.15498897699996], [-77.26205161099995, -9.207787226999926], [-77.27529661099999, -9.27826947699998], [-77.31520148699997, -9.290684476999957], [-77.33455623699996, -9.352721601999974], [-77.31477286199998, -9.400185101999966], [-77.31971686199995, -9.42711135199994], [-77.30057461199993, -9.440230726999971], [-77.32619548699995, -9.471931476999941], [-77.30080561199998, -9.55500597799994], [-77.30941036199994, -9.574559852999926], [-77.22772861099997, -9.71324472799995], [-77.24402761099998, -9.807592977999946], [-77.20165586099995, -9.831915477999928], [-77.09487698599997, -9.840815477999968], [-77.09898086099997, -9.806212977999962], [-77.04771486099997, -9.795179727999937], [-77.02779886099995, -9.76412110299998], [-77.03569886099996, -9.718854852999925], [-77.02227348599996, -9.702248102999931], [-77.04715036099998, -9.632531227999948], [-76.99516011099996, -9.603331977999972], [-76.98024411099993, -9.564031227999976], [-76.95511136099998, -9.56029885299995], [-76.93755073599993, -9.525367227999936], [-76.95329486099996, -9.46747847699993], [-76.93030473599998, -9.43318560199998], [-76.93523623599998, -9.398548851999976], [-76.84670698599996, -9.264212851999957], [-76.83396486099997, -9.266007851999973], [-76.81548236099997, -9.326461976999951], [-76.76589773599994, -9.367196976999935], [-76.74080873599996, -9.330751101999965], [-76.72836111099997, -9.23291822699997], [-76.76893761099996, -9.157016226999929], [-76.79582173599994, -9.133137601999977], [-76.87317261099997, -9.11252435199998], [-76.92494498599996, -9.073297226999955]]]}}, {"id": "17", "type": "Feature", "properties": {"idProv": "ANCASH - HUARMEY", "nombdep": "ANCASH", "nombprov": "HUARMEY"}, "geometry": {"type": "Polygon", "coordinates": [[[-78.05520961199994, -9.689733227999966], [-78.08740423699999, -9.720489977999932], [-78.14482773699996, -9.714579102999949], [-78.22164823699995, -9.77871085299995], [-78.24378511199996, -9.868488227999933], [-78.22450973699995, -9.90722260299998], [-78.23437085499995, -9.951260819999959], [-78.20807611199996, -9.966769477999947], [-78.17576761199996, -10.043955102999973], [-78.16574223699996, -10.091949227999976], [-78.18501761199997, -10.109388727999942], [-78.10158386199998, -10.201105477999931], [-78.08100786199998, -10.248318352999945], [-78.08707423699997, -10.277117227999952], [-78.05683011199994, -10.303456977999929], [-78.05522661199996, -10.345365227999935], [-78.01060348699997, -10.374699102999955], [-78.00070698699994, -10.397468727999978], [-78.01441598699995, -10.411244102999945], [-77.98040623699995, -10.439374977999933], [-77.96560736199996, -10.492970727999932], [-77.90816011199996, -10.544287102999931], [-77.88627506699999, -10.61195583999995], [-77.83968843599996, -10.567918823999946], [-77.79968336199994, -10.585323227999936], [-77.77137648699994, -10.571614602999944], [-77.77066986199998, -10.515671852999958], [-77.79880473699995, -10.477021477999926], [-77.74987161199994, -10.406796102999976], [-77.75250745399995, -10.321895452999968], [-77.69875173699995, -10.322104102999958], [-77.69642736199995, -10.256850352999948], [-77.65625761199993, -10.151978477999933], [-77.69807423699996, -10.143669977999934], [-77.69968048699997, -10.108532477999972], [-77.72186523699997, -10.078679227999942], [-77.70997011199995, -10.05244597799998], [-77.75344048699998, -10.042819227999928], [-77.77339598699996, -9.99763222799993], [-77.63186998699996, -10.022289977999947], [-77.60816973699997, -9.950135977999935], [-77.55031711199996, -9.87846247799996], [-77.64125461199995, -9.85604710299998], [-77.66410998699996, -9.865329977999977], [-77.71204998699994, -9.83709997799997], [-77.76374998699998, -9.872429977999957], [-77.77978998699996, -9.90505997799994], [-77.82587011199996, -9.914280102999953], [-77.84371673699997, -9.844054727999946], [-77.83374023699997, -9.836341852999965], [-77.87542123699995, -9.81116160299996], [-77.90853273699997, -9.821656227999938], [-77.95748048699994, -9.78783985299998], [-77.98711923699994, -9.739451352999936], [-77.96761698699999, -9.706143977999943], [-77.99955998699994, -9.711729977999937], [-78.05520961199994, -9.689733227999966]]]}}, {"id": "18", "type": "Feature", "properties": {"idProv": "ANCASH - HUAYLAS", "nombdep": "ANCASH", "nombprov": "HUAYLAS"}, "geometry": {"type": "Polygon", "coordinates": [[[-77.71790686199995, -8.661067351999975], [-77.77233584399994, -8.67393279099997], [-77.80076998699997, -8.661109976999967], [-77.87987998699998, -8.68400997699996], [-77.91974998699999, -8.747539976999974], [-77.95663998699996, -8.699029976999952], [-77.98201373699999, -8.692876601999956], [-77.99550623699997, -8.707153476999963], [-78.01528986199997, -8.755683726999962], [-77.99145273699997, -8.79939247699997], [-78.00063886199996, -8.842802726999935], [-77.94197298699999, -8.920022476999975], [-77.95571586199998, -8.95477597699994], [-77.94244398699993, -8.978575476999936], [-78.06055873699995, -9.088902226999949], [-78.06205523699998, -9.129008976999955], [-78.01633786199994, -9.16719335199997], [-78.07383011199994, -9.17234372699994], [-78.06864998699996, -9.21305485199997], [-78.04255661199994, -9.241621101999954], [-77.92782611199993, -9.246117226999957], [-77.89512698699997, -9.261451351999938], [-77.86126761199995, -9.251189601999954], [-77.83947073699994, -9.217574226999943], [-77.79660398699997, -9.228870601999972], [-77.77731448699996, -9.185980976999929], [-77.78294000099999, -9.083209986999975], [-77.69981448699997, -9.056933601999958], [-77.61456173699997, -8.993812601999934], [-77.61362448699998, -8.956515976999981], [-77.58791936199998, -8.940793351999957], [-77.57426573699996, -8.900442976999955], [-77.60829161199996, -8.872234226999979], [-77.58105148699997, -8.818333976999952], [-77.58120098699999, -8.77111660199995], [-77.71790686199995, -8.661067351999975]]]}}, {"id": "19", "type": "Feature", "properties": {"idProv": "ANCASH - MARISCAL LUZURIAGA", "nombdep": "ANCASH", "nombprov": "MARISCAL LUZURIAGA"}, "geometry": {"type": "Polygon", "coordinates": [[[-77.27976998599996, -8.702819976999933], [-77.38676998699998, -8.763479976999974], [-77.40053873699998, -8.795338976999972], [-77.43793136199997, -8.813496226999973], [-77.44713004099998, -8.838320015999955], [-77.36779998699996, -8.908559976999982], [-77.48647998699994, -8.905619976999958], [-77.51482048699995, -8.92336372699998], [-77.52709186199996, -8.90416722699996], [-77.56345311199993, -8.903373101999932], [-77.54432748699998, -8.92866085199995], [-77.56191998699995, -8.953669976999947], [-77.55196998699995, -8.98865997699994], [-77.49220998699997, -9.008219976999953], [-77.44570998699999, -8.99005997699993], [-77.38959998699994, -8.995749976999946], [-77.32046998699997, -8.945439976999978], [-77.16929998599994, -8.921479976999933], [-77.15953323599996, -8.897103476999973], [-77.17426361099996, -8.834494101999951], [-77.24736136099995, -8.712763726999981], [-77.27976998599996, -8.702819976999933]]]}}, {"id": "20", "type": "Feature", "properties": {"idProv": "ANCASH - OCROS", "nombdep": "ANCASH", "nombprov": "OCROS"}, "geometry": {"type": "Polygon", "coordinates": [[[-77.24475936099998, -10.26636347799996], [-77.26210473599997, -10.252676852999969], [-77.30247986199998, -10.284632477999935], [-77.32712261199998, -10.256219352999949], [-77.35950386199994, -10.29203322799998], [-77.39914648699994, -10.272048852999944], [-77.46252148699995, -10.275658352999926], [-77.48147823699998, -10.346228602999929], [-77.51633198699994, -10.363530227999945], [-77.52271761199995, -10.387197602999947], [-77.59811173699995, -10.382851477999964], [-77.68673611199995, -10.43402072799995], [-77.71059423699995, -10.503848602999938], [-77.74313936199997, -10.52897172799993], [-77.74579737799996, -10.558284173999937], [-77.71008343599993, -10.56017040599994], [-77.62474190299997, -10.502034567999942], [-77.60132286399994, -10.509303710999973], [-77.64533670899993, -10.58285621899995], [-77.61950846299999, -10.614245597999968], [-77.60494036199998, -10.590129352999952], [-77.57425136199998, -10.588413352999964], [-77.59058111399997, -10.645564024999942], [-77.56314383099993, -10.70942811499998], [-77.59119183199994, -10.786449562999962], [-77.52394711199997, -10.734982103999926], [-77.49147548699995, -10.746037978999937], [-77.39525161199998, -10.717806603999975], [-77.39530998699996, -10.66153997899994], [-77.29227998699997, -10.556649977999939], [-77.19098998599998, -10.552129977999925], [-77.16730998599996, -10.508139977999974], [-77.18995998599996, -10.464109977999954], [-77.17218998599998, -10.44400997799994], [-77.15820998599997, -10.361919977999946], [-77.22886386099998, -10.331041227999947], [-77.24475936099998, -10.26636347799996]]]}}, {"id": "21", "type": "Feature", "properties": {"idProv": "ANCASH - PALLASCA", "nombdep": "ANCASH", "nombprov": "PALLASCA"}, "geometry": {"type": "Polygon", "coordinates": [[[-77.64696998699998, -8.05085997599997], [-77.78578486199996, -8.079198850999944], [-77.85220811199997, -8.074779475999946], [-77.86791086199997, -8.05589035099996], [-77.89694048699994, -8.063226225999927], [-77.93320998699994, -8.197009958999956], [-78.01862998699994, -8.224319975999947], [-78.03679998699994, -8.255949975999954], [-78.11942998699999, -8.313649975999965], [-78.10838998699995, -8.338109975999942], [-78.13749998699996, -8.368669975999978], [-78.15738998699999, -8.478849976999982], [-78.21688998699994, -8.557259976999944], [-78.19439998699994, -8.604229976999932], [-78.23255998699995, -8.657779976999961], [-78.20406998699997, -8.660009976999959], [-78.19375998699996, -8.68883997699993], [-78.16563998699996, -8.695009976999927], [-78.15185998699997, -8.669619976999968], [-78.10579998699995, -8.659821101999967], [-78.12585998699996, -8.600486726999975], [-78.09576936199994, -8.59712322699994], [-78.07773673699995, -8.56886885199998], [-77.99185161199995, -8.531687476999934], [-77.96831873699995, -8.504084726999963], [-77.97593898699995, -8.475774101999946], [-77.94895886199998, -8.480830726999955], [-77.93392186199998, -8.449294976999965], [-77.91631248699997, -8.457982476999973], [-77.88121111199996, -8.440455975999953], [-77.87645236199995, -8.397753600999977], [-77.85282598699996, -8.403261225999927], [-77.74415623699997, -8.362650350999957], [-77.70321261199996, -8.307597225999928], [-77.66629011199996, -8.312034600999937], [-77.63562998699996, -8.269209975999956], [-77.57033998699995, -8.255179975999965], [-77.57332148699999, -8.212485975999925], [-77.55699998699998, -8.19424997599998], [-77.63666336199998, -8.108586100999958], [-77.61882998699997, -8.079829975999928], [-77.64696998699998, -8.05085997599997]]]}}, {"id": "22", "type": "Feature", "properties": {"idProv": "ANCASH - POMABAMBA", "nombdep": "ANCASH", "nombprov": "POMABAMBA"}, "geometry": {"type": "Polygon", "coordinates": [[[-77.31199511199998, -8.531147226999963], [-77.36601748699997, -8.507086976999972], [-77.48992136199996, -8.590674976999935], [-77.50506673699994, -8.651243351999938], [-77.48600786199995, -8.683431601999928], [-77.54040623699996, -8.702394476999928], [-77.58596098699996, -8.740589851999971], [-77.58043248699994, -8.814641226999981], [-77.59762498699996, -8.833767601999966], [-77.60462611199995, -8.886709726999982], [-77.52709186199996, -8.90416722699996], [-77.51482048699995, -8.92336372699998], [-77.48647998699994, -8.905619976999958], [-77.36779998699996, -8.908559976999982], [-77.44713004099998, -8.838320015999955], [-77.43793136199997, -8.813496226999973], [-77.40102548699997, -8.795786851999935], [-77.39500386199995, -8.770097601999964], [-77.36628998699996, -8.749749976999965], [-77.28037998599996, -8.702889976999927], [-77.26114998599996, -8.714809976999959], [-77.24618948599993, -8.703156226999965], [-77.26059573599997, -8.648521476999974], [-77.29364261199999, -8.637025351999966], [-77.28871686199994, -8.589769351999962], [-77.31199511199998, -8.531147226999963]]]}}, {"id": "23", "type": "Feature", "properties": {"idProv": "ANCASH - RECUAY", "nombdep": "ANCASH", "nombprov": "RECUAY"}, "geometry": {"type": "Polygon", "coordinates": [[[-77.26525161099994, -9.653122602999929], [-77.32691886199996, -9.678933227999948], [-77.33504136199997, -9.665491477999979], [-77.42438139099994, -9.679717324999956], [-77.50405261199995, -9.663259727999957], [-77.53625148699996, -9.737866352999959], [-77.52145311199996, -9.792271727999946], [-77.48895311199993, -9.819837852999967], [-77.47890423699994, -9.873769477999929], [-77.53772661199997, -9.86126760299993], [-77.55249023699997, -9.872179727999935], [-77.60816973699997, -9.950135977999935], [-77.63186998699996, -10.022289977999947], [-77.72752998699997, -10.013789977999977], [-77.76936486199997, -9.990904727999975], [-77.77489098699994, -10.01167460299996], [-77.75344048699998, -10.042819227999928], [-77.70997011199995, -10.05244597799998], [-77.72186523699997, -10.078679227999942], [-77.69968048699997, -10.108532477999972], [-77.69807423699996, -10.143669977999934], [-77.65740011199995, -10.14686635299995], [-77.67650586199994, -10.200136602999976], [-77.66708998699994, -10.216427352999972], [-77.57532311199998, -10.249860227999932], [-77.55389998699997, -10.186409977999972], [-77.51681498699998, -10.147897102999934], [-77.45867004099995, -10.156160016999934], [-77.40064998699995, -10.132149977999973], [-77.34587004099996, -10.160420016999979], [-77.34233623699998, -10.130837227999962], [-77.32052961199997, -10.127044227999932], [-77.28044923599998, -10.160314477999975], [-77.24948998599996, -10.136509977999935], [-77.20780273599996, -10.13117572799996], [-77.20156048599995, -10.092171727999926], [-77.21624161099999, -10.086804977999975], [-77.20792736099997, -10.061535352999954], [-77.22435736099999, -10.037890602999937], [-77.20560411099996, -9.967025102999969], [-77.22337045699999, -9.952539373999969], [-77.22015723599998, -9.924546477999968], [-77.18905248599998, -9.929491102999975], [-77.17327723599999, -9.910494227999948], [-77.18739223599994, -9.835129477999942], [-77.24402761099998, -9.807592977999946], [-77.22772861099997, -9.71324472799995], [-77.26525161099994, -9.653122602999929]]]}}, {"id": "24", "type": "Feature", "properties": {"idProv": "ANCASH - SANTA", "nombdep": "ANCASH", "nombprov": "SANTA"}, "geometry": {"type": "Polygon", "coordinates": [[[-78.20406998699997, -8.660009976999959], [-78.35480998699995, -8.673279976999936], [-78.43841436299994, -8.732746601999963], [-78.55160623799998, -8.77503760199994], [-78.58828111299994, -8.858677476999958], [-78.57648473799998, -8.88904660199995], [-78.58994361299995, -8.942622351999944], [-78.65848048799995, -8.986304726999947], [-78.62238852499996, -9.017048613999975], [-78.63864894899996, -9.047483994999936], [-78.62991211299999, -9.073570351999933], [-78.58875338399997, -9.079593820999946], [-78.56163705799997, -9.119073703999959], [-78.56777348799994, -9.167835976999982], [-78.60993361299995, -9.16010935199995], [-78.61017973799994, -9.176206976999936], [-78.57704098799996, -9.19473822699996], [-78.58381248799998, -9.20335935199995], [-78.55387886299997, -9.235123101999932], [-78.56218548799995, -9.181742226999972], [-78.53324223799996, -9.174615226999947], [-78.49627998799997, -9.189509976999943], [-78.49179998799997, -9.25086997699998], [-78.52552348799998, -9.274564476999956], [-78.49886511299997, -9.286921851999978], [-78.48133011299996, -9.333337851999943], [-78.46085548799994, -9.316185601999962], [-78.41843836299995, -9.355126601999928], [-78.38361561299996, -9.326188351999974], [-78.36192798799993, -9.264070601999947], [-78.33601211199993, -9.263090976999933], [-78.29937873699998, -9.216270726999937], [-78.28110548699993, -9.222792976999926], [-78.26080436199999, -9.200922726999977], [-78.21128461199999, -9.208968101999972], [-78.14239998699998, -9.268555351999964], [-78.11574823699993, -9.257339226999932], [-78.05609949899997, -9.274701240999946], [-78.03716761199996, -9.243706976999931], [-78.06775236199996, -9.214805101999957], [-78.07383011199994, -9.17234372699994], [-78.01633786199994, -9.16719335199997], [-78.06205523699998, -9.129008976999955], [-78.06055873699995, -9.088902226999949], [-77.94244398699993, -8.978575476999936], [-77.95571586199998, -8.95477597699994], [-77.94170448699998, -8.920771851999973], [-77.98336598699996, -8.880417101999967], [-77.98602786199996, -8.848430726999936], [-78.00077148699995, -8.841919976999975], [-77.99145273699997, -8.79939247699997], [-78.01528986199997, -8.761675976999982], [-77.99550623699997, -8.707153476999963], [-77.97249998699994, -8.687649976999978], [-78.07379998699997, -8.656759976999979], [-78.15185998699997, -8.669619976999968], [-78.16370998699995, -8.694469976999926], [-78.18379998699999, -8.694269976999976], [-78.20406998699997, -8.660009976999959]]]}}, {"id": "25", "type": "Feature", "properties": {"idProv": "ANCASH - SIHUAS", "nombdep": "ANCASH", "nombprov": "SIHUAS"}, "geometry": {"type": "Polygon", "coordinates": [[[-77.54450998699997, -8.238199975999976], [-77.56570998699993, -8.237389975999974], [-77.57901998699998, -8.261689975999957], [-77.63487998699998, -8.26876997599993], [-77.65974411199994, -8.308044975999962], [-77.70321261199996, -8.307597225999928], [-77.74415623699997, -8.362650350999957], [-77.79885936199997, -8.381187350999937], [-77.78218161199999, -8.40324022599998], [-77.75915361199998, -8.403366225999946], [-77.76454148699997, -8.44160947599994], [-77.70304136199996, -8.510874851999972], [-77.71421861199997, -8.54035160199993], [-77.68866061199998, -8.576356976999932], [-77.70915098699999, -8.586270601999956], [-77.69566223699996, -8.602331351999965], [-77.72073023699994, -8.65653147699993], [-77.65573073699994, -8.723484851999956], [-77.59274311199994, -8.757665226999961], [-77.54169723699994, -8.703194851999967], [-77.48600786199995, -8.683431601999928], [-77.50506673699994, -8.651243351999938], [-77.48772836199998, -8.588140101999954], [-77.36601748699997, -8.507086976999972], [-77.40004973699996, -8.48263372699995], [-77.40587748699994, -8.440884725999979], [-77.43835548699997, -8.422328100999948], [-77.45889636199996, -8.335655975999941], [-77.47828473699997, -8.326065100999926], [-77.49136848699999, -8.282553100999962], [-77.52710998699996, -8.267619975999935], [-77.54450998699997, -8.238199975999976]]]}}, {"id": "26", "type": "Feature", "properties": {"idProv": "ANCASH - YUNGAY", "nombdep": "ANCASH", "nombprov": "YUNGAY"}, "geometry": {"type": "Polygon", "coordinates": [[[-77.57343711199997, -8.900923101999979], [-77.63235723699995, -9.00975997699993], [-77.71961536199996, -9.06713535199998], [-77.78294000099999, -9.083209986999975], [-77.77304061199999, -9.10171272699995], [-77.78977586199994, -9.224560351999969], [-77.83947073699994, -9.217574226999943], [-77.86126761199995, -9.251189601999954], [-77.89512698699997, -9.261451351999938], [-77.92782611199993, -9.246117226999957], [-78.04432573699995, -9.245704101999934], [-78.06058111199997, -9.334211976999939], [-78.00331636199996, -9.380970726999976], [-78.03319323699998, -9.40870210199995], [-78.02718436199996, -9.42164410199996], [-77.99294948699998, -9.446605601999977], [-77.93269336199995, -9.394906226999979], [-77.90099998699998, -9.442229976999954], [-77.85699998699994, -9.402729976999979], [-77.83407686199996, -9.425908601999936], [-77.76652773699999, -9.422072851999928], [-77.74270548699997, -9.359433226999954], [-77.77545548699999, -9.323261851999973], [-77.76709761199999, -9.29329097699997], [-77.72513673699996, -9.27702847699993], [-77.68929673699995, -9.224164726999959], [-77.68064211199999, -9.246450726999967], [-77.66477086199995, -9.243049851999956], [-77.64405161199994, -9.197271351999973], [-77.61731086199995, -9.21476635199997], [-77.59078823699997, -9.171534101999953], [-77.59600261199995, -9.103240351999943], [-77.53508973699996, -9.08194397699998], [-77.48230648699996, -9.106919976999961], [-77.44873998699995, -9.086709976999941], [-77.43488998699996, -9.057889976999945], [-77.36199998699993, -9.064989976999925], [-77.35949998699994, -8.977239976999954], [-77.38959998699994, -8.995749976999946], [-77.51786998699998, -9.005199976999961], [-77.55398998699997, -8.985769976999961], [-77.56191998699995, -8.953669976999947], [-77.54432748699998, -8.92866085199995], [-77.57343711199997, -8.900923101999979]]]}}, {"id": "27", "type": "Feature", "properties": {"idProv": "APURIMAC - ABANCAY", "nombdep": "APURIMAC", "nombprov": "ABANCAY"}, "geometry": {"type": "Polygon", "coordinates": [[[-72.89408610699996, -13.390126605999967], [-72.97706473199997, -13.38817323099994], [-73.00722498299996, -13.42305310599994], [-73.04405160799996, -13.411962480999932], [-73.06044423299994, -13.438020355999981], [-73.09728835799996, -13.448876105999943], [-73.15027298299998, -13.423913605999928], [-73.16016435799997, -13.443338230999927], [-73.14164098299995, -13.449633105999965], [-73.12704585799997, -13.48583010599998], [-73.04847998299994, -13.531099980999954], [-73.04198998999993, -13.562479996999969], [-73.01595998299996, -13.56480998099994], [-72.98656473199998, -13.61763973099994], [-72.94462598199993, -13.652134230999934], [-72.97774010699999, -13.700269730999935], [-73.06053485799998, -13.720443730999932], [-73.10103148299999, -13.763032855999938], [-73.11892235799996, -13.752795230999936], [-73.16030335799996, -13.776788480999926], [-73.17189510799994, -13.803636980999954], [-73.07374148299994, -13.896989731999952], [-73.03689273299995, -13.906225106999955], [-73.01973635799999, -14.112623106999933], [-72.98028910699998, -14.118336106999948], [-72.94361335699995, -14.151305856999954], [-72.92927935699998, -14.136251481999977], [-72.89235385699999, -14.170393856999965], [-72.85801210699998, -14.096724231999929], [-72.81720523199994, -14.095454981999978], [-72.79851973199999, -14.071262481999952], [-72.80612973199999, -14.031074356999966], [-72.79104310699995, -13.982932481999967], [-72.76324760699998, -13.978971481999963], [-72.72685410699995, -13.947320606999938], [-72.73580073199997, -13.914496106999934], [-72.63794998199995, -13.862229981999974], [-72.64011035699997, -13.81887698199995], [-72.67891598199998, -13.775998105999975], [-72.57591073199995, -13.729862355999956], [-72.57707898199999, -13.743297980999955], [-72.55403535699998, -13.750719980999975], [-72.49177748199997, -13.750612355999976], [-72.46038323199997, -13.790212605999955], [-72.43721998199999, -13.680829980999931], [-72.39878935699994, -13.63926898099993], [-72.42180485699998, -13.60586873099993], [-72.48895998199998, -13.591821230999926], [-72.56048048199995, -13.551805355999932], [-72.59339035699998, -13.562169105999942], [-72.60143073199998, -13.544301605999976], [-72.64080035699999, -13.539603730999943], [-72.65586873199999, -13.513496980999946], [-72.67206748199999, -13.522099605999927], [-72.74846635699998, -13.481120355999963], [-72.77094898199994, -13.449293730999955], [-72.79274573199996, -13.456507730999931], [-72.79748823199998, -13.422158105999927], [-72.88407298199996, -13.416978980999943], [-72.89408610699996, -13.390126605999967]]]}}, {"id": "28", "type": "Feature", "properties": {"idProv": "APURIMAC - ANDAHUAYLAS", "nombdep": "APURIMAC", "nombprov": "ANDAHUAYLAS"}, "geometry": {"type": "Polygon", "coordinates": [[[-73.19637710799998, -13.415133855999954], [-73.21187560799996, -13.419064730999935], [-73.23531773299999, -13.476693730999955], [-73.31167073299997, -13.446597105999956], [-73.33179310799994, -13.456377980999946], [-73.34716335799999, -13.434832230999973], [-73.40397885799996, -13.444793730999947], [-73.44538985799994, -13.430359980999981], [-73.48366998299997, -13.506619980999972], [-73.45105960799998, -13.592955855999946], [-73.49207560799994, -13.577329480999936], [-73.53040073299996, -13.616758730999948], [-73.57040298299995, -13.596258355999964], [-73.60443160799997, -13.609931605999975], [-73.59267760799997, -13.650182980999944], [-73.61492998299997, -13.701659980999978], [-73.60617998299995, -13.72876998099997], [-73.66655998299996, -13.72884998099994], [-73.74788773299997, -13.763366105999978], [-73.72868998299998, -13.816119980999929], [-73.69777935799993, -13.847415981999973], [-73.68508798299996, -13.905928356999937], [-73.65646998299997, -13.929949981999982], [-73.62588998299998, -13.994909981999967], [-73.61106998299994, -14.089939981999976], [-73.58661998299993, -14.11033998199997], [-73.51915998299995, -14.24082998199998], [-73.51719010799997, -14.309360106999975], [-73.55385673299998, -14.401220481999928], [-73.58170310799994, -14.41950448199998], [-73.50701173299996, -14.544308606999948], [-73.48547473299993, -14.533757856999955], [-73.49023773299996, -14.49105360699997], [-73.42125135799995, -14.345967106999979], [-73.36997173299994, -14.318992856999955], [-73.37992298299997, -14.231789981999952], [-73.39491960799995, -14.189038231999973], [-73.41548148299995, -14.179153356999961], [-73.39653873299994, -14.15943160699993], [-73.41079960799993, -14.10917610699994], [-73.38144173299997, -14.096204231999934], [-73.37068410799998, -14.06487948199998], [-73.37843735799999, -14.030680356999937], [-73.35428073299994, -13.990981856999952], [-73.35454173299996, -13.92655548199997], [-73.28443948299997, -13.893152356999963], [-73.24501035799994, -13.81505935599995], [-73.21010798299994, -13.823899981999944], [-73.11892235799996, -13.752795230999936], [-73.10223635799997, -13.763150980999967], [-73.09178298299997, -13.743370480999943], [-73.07668785799996, -13.749224355999957], [-73.06053485799998, -13.720443730999932], [-72.97774010699999, -13.700269730999935], [-72.94462598199993, -13.652134230999934], [-72.98656473199998, -13.61763973099994], [-73.01595998299996, -13.56480998099994], [-73.04198998999993, -13.562479996999969], [-73.04847998299994, -13.531099980999954], [-73.12639573299998, -13.486462355999947], [-73.14294585799996, -13.448512980999965], [-73.17619298299996, -13.45121298099997], [-73.19637710799998, -13.415133855999954]]]}}, {"id": "29", "type": "Feature", "properties": {"idProv": "APURIMAC - ANTABAMBA", "nombdep": "APURIMAC", "nombprov": "ANTABAMBA"}, "geometry": {"type": "Polygon", "coordinates": [[[-73.02801698299999, -14.109529231999943], [-73.07908160799997, -14.146183356999927], [-73.07645998299995, -14.206259981999949], [-73.04172785799994, -14.254712481999945], [-73.06975373299997, -14.273918481999942], [-73.08264098299998, -14.328776106999953], [-73.04752348299996, -14.345033231999935], [-73.03806398299997, -14.390179356999965], [-72.98050010699995, -14.441147606999948], [-72.99785548299997, -14.483839856999964], [-72.98433598199995, -14.543376981999927], [-72.99700910799999, -14.580944731999978], [-73.01438810799993, -14.586352981999937], [-73.01740035799997, -14.63071485699993], [-72.99848885799997, -14.662468606999937], [-72.97455773199994, -14.651816856999972], [-72.93572510699994, -14.695265731999939], [-72.91780773199997, -14.685262106999971], [-72.86797085699999, -14.70755960699995], [-72.84635923199994, -14.759940106999977], [-72.82824710699998, -14.701556231999973], [-72.78969573199998, -14.650213231999942], [-72.77040860699998, -14.664712856999927], [-72.72543335699999, -14.643874106999931], [-72.72441860699996, -14.676703481999937], [-72.69064335699994, -14.688655856999958], [-72.64482110699998, -14.667281106999951], [-72.61101535699999, -14.67612935699998], [-72.59437560699996, -14.713675481999928], [-72.56077573199997, -14.678380981999965], [-72.47141510699998, -14.661308856999938], [-72.46169948199997, -14.605869606999931], [-72.50301010699997, -14.551844981999977], [-72.44049810699994, -14.48174810699993], [-72.39494723199994, -14.48301160699998], [-72.36392110699995, -14.45975748199993], [-72.36846873199994, -14.350917981999942], [-72.33858535699994, -14.326338981999982], [-72.36384885699994, -14.286962106999965], [-72.37711410699995, -14.299173856999971], [-72.40103723199996, -14.29191360699997], [-72.44344260699995, -14.22637760699996], [-72.48540335699994, -14.200289981999958], [-72.56988998199995, -14.254579981999939], [-72.60078998199998, -14.238509981999982], [-72.63650423199994, -14.319529106999937], [-72.62719698199999, -14.344045481999956], [-72.67534198199996, -14.361654856999962], [-72.70969210699997, -14.342221231999929], [-72.69548785699999, -14.319499606999955], [-72.70837723199998, -14.276398856999947], [-72.72914460699997, -14.261220856999955], [-72.75922998199997, -14.261609981999982], [-72.79527135699993, -14.29243185699994], [-72.81301573199994, -14.26519260699996], [-72.86334285699996, -14.277588231999971], [-72.90199698199996, -14.224102481999978], [-72.88675360699995, -14.199889481999946], [-72.91437085699994, -14.146504106999942], [-72.92927935699998, -14.136251481999977], [-72.94361335699995, -14.151305856999954], [-72.98028910699998, -14.118336106999948], [-73.02801698299999, -14.109529231999943]]]}}, {"id": "30", "type": "Feature", "properties": {"idProv": "APURIMAC - AYMARAES", "nombdep": "APURIMAC", "nombprov": "AYMARAES"}, "geometry": {"type": "Polygon", "coordinates": [[[-73.07374148299994, -13.896989731999952], [-73.17880698299996, -13.799884855999949], [-73.22103310799997, -13.828094231999955], [-73.24501035799994, -13.81505935599995], [-73.28443948299997, -13.893152356999963], [-73.35454173299996, -13.92655548199997], [-73.35428073299994, -13.990981856999952], [-73.37843735799999, -14.030680356999937], [-73.37068410799998, -14.06487948199998], [-73.38144173299997, -14.096204231999934], [-73.41079960799993, -14.10917610699994], [-73.39653873299994, -14.15943160699993], [-73.41548148299995, -14.179153356999961], [-73.39491960799995, -14.189038231999973], [-73.37992298299997, -14.231789981999952], [-73.36997173299994, -14.318992856999955], [-73.42125135799995, -14.345967106999979], [-73.49023773299996, -14.49105360699997], [-73.48547473299993, -14.533757856999955], [-73.53299010799998, -14.579757856999947], [-73.51015198299996, -14.646261356999958], [-73.51791860799995, -14.667046356999947], [-73.57548998299995, -14.695089981999956], [-73.56342998299993, -14.779389981999941], [-73.48502998299995, -14.84256998199993], [-73.46448435799994, -14.83982810699996], [-73.43992248299998, -14.78695360699993], [-73.40680660799995, -14.768917856999963], [-73.36436810799995, -14.681649231999927], [-73.35080660799997, -14.704029356999968], [-73.28747385799994, -14.734035106999954], [-73.26362110799994, -14.70978910699995], [-73.19041160799998, -14.705774731999952], [-73.15323735799996, -14.674345106999965], [-73.11341010799998, -14.693472606999933], [-73.09805698299994, -14.650765856999953], [-73.06312498299997, -14.66580473199997], [-73.04331260799995, -14.657244231999982], [-73.04329498299995, -14.623730981999927], [-73.01740035799997, -14.63071485699993], [-73.01427485799996, -14.585390981999979], [-72.99227148299997, -14.571449231999964], [-72.99776185799993, -14.482081106999942], [-72.98050010699995, -14.441147606999948], [-73.03806398299997, -14.390179356999965], [-73.04752348299996, -14.345033231999935], [-73.08264098299998, -14.328776106999953], [-73.06975373299997, -14.273918481999942], [-73.04172785799994, -14.254712481999945], [-73.07645998299995, -14.206259981999949], [-73.07908160799997, -14.146183356999927], [-73.01713648299994, -14.101805231999947], [-73.03689273299995, -13.906225106999955], [-73.07374148299994, -13.896989731999952]]]}}, {"id": "31", "type": "Feature", "properties": {"idProv": "APURIMAC - COTABAMBAS", "nombdep": "APURIMAC", "nombprov": "COTABAMBAS"}, "geometry": {"type": "Polygon", "coordinates": [[[-72.39957998199998, -13.643389980999928], [-72.42187998199995, -13.650609980999945], [-72.43734998199994, -13.681149980999976], [-72.48088998199995, -13.879529981999951], [-72.45065998199993, -13.919259981999971], [-72.45639998199994, -13.969459981999933], [-72.44579998199998, -14.015039981999962], [-72.41948923199993, -14.029741356999978], [-72.42229060699998, -14.066965731999971], [-72.36855823199994, -14.07973060699993], [-72.37601198199997, -14.113073981999946], [-72.34984010699998, -14.143059981999954], [-72.38171998199994, -14.168189981999944], [-72.38853323199999, -14.208650856999952], [-72.41657523199996, -14.210412106999968], [-72.46254035699997, -14.183140856999955], [-72.47975648199997, -14.201673856999946], [-72.44344260699995, -14.22637760699996], [-72.41851173199996, -14.278580231999968], [-72.38708123199996, -14.298970231999931], [-72.36739423199998, -14.284868981999978], [-72.34469023199995, -14.306039356999975], [-72.33858535699994, -14.326338981999982], [-72.36846873199994, -14.350917981999942], [-72.36928585699997, -14.427611856999931], [-72.31719923199995, -14.440689481999982], [-72.28985535699996, -14.423930481999946], [-72.29480223199994, -14.410792356999934], [-72.24950523199993, -14.40292623199997], [-72.23951560699999, -14.348472356999935], [-72.18710685699995, -14.31322360699994], [-72.16116773199997, -14.263794731999951], [-72.12592873199998, -14.254001981999977], [-72.07648045599996, -14.207429842999943], [-72.09518998199997, -14.173399981999978], [-72.05668998199997, -14.129339981999976], [-72.06789998199997, -14.076539981999929], [-72.05119998199996, -14.026749981999956], [-72.05554623199998, -13.930678731999933], [-72.16590973199999, -13.747636480999972], [-72.23087098199994, -13.722492605999946], [-72.23092673199994, -13.705277105999926], [-72.26076635699997, -13.682339230999958], [-72.31233998199997, -13.708489980999957], [-72.36943998199996, -13.665659980999976], [-72.40247998199999, -13.659089980999966], [-72.39957998199998, -13.643389980999928]]]}}, {"id": "32", "type": "Feature", "properties": {"idProv": "APURIMAC - CHINCHEROS", "nombdep": "APURIMAC", "nombprov": "CHINCHEROS"}, "geometry": {"type": "Polygon", "coordinates": [[[-73.74654998299997, -13.174419980999971], [-73.79333998299995, -13.193909980999933], [-73.82402298299996, -13.248392605999982], [-73.80585235799998, -13.31299723099994], [-73.83209835799994, -13.33015698099996], [-73.84734160799997, -13.399945105999961], [-73.82738998299999, -13.433739980999974], [-73.83895385799997, -13.456376105999936], [-73.80384498299998, -13.554915980999965], [-73.80594235799998, -13.613761980999982], [-73.79192085799997, -13.640959605999967], [-73.72825373299997, -13.668428355999936], [-73.71148185799996, -13.707708730999968], [-73.62854998299997, -13.736529980999933], [-73.60617998299995, -13.72876998099997], [-73.61492998299997, -13.701659980999978], [-73.59267760799997, -13.650182980999944], [-73.60443160799997, -13.609931605999975], [-73.57040298299995, -13.596258355999964], [-73.53040073299996, -13.616758730999948], [-73.49207560799994, -13.577329480999936], [-73.45105960799998, -13.592955855999946], [-73.48366998299997, -13.506619980999972], [-73.44538985799994, -13.430359980999981], [-73.48150998299997, -13.43103998099997], [-73.50710998299996, -13.38411998099997], [-73.57090198299994, -13.363121105999937], [-73.57362998299999, -13.33889998099994], [-73.62524485799997, -13.321144230999948], [-73.66334998299999, -13.281899980999981], [-73.72763998299996, -13.268309980999959], [-73.74008998299996, -13.211479980999968], [-73.72895998299998, -13.187869980999949], [-73.74654998299997, -13.174419980999971]]]}}, {"id": "33", "type": "Feature", "properties": {"idProv": "APURIMAC - GRAU", "nombdep": "APURIMAC", "nombprov": "GRAU"}, "geometry": {"type": "Polygon", "coordinates": [[[-72.58658773199994, -13.730511480999951], [-72.64435110699998, -13.770794855999952], [-72.67891598199998, -13.775998105999975], [-72.64011035699997, -13.81887698199995], [-72.63794998199995, -13.862229981999974], [-72.72748248199997, -13.907779981999965], [-72.74090510699995, -13.925002356999926], [-72.72685410699995, -13.947320606999938], [-72.76324760699998, -13.978971481999963], [-72.78952123199997, -13.980748981999966], [-72.80598185699995, -14.029351356999939], [-72.79851973199999, -14.071262481999952], [-72.81720523199994, -14.095454981999978], [-72.85801210699998, -14.096724231999929], [-72.88701273199996, -14.14628498199994], [-72.88687935699994, -14.201492606999977], [-72.90198748199998, -14.223757356999954], [-72.86334285699996, -14.277588231999971], [-72.81301573199994, -14.26519260699996], [-72.79604823199998, -14.292294856999945], [-72.75922998199997, -14.261609981999982], [-72.72914460699997, -14.261220856999955], [-72.70837723199998, -14.276398856999947], [-72.69548785699999, -14.319499606999955], [-72.70969210699997, -14.342221231999929], [-72.67308335699994, -14.362031231999936], [-72.62719698199999, -14.344045481999956], [-72.63650423199994, -14.319529106999937], [-72.60078998199998, -14.238509981999982], [-72.56988998199995, -14.254579981999939], [-72.46254035699997, -14.183140856999955], [-72.41657523199996, -14.210412106999968], [-72.39013298199995, -14.209270981999964], [-72.38171998199994, -14.168189981999944], [-72.34984010699998, -14.143059981999954], [-72.37601198199997, -14.113073981999946], [-72.36855823199994, -14.07973060699993], [-72.41280460699994, -14.078685356999927], [-72.41948923199993, -14.029741356999978], [-72.44579998199998, -14.015039981999962], [-72.45065998199993, -13.919259981999971], [-72.48088998199995, -13.879529981999951], [-72.46764935699997, -13.77314485599993], [-72.50142510699999, -13.746939855999926], [-72.55351610699995, -13.750823855999954], [-72.58658773199994, -13.730511480999951]]]}}, {"id": "34", "type": "Feature", "properties": {"idProv": "AREQUIPA - AREQUIPA", "nombdep": "AREQUIPA", "nombprov": "AREQUIPA"}, "geometry": {"type": "Polygon", "coordinates": [[[-70.84327698099997, -15.923255857999948], [-70.87798310599999, -15.947976107999978], [-71.03079985599999, -15.975302733999968], [-71.06768035599998, -16.00417323399995], [-71.08692935599998, -15.997277233999966], [-71.08708948099996, -15.98090635899996], [-71.14353185599998, -15.983222983999951], [-71.20168310599996, -16.025598483999943], [-71.26879885599993, -15.981628358999956], [-71.27420810599995, -15.954441982999981], [-71.37051385599995, -15.926915107999946], [-71.52916723099997, -15.929961232999972], [-71.57761335599997, -15.990877108999939], [-71.62734223099994, -15.97908498399994], [-71.65061185599995, -15.988414733999946], [-71.66465760599993, -15.95956710799993], [-71.70433810599997, -15.93370535799994], [-71.70755785599994, -15.984532358999957], [-71.75541685599995, -16.030431733999933], [-71.82697298099998, -16.058752108999954], [-71.86987498099995, -16.130181608999976], [-71.90691798099994, -16.158197358999928], [-71.99465185699995, -16.13827135899993], [-72.05721285699997, -16.208143233999976], [-72.09131998199996, -16.18931998399995], [-72.07474523199994, -16.222055483999952], [-72.18177798199997, -16.41123960899995], [-72.19768523199997, -16.491453108999963], [-72.27934260699993, -16.61089710899995], [-72.28064723199998, -16.64418223399997], [-72.19564823199994, -16.68682098399995], [-72.19589235699993, -16.702602358999968], [-72.13216398199995, -16.744090983999968], [-72.12193298199998, -16.77915573399997], [-72.09381860699995, -16.76779560899996], [-71.99670098199994, -16.79954960899994], [-71.90996548099997, -16.675044983999953], [-71.87072748099996, -16.713434233999976], [-71.86950698099997, -16.785982108999974], [-71.75480648099995, -16.701024983999957], [-71.64932248099996, -16.694950108999933], [-71.64055635599993, -16.705871608999928], [-71.62197110599993, -16.68190760899995], [-71.57255548099994, -16.699888233999957], [-71.54512023099994, -16.689308108999967], [-71.50061798099995, -16.766618733999962], [-71.45577235599995, -16.757911733999947], [-71.45167535599995, -16.73270410899994], [-71.42593998099994, -16.741419983999947], [-71.36943048099994, -16.719676983999932], [-71.32608035599998, -16.752176233999933], [-71.28581235599995, -16.71635435899998], [-71.29601285599995, -16.706266358999926], [-71.27915185599994, -16.615821858999936], [-71.26040648099996, -16.605201733999934], [-71.23749548099994, -16.514591233999965], [-71.24210360599994, -16.463064233999944], [-71.13951873099995, -16.474973733999946], [-71.12472535599994, -16.46107298399994], [-71.04719548099996, -16.454402983999955], [-71.03725785599994, -16.485685608999972], [-71.01256560599995, -16.49857898399995], [-70.95543673099996, -16.471626233999928], [-70.98628998099997, -16.309949983999957], [-70.94361110599993, -16.314405483999963], [-70.91738123099998, -16.28317448399997], [-70.87648010599997, -16.281553233999944], [-70.84450535599996, -16.23472398399997], [-70.86695860599997, -16.224584608999976], [-70.85388948099995, -16.196687733999966], [-70.87859348099994, -16.166616483999974], [-70.86711123099997, -16.128484733999926], [-70.89548498099998, -16.105224608999947], [-70.85673523099996, -16.05633735899994], [-70.80408472999994, -16.053827233999982], [-70.82860560499995, -15.999205608999944], [-70.82019810499997, -15.978467983999963], [-70.84246060599997, -15.969344108999962], [-70.83219922999996, -15.949095732999979], [-70.84327698099997, -15.923255857999948]], [[-71.13862610599995, -16.340639108999937], [-71.14375310599996, -16.32326885899994], [-71.10159298099995, -16.341422983999962], [-71.09291060599998, -16.407546983999964], [-71.17161573099997, -16.376926483999966], [-71.19629673099996, -16.38313298399993], [-71.19665523099997, -16.356203108999978], [-71.13862610599995, -16.340639108999937]]]}}, {"id": "35", "type": "Feature", "properties": {"idProv": "AREQUIPA - CAMANA", "nombdep": "AREQUIPA", "nombprov": "CAMANA"}, "geometry": {"type": "Polygon", "coordinates": [[[-73.22822573299999, -15.876560232999964], [-73.22093960799998, -15.991201358999945], [-73.24056248299996, -16.00001710899994], [-73.22203823299998, -16.119234108999933], [-73.20323185799998, -16.152994108999962], [-73.19506835799996, -16.27814673399996], [-73.21810135799996, -16.287158983999973], [-73.23973085799997, -16.354131733999964], [-73.27465823299997, -16.371118483999965], [-73.29151148299997, -16.405775108999933], [-73.27220910799997, -16.39820098399997], [-73.23500823299997, -16.415277483999944], [-73.20844273299997, -16.40039248399995], [-73.04877473299996, -16.49994473399994], [-72.92008973199995, -16.518485983999938], [-72.72463223199998, -16.648303983999938], [-72.44787598199997, -16.70238298399994], [-72.40068823199994, -16.751111983999976], [-72.37312310699997, -16.752489108999953], [-72.31011960699993, -16.807619108999972], [-72.28870385699997, -16.837026483999978], [-72.28848260699993, -16.875133483999946], [-72.18341998199998, -16.924049983999964], [-72.14650998199994, -16.875489983999955], [-72.17198948199996, -16.849885983999968], [-72.22323610699993, -16.835475733999942], [-72.21548460699995, -16.80858998399998], [-72.15332035699998, -16.794954358999973], [-72.12759398199995, -16.756586108999954], [-72.19589235699993, -16.702602358999968], [-72.19564823199994, -16.68682098399995], [-72.27381898199997, -16.65660673399998], [-72.28350835699996, -16.636401983999974], [-72.27408598199997, -16.600795733999973], [-72.19768523199997, -16.491453108999963], [-72.19950860699998, -16.458721108999953], [-72.21858998199997, -16.512669983999956], [-72.32032998199998, -16.60705998399993], [-72.35572998199996, -16.58914998399996], [-72.39241023199997, -16.61182598399995], [-72.45133973199995, -16.599687608999943], [-72.45505523199995, -16.556549108999945], [-72.56588760699998, -16.572980858999927], [-72.60469060699995, -16.53718560899995], [-72.50087735699998, -16.479122108999945], [-72.46635435699994, -16.38315585899994], [-72.48151398199997, -16.35743335899997], [-72.52295773199995, -16.41009460899994], [-72.55969235699996, -16.397451358999945], [-72.60332998199993, -16.461809983999956], [-72.64094998199994, -16.447599983999964], [-72.75202935699997, -16.326757483999927], [-72.79792785699993, -16.308504108999955], [-72.81012998199998, -16.221449983999946], [-72.84121998199998, -16.174459983999952], [-72.84400998199999, -16.122749983999938], [-72.88039410699997, -16.04975698399994], [-72.91214748199997, -16.030200983999976], [-73.06639098299996, -16.018196108999973], [-73.10684973299993, -15.98850060899997], [-73.12373348299997, -16.013137858999926], [-73.13951110799997, -16.00559048399998], [-73.16453998299994, -16.020059983999943], [-73.17634610799996, -16.000540858999955], [-73.15116998299999, -15.97966998399994], [-73.17149348299995, -15.91547398299997], [-73.19924160799997, -15.883665982999958], [-73.22822573299999, -15.876560232999964]]]}}, {"id": "36", "type": "Feature", "properties": {"idProv": "AREQUIPA - CARAVELI", "nombdep": "AREQUIPA", "nombprov": "CARAVELI"}, "geometry": {"type": "Polygon", "coordinates": [[[-74.70511998399996, -15.13973998299997], [-74.76229448399994, -15.098059982999928], [-74.92930598399994, -15.192401857999982], [-74.96363835899996, -15.253898607999929], [-74.96820073399994, -15.299422232999973], [-75.01655573399995, -15.351096232999964], [-75.04554748399994, -15.43033023299995], [-75.07332610899994, -15.442941607999956], [-75.00051110899994, -15.462119107999968], [-74.97362523399994, -15.490573857999948], [-74.88755035899999, -15.524126982999974], [-74.84775548399995, -15.554538732999958], [-74.85340885899996, -15.57321073299994], [-74.80332935899997, -15.576839482999958], [-74.68029785899995, -15.645125357999973], [-74.47245785899997, -15.719484357999931], [-74.43911748399995, -15.794912357999976], [-74.39547723399994, -15.829357107999954], [-74.32673648399998, -15.849730482999973], [-74.27900698399998, -15.83881860799994], [-74.24159998399995, -15.878699357999949], [-74.05445098299998, -15.954523107999933], [-74.02559660799994, -15.992517483999961], [-74.03317260799997, -16.01757435899998], [-74.01782223299995, -16.03687473399998], [-73.98962398299994, -16.039115858999935], [-73.83481598299994, -16.15456385899995], [-73.72788235799999, -16.195247608999978], [-73.69970698299994, -16.219940233999978], [-73.70032498299997, -16.241554233999977], [-73.67620848299998, -16.223558483999966], [-73.61992648299997, -16.23008535899993], [-73.37165835799993, -16.312047983999946], [-73.30260473299995, -16.349431983999978], [-73.29160310799995, -16.405406983999967], [-73.27465823299997, -16.371118483999965], [-73.24044798299997, -16.35502810899993], [-73.22909548299998, -16.30471798399998], [-73.19522085799997, -16.278922983999962], [-73.19778448299996, -16.208610358999977], [-73.24056248299996, -16.00001710899994], [-73.22093960799998, -15.991201358999945], [-73.22930148299997, -15.884009357999958], [-73.25021360799997, -15.869273982999971], [-73.26244348299997, -15.825497607999978], [-73.24088285799996, -15.686203982999928], [-73.21730798299996, -15.646394732999966], [-73.22634123299997, -15.570303982999974], [-73.20372010799997, -15.51897435799998], [-73.26755998299996, -15.398499982999965], [-73.33628085799995, -15.405148482999948], [-73.36596685799998, -15.38743110799993], [-73.39123535799996, -15.399143107999976], [-73.43035123299995, -15.379127482999934], [-73.44167323299996, -15.355775857999959], [-73.55593110799998, -15.408222232999947], [-73.65303798299993, -15.41653060799996], [-73.68582910799995, -15.43765635799997], [-73.75886535799998, -15.38526535799997], [-73.77633660799995, -15.338743232999946], [-73.86511235799998, -15.32397173299995], [-73.88407910799998, -15.337456732999954], [-73.87212373299997, -15.432975732999978], [-73.91769410799998, -15.460729607999951], [-73.96921535799999, -15.532937982999954], [-74.01027673299996, -15.559402482999928], [-74.01966098299994, -15.599853482999947], [-74.06789398399997, -15.630064982999954], [-74.08473973399998, -15.618906982999931], [-74.06728360899996, -15.539294232999964], [-74.07918548399994, -15.515720357999953], [-74.04341885799994, -15.491040357999964], [-74.03729248299999, -15.45607760799993], [-74.06542973399996, -15.402194982999958], [-74.09452060899997, -15.392003107999926], [-74.15047460899996, -15.427576107999982], [-74.16647335899995, -15.483957232999956], [-74.30120835899999, -15.47808460799996], [-74.32897148399996, -15.393821357999968], [-74.30870060899997, -15.359717357999955], [-74.41530610899997, -15.299266982999939], [-74.38787835899996, -15.251779607999936], [-74.40155023399996, -15.178522982999937], [-74.46575923399996, -15.173476232999974], [-74.55252073399998, -15.139941232999945], [-74.60566998399997, -15.14859998299994], [-74.62874598399998, -15.124123607999934], [-74.65203860899999, -15.139133482999966], [-74.70511998399996, -15.13973998299997]]]}}, {"id": "37", "type": "Feature", "properties": {"idProv": "AREQUIPA - CASTILLA", "nombdep": "AREQUIPA", "nombprov": "CASTILLA"}, "geometry": {"type": "Polygon", "coordinates": [[[-71.94155698199995, -14.916556107999952], [-71.95185085699995, -14.837326106999967], [-72.00183110699999, -14.885559981999961], [-72.02812198199996, -14.876857731999962], [-72.04573060699994, -14.941477732999942], [-72.07192248199993, -14.937385607999943], [-72.10221098199997, -14.954933107999977], [-72.09929660699999, -14.891181982999967], [-72.14939998199998, -14.88125998199996], [-72.25335998199995, -14.946259982999948], [-72.26546998199996, -15.043249982999953], [-72.31699998199997, -15.09439998299996], [-72.35287998199993, -15.096099982999931], [-72.37191998199995, -15.121729982999966], [-72.35754998199997, -15.153239982999935], [-72.37692998199998, -15.19778998299995], [-72.36474998199998, -15.242279982999946], [-72.41959385699994, -15.27053260799994], [-72.43739323199998, -15.29888348299994], [-72.42690998199998, -15.36881998299998], [-72.44066998199997, -15.398199982999927], [-72.46054073199997, -15.388020482999934], [-72.51902010699996, -15.405606232999958], [-72.50762173199996, -15.478260982999927], [-72.55040735699998, -15.540067732999944], [-72.60754398199998, -15.55963235799993], [-72.66069798199999, -15.545888857999955], [-72.71874235699994, -15.588363607999952], [-72.70379635699999, -15.655363982999972], [-72.67075998199994, -15.702899982999952], [-72.62467960699996, -15.70254235799996], [-72.54435735699997, -15.810118732999968], [-72.50746160699998, -15.89086435799993], [-72.54365535699998, -15.922537857999941], [-72.59204860699998, -15.93636423299995], [-72.59004973199995, -15.962513982999951], [-72.60674373199998, -15.972979358999964], [-72.57581998199998, -16.02750998399995], [-72.61706998199998, -16.012369983999974], [-72.66529848199997, -16.01763348399993], [-72.68206023199997, -15.981646483999953], [-72.71311523199995, -16.053790608999975], [-72.68707273199993, -16.120576858999982], [-72.68740998199996, -16.21850998399998], [-72.65107998199994, -16.247809983999957], [-72.65614998199999, -16.292089983999972], [-72.59362973199995, -16.430479608999974], [-72.55969235699996, -16.397451358999945], [-72.52295773199995, -16.41009460899994], [-72.48348223199997, -16.357334108999964], [-72.46635435699994, -16.38315585899994], [-72.44379423199996, -16.365478483999937], [-72.43723298199995, -16.31955148399993], [-72.36746973199996, -16.292909608999935], [-72.35609998199999, -16.175579983999967], [-72.36881998199993, -16.161329983999963], [-72.26510623199994, -16.129562358999976], [-72.25823973199994, -16.064390233999973], [-72.22917923199998, -16.03153998399995], [-72.25068660699998, -16.003333983999937], [-72.22535698199994, -15.961474357999975], [-72.29621885699999, -15.923507607999966], [-72.28189085699995, -15.88247873299997], [-72.29783635699994, -15.872616732999973], [-72.29665998199994, -15.828289982999934], [-72.31242998199997, -15.812309982999977], [-72.29317998199997, -15.794039982999948], [-72.27510998199995, -15.802449982999974], [-72.27102998199996, -15.772849982999958], [-72.20906998199996, -15.681509982999955], [-72.10693998199997, -15.605559982999978], [-72.04004998199997, -15.594289982999953], [-71.99489998199994, -15.568299982999974], [-72.00429998199996, -15.529369982999981], [-71.98525998199995, -15.341479982999942], [-71.96249998199994, -15.311189982999963], [-71.94597623199996, -15.226960232999943], [-71.92233273199997, -15.219797107999966], [-71.90141298099996, -15.170798357999956], [-71.96829223199995, -15.140650732999973], [-71.94702910699993, -15.110272357999975], [-71.98216248199998, -15.065617607999968], [-71.95692448199998, -15.033841107999933], [-71.94639110699995, -14.978349357999946], [-71.91380310599999, -14.957285982999963], [-71.94155698199995, -14.916556107999952]]]}}, {"id": "38", "type": "Feature", "properties": {"idProv": "AREQUIPA - CAYLLOMA", "nombdep": "AREQUIPA", "nombprov": "CAYLLOMA"}, "geometry": {"type": "Polygon", "coordinates": [[[-71.85960385599998, -14.883615481999982], [-71.89389860599994, -14.789601231999939], [-71.91415410699994, -14.834367731999976], [-71.93997198199997, -14.822808231999943], [-71.95185085699995, -14.837326106999967], [-71.94155698199995, -14.916556107999952], [-71.91380310599999, -14.957285982999963], [-71.94639110699995, -14.978349357999946], [-71.95692448199998, -15.033841107999933], [-71.98216248199998, -15.065617607999968], [-71.94702910699993, -15.110272357999975], [-71.96829223199995, -15.140650732999973], [-71.90141298099996, -15.170798357999956], [-71.92233273199997, -15.219797107999966], [-71.94597623199996, -15.226960232999943], [-71.96249998199994, -15.311189982999963], [-71.98525998199995, -15.341479982999942], [-72.00429998199996, -15.529369982999981], [-71.99489998199994, -15.568299982999974], [-72.04004998199997, -15.594289982999953], [-72.10693998199997, -15.605559982999978], [-72.20906998199996, -15.681509982999955], [-72.27102998199996, -15.772849982999958], [-72.27510998199995, -15.802449982999974], [-72.29317998199997, -15.794039982999948], [-72.31242998199997, -15.812309982999977], [-72.29665998199994, -15.828289982999934], [-72.29783635699994, -15.872616732999973], [-72.28189085699995, -15.88247873299997], [-72.29621885699999, -15.923507607999966], [-72.22535698199994, -15.961474357999975], [-72.25164798199995, -16.00759310899997], [-72.22917923199998, -16.03153998399995], [-72.25823973199994, -16.064390233999973], [-72.25280760699997, -16.095668733999958], [-72.26983998199995, -16.136359983999967], [-72.31700998199995, -16.13657998399998], [-72.36881998199993, -16.161329983999963], [-72.35609998199999, -16.175579983999967], [-72.36746973199996, -16.292909608999935], [-72.43781285699998, -16.320337233999965], [-72.44379423199996, -16.365478483999937], [-72.46976473199999, -16.38608173399996], [-72.50087735699998, -16.479122108999945], [-72.60469060699995, -16.53718560899995], [-72.56497185699999, -16.573402358999942], [-72.45505523199995, -16.556549108999945], [-72.45194248199994, -16.599142108999956], [-72.39527135699996, -16.611789733999956], [-72.36177998199997, -16.58992998399998], [-72.33088998199997, -16.592899983999928], [-72.32361998199997, -16.607829983999977], [-72.30848998199997, -16.58314998399993], [-72.28870385699997, -16.586206483999945], [-72.19933998199997, -16.483809983999947], [-72.18177798199997, -16.41123960899995], [-72.07474523199994, -16.222055483999952], [-72.09131998199996, -16.18931998399995], [-72.05721285699997, -16.208143233999976], [-71.99465185699995, -16.13827135899993], [-71.90691798099994, -16.158197358999928], [-71.86987498099995, -16.130181608999976], [-71.82697298099998, -16.058752108999954], [-71.75541685599995, -16.030431733999933], [-71.70755785599994, -15.984532358999957], [-71.70433810599997, -15.93370535799994], [-71.66465760599993, -15.95956710799993], [-71.65061185599995, -15.988414733999946], [-71.62734223099994, -15.97908498399994], [-71.57761335599997, -15.990877108999939], [-71.52916723099997, -15.929961232999972], [-71.37051385599995, -15.926915107999946], [-71.27420810599995, -15.954441982999981], [-71.26879885599993, -15.981628358999956], [-71.20168310599996, -16.025598483999943], [-71.14353185599998, -15.983222983999951], [-71.08708948099996, -15.98090635899996], [-71.08692935599998, -15.997277233999966], [-71.06768035599998, -16.00417323399995], [-71.03079985599999, -15.975302733999968], [-70.87798310599999, -15.947976107999978], [-70.84533835599996, -15.921928482999931], [-70.86578360599998, -15.88938610799994], [-70.89291385599995, -15.888401982999937], [-70.89006810599994, -15.851938232999942], [-70.94226835599994, -15.774924232999979], [-70.89966585599996, -15.71340560799996], [-70.92399610599995, -15.632996607999928], [-70.98236848099998, -15.59804348299997], [-71.00705560599994, -15.564133607999963], [-71.01836398099994, -15.500021982999954], [-70.99395748099994, -15.454841607999981], [-71.03897098099998, -15.405165732999933], [-71.08542635599997, -15.458013482999945], [-71.12009435599998, -15.42710298299994], [-71.15025598099999, -15.44059273299996], [-71.17433160599995, -15.424456607999957], [-71.15052798099998, -15.355904607999946], [-71.16423798099999, -15.290927857999975], [-71.19461823099994, -15.270928357999935], [-71.20207973099997, -15.245132482999963], [-71.16032860599995, -15.207768232999967], [-71.18490610599997, -15.169772107999961], [-71.14325710599996, -15.121558232999973], [-71.19667810599998, -15.088868107999929], [-71.20709985599996, -15.050763107999956], [-71.22653198099994, -15.069554357999948], [-71.26554110599994, -15.06299973299997], [-71.26058848099996, -15.078270232999955], [-71.31912998099995, -15.119736732999968], [-71.41736585599995, -15.033725732999926], [-71.44750198099996, -14.979785857999957], [-71.50522610599995, -14.975560232999953], [-71.51016998099993, -15.004634857999974], [-71.48587035599996, -15.059104857999955], [-71.51344298099997, -15.079844482999931], [-71.57234373099993, -15.061931607999952], [-71.58833310599994, -15.127825732999952], [-71.61456298099995, -15.145854982999936], [-71.63602448099994, -15.13913923299998], [-71.67370610599994, -15.089055107999968], [-71.77253735599999, -15.082439482999973], [-71.80148310599998, -15.067335107999952], [-71.83451085599995, -15.076696357999936], [-71.84931948099995, -15.04508973299994], [-71.76599885599995, -15.009585357999981], [-71.77024073099994, -14.98217673299996], [-71.74595998099994, -14.939869982999937], [-71.79300785599997, -14.896167982999941], [-71.82630160599996, -14.906635232999975], [-71.82726285599995, -14.888825356999973], [-71.85960385599998, -14.883615481999982]]]}}, {"id": "39", "type": "Feature", "properties": {"idProv": "AREQUIPA - CONDESUYOS", "nombdep": "AREQUIPA", "nombprov": "CONDESUYOS"}, "geometry": {"type": "Polygon", "coordinates": [[[-71.98109435699996, -14.640622106999956], [-72.00830003599998, -14.640690020999955], [-72.04063998199996, -14.688509981999971], [-72.04057998199994, -14.81000998199994], [-72.02521998199995, -14.829119981999952], [-72.04031998199997, -14.839219981999975], [-72.04657998199997, -14.887309981999977], [-72.07661998199995, -14.88369998199994], [-72.13117210699994, -14.828312856999958], [-72.13168335699999, -14.789396231999945], [-72.14574435699996, -14.77741810699996], [-72.18932348199996, -14.778236356999969], [-72.21219635699998, -14.803241731999947], [-72.29252610699996, -14.818498606999981], [-72.31544485699999, -14.833863231999942], [-72.30202485699994, -14.89783960799997], [-72.32201385699994, -14.929997482999966], [-72.39864348199995, -14.956969107999953], [-72.41031648199998, -14.993303357999935], [-72.46670535699997, -15.009567232999927], [-72.46446235699995, -15.03008260799993], [-72.52462010699998, -15.051126482999962], [-72.48500060699996, -15.10891823299994], [-72.50627135699995, -15.153889607999929], [-72.49676510699999, -15.168743107999944], [-72.52935785699998, -15.199158607999948], [-72.57382198199997, -15.200603482999952], [-72.64627073199995, -15.239495232999957], [-72.73963160699998, -15.253165232999947], [-72.78300473199994, -15.244317107999962], [-72.78955073199995, -15.277566857999943], [-72.83719635699998, -15.317884482999943], [-72.86163335699996, -15.397486732999937], [-72.89316560699996, -15.410011232999977], [-72.96542360699993, -15.397769982999932], [-72.98957060799995, -15.494118732999937], [-73.08685298299997, -15.563707357999931], [-73.12571998299995, -15.570369982999978], [-73.20540998299998, -15.510599982999963], [-73.22634123299997, -15.570303982999974], [-73.21730798299996, -15.646394732999966], [-73.24088285799996, -15.686203982999928], [-73.26244348299997, -15.825497607999978], [-73.24906160799998, -15.870482482999932], [-73.19924160799997, -15.883665982999958], [-73.17149348299995, -15.91547398299997], [-73.15116998299999, -15.97966998399994], [-73.17527773299997, -16.006874108999966], [-73.16453998299994, -16.020059983999943], [-73.13951110799997, -16.00559048399998], [-73.12373348299997, -16.013137858999926], [-73.10684973299993, -15.98850060899997], [-73.06639098299996, -16.018196108999973], [-72.91214748199997, -16.030200983999976], [-72.88039410699997, -16.04975698399994], [-72.84400998199999, -16.122749983999938], [-72.84121998199998, -16.174459983999952], [-72.81012998199998, -16.221449983999946], [-72.79723360699995, -16.309640858999956], [-72.75202935699997, -16.326757483999927], [-72.62503998199998, -16.456609983999954], [-72.60332998199993, -16.461809983999956], [-72.59362973199995, -16.430479608999974], [-72.65614998199999, -16.292089983999972], [-72.65107998199994, -16.247809983999957], [-72.68740998199996, -16.21850998399998], [-72.68707273199993, -16.120576858999982], [-72.71311523199995, -16.053790608999975], [-72.68206023199997, -15.981646483999953], [-72.66529848199997, -16.01763348399993], [-72.61706998199998, -16.012369983999974], [-72.57581998199998, -16.02750998399995], [-72.60674373199998, -15.972979358999964], [-72.59004973199995, -15.962513982999951], [-72.59204860699998, -15.93636423299995], [-72.54365535699998, -15.922537857999941], [-72.50746160699998, -15.89086435799993], [-72.54435735699997, -15.810118732999968], [-72.62467960699996, -15.70254235799996], [-72.67075998199994, -15.702899982999952], [-72.70379635699999, -15.655363982999972], [-72.71874235699994, -15.588363607999952], [-72.66069798199999, -15.545888857999955], [-72.60754398199998, -15.55963235799993], [-72.55040735699998, -15.540067732999944], [-72.50762173199996, -15.478260982999927], [-72.51902010699996, -15.405606232999958], [-72.46054073199997, -15.388020482999934], [-72.44066998199997, -15.398199982999927], [-72.42690998199998, -15.36881998299998], [-72.43739323199998, -15.29888348299994], [-72.41959385699994, -15.27053260799994], [-72.36474998199998, -15.242279982999946], [-72.37692998199998, -15.19778998299995], [-72.35754998199997, -15.153239982999935], [-72.37191998199995, -15.121729982999966], [-72.35287998199993, -15.096099982999931], [-72.31699998199997, -15.09439998299996], [-72.26546998199996, -15.043249982999953], [-72.25335998199995, -14.946259982999948], [-72.14939998199998, -14.88125998199996], [-72.09929660699999, -14.891181982999967], [-72.10221098199997, -14.954933107999977], [-72.07192248199993, -14.937385607999943], [-72.04573060699994, -14.941477732999942], [-72.02812198199996, -14.876857731999962], [-72.00334935699993, -14.88622098199994], [-71.94297023199994, -14.823615981999978], [-71.90651698099998, -14.826255856999978], [-71.89389860599994, -14.789601231999939], [-71.92399998199994, -14.789799981999977], [-71.95896998199999, -14.732589981999979], [-71.95217998199996, -14.703799981999964], [-71.92927535699994, -14.689303356999972], [-71.98109435699996, -14.640622106999956]]]}}, {"id": "40", "type": "Feature", "properties": {"idProv": "AREQUIPA - ISLAY", "nombdep": "AREQUIPA", "nombprov": "ISLAY"}, "geometry": {"type": "Polygon", "coordinates": [[[-71.86948398099997, -16.784793858999933], [-71.87072748099996, -16.713434233999976], [-71.90996548099997, -16.675044983999953], [-71.99670098199994, -16.79954960899994], [-72.13190460699997, -16.766656858999966], [-72.15332035699998, -16.794954358999973], [-72.20558160699994, -16.79903223399998], [-72.22383885699998, -16.834545108999976], [-72.17198948199996, -16.849885983999968], [-72.14650998199994, -16.875489983999955], [-72.18628698199996, -16.92924123399996], [-72.11929323199996, -16.96992498399993], [-72.10380548199998, -16.996259733999977], [-72.11220548199998, -17.015758483999946], [-72.02304727099994, -17.02239231799996], [-71.93021398199994, -17.080684609999935], [-71.84996798099996, -17.164909359999967], [-71.80107110599994, -17.18831635999993], [-71.69036860599994, -17.21198848499995], [-71.56401823099998, -17.261568109999928], [-71.53791810599995, -17.25395773499997], [-71.49079685599997, -17.28500710999998], [-71.31534573099998, -17.123485609999932], [-71.30224610599998, -17.093851109999946], [-71.32469185599996, -17.06030848499995], [-71.31905360599995, -17.041454359999932], [-71.33942410599997, -17.021758983999973], [-71.38538360599995, -17.02094835899993], [-71.40579223099996, -16.955835358999934], [-71.46554560599998, -16.95288848399997], [-71.42406235599998, -16.919297608999955], [-71.44085398099998, -16.861279733999936], [-71.42593998099994, -16.741419983999947], [-71.43845360599994, -16.731134358999952], [-71.45276635599998, -16.733621608999954], [-71.45643610599996, -16.758346608999943], [-71.50061798099995, -16.766618733999962], [-71.54512023099994, -16.689308108999967], [-71.57255548099994, -16.699888233999957], [-71.62197110599993, -16.68190760899995], [-71.64055635599993, -16.705871608999928], [-71.64932248099996, -16.694950108999933], [-71.75161748099998, -16.699697483999955], [-71.86948398099997, -16.784793858999933]]]}}, {"id": "41", "type": "Feature", "properties": {"idProv": "AREQUIPA - LA UNION", "nombdep": "AREQUIPA", "nombprov": "LA UNION"}, "geometry": {"type": "Polygon", "coordinates": [[[-72.72543335699999, -14.646276481999962], [-72.77040860699998, -14.664712856999927], [-72.78969573199998, -14.650213231999942], [-72.82824710699998, -14.701556231999973], [-72.84256748199994, -14.757659856999965], [-72.88533998199995, -14.772229981999942], [-72.92992398199993, -14.758166356999936], [-73.00278473299994, -14.814986231999967], [-73.03185273299994, -14.89712335799993], [-72.98274235699995, -14.982355107999979], [-73.00511173299998, -15.007749607999926], [-73.02183798299995, -15.131798857999968], [-73.04756160799997, -15.134347857999956], [-73.11167148299995, -15.186534857999959], [-73.12058260799995, -15.230816857999969], [-73.17213435799994, -15.306076107999957], [-73.24593348299999, -15.286091857999963], [-73.28492110799993, -15.29493810799994], [-73.29061998299994, -15.371319982999978], [-73.21998998299995, -15.500009982999927], [-73.12571998299995, -15.570369982999978], [-73.08388510799995, -15.562182482999958], [-72.99749773299999, -15.503433232999953], [-72.96542360699993, -15.397769982999932], [-72.89316560699996, -15.410011232999977], [-72.86242673199996, -15.398243857999944], [-72.83719635699998, -15.317884482999943], [-72.78955073199995, -15.277566857999943], [-72.78300473199994, -15.244317107999962], [-72.73963160699998, -15.253165232999947], [-72.64627073199995, -15.239495232999957], [-72.57382198199997, -15.200603482999952], [-72.52935785699998, -15.199158607999948], [-72.49676510699999, -15.168743107999944], [-72.50627135699995, -15.153889607999929], [-72.48500060699996, -15.10891823299994], [-72.52462010699998, -15.051126482999962], [-72.46446235699995, -15.03008260799993], [-72.46711735699995, -15.009876232999943], [-72.41031648199998, -14.993303357999935], [-72.39864348199995, -14.956969107999953], [-72.32307435699994, -14.930916732999947], [-72.30428310699995, -14.904917732999934], [-72.31515498199997, -14.834021606999954], [-72.40647885699997, -14.827085481999973], [-72.43457035699998, -14.790140106999957], [-72.46918485699996, -14.78698923199994], [-72.48846435699994, -14.723461106999935], [-72.46012873199999, -14.67575648199994], [-72.47342685699994, -14.659996981999939], [-72.56077573199997, -14.678380981999965], [-72.59437560699996, -14.713675481999928], [-72.60553735699995, -14.68124385699997], [-72.63471223199997, -14.668666856999948], [-72.69064335699994, -14.688655856999958], [-72.72441860699996, -14.676703481999937], [-72.72543335699999, -14.646276481999962]]]}}, {"id": "42", "type": "Feature", "properties": {"idProv": "AYACUCHO - HUAMANGA", "nombdep": "AYACUCHO", "nombprov": "HUAMANGA"}, "geometry": {"type": "Polygon", "coordinates": [[[-74.07701623399998, -12.986390230999973], [-74.18761354999998, -13.051245695999967], [-74.28026342299995, -13.00199936699994], [-74.27811451699995, -13.07420256699993], [-74.34587635899999, -13.025844605999964], [-74.37990998399994, -13.024489980999931], [-74.41126998399994, -13.079389980999963], [-74.41086998399999, -13.11969998099994], [-74.38871998399998, -13.129659980999975], [-74.39600998399999, -13.16882998099993], [-74.42042573399993, -13.159539105999954], [-74.45843885899995, -13.190038105999975], [-74.54221285899996, -13.200501980999945], [-74.57232698399997, -13.184734480999964], [-74.64465423399997, -13.274136730999942], [-74.68605648399995, -13.286370980999948], [-74.66762860899996, -13.326621855999974], [-74.63282998399995, -13.344779980999931], [-74.60082998399997, -13.332159980999961], [-74.56610998399998, -13.341429980999976], [-74.57168035899997, -13.38712010599994], [-74.47574998399995, -13.453139980999936], [-74.40311998399994, -13.43420998099998], [-74.39459998399997, -13.444789980999929], [-74.37832998399995, -13.418859980999969], [-74.36716998399999, -13.436059980999971], [-74.33600851699998, -13.438749496999947], [-74.27411995999995, -13.391796597999928], [-74.24723823399995, -13.420343730999946], [-74.19643020999996, -13.403053390999958], [-74.15939386199994, -13.498403095999947], [-74.11008998399996, -13.535089980999942], [-74.05089645799995, -13.534601547999955], [-74.08047003799999, -13.450580019999961], [-74.05889632499998, -13.408943287999932], [-74.04481508099997, -13.44089706899996], [-73.99251332699998, -13.441334636999954], [-73.99238345599997, -13.478385170999957], [-73.96597205599994, -13.500296332999937], [-73.92608201499996, -13.49936321599995], [-73.86503019199995, -13.465229644999965], [-73.83479906299993, -13.47017582899997], [-73.82738998299999, -13.433739980999974], [-73.84696098299997, -13.397432605999938], [-73.83209835799994, -13.33015698099996], [-73.80704548299997, -13.314831605999927], [-73.86815198299996, -13.303844355999956], [-73.84650998299998, -13.259039980999944], [-73.93591473299995, -13.277804230999948], [-73.96880260799998, -13.172860230999959], [-73.99392173299998, -13.161881605999952], [-74.02148435799995, -13.097535105999953], [-74.03662785799997, -13.098211855999978], [-74.06128335799997, -13.057134230999964], [-74.05200035799999, -13.040144105999957], [-74.07701623399998, -12.986390230999973]]]}}, {"id": "43", "type": "Feature", "properties": {"idProv": "AYACUCHO - CANGALLO", "nombdep": "AYACUCHO", "nombprov": "CANGALLO"}, "geometry": {"type": "Polygon", "coordinates": [[[-74.72830723399994, -13.362194105999947], [-74.75962223399995, -13.325071105999939], [-74.77008785899994, -13.34632810599993], [-74.85778998399996, -13.355209980999973], [-74.89771998399993, -13.395309980999969], [-74.90209998399996, -13.46643998099995], [-74.86217998399997, -13.481789980999963], [-74.78231998399997, -13.578559980999955], [-74.70948998399996, -13.585159980999947], [-74.63009998399997, -13.55579998099995], [-74.52164998399996, -13.615359980999926], [-74.51618998399994, -13.602149980999968], [-74.44374998399996, -13.58552998099998], [-74.30019035899994, -13.63313485599997], [-74.13893698399994, -13.632993730999942], [-74.09946398399995, -13.670521355999938], [-74.04997998299996, -13.682519980999928], [-74.03584460799993, -13.613561980999975], [-74.05957273299998, -13.593399480999949], [-74.05563014399996, -13.535739967999973], [-74.11008998399996, -13.535089980999942], [-74.15098998399998, -13.510939980999979], [-74.19643020999996, -13.403053390999958], [-74.24723823399995, -13.420343730999946], [-74.27411995999995, -13.391796597999928], [-74.33600851699998, -13.438749496999947], [-74.36716998399999, -13.436059980999971], [-74.37832998399995, -13.418859980999969], [-74.39459998399997, -13.444789980999929], [-74.40311998399994, -13.43420998099998], [-74.47574998399995, -13.453139980999936], [-74.57168035899997, -13.38712010599994], [-74.56610998399998, -13.341429980999976], [-74.60923998399994, -13.33325998099997], [-74.70451998399994, -13.364159980999943], [-74.72830723399994, -13.362194105999947]]]}}, {"id": "44", "type": "Feature", "properties": {"idProv": "AYACUCHO - HUANCA SANCOS", "nombdep": "AYACUCHO", "nombprov": "HUANCA SANCOS"}, "geometry": {"type": "Polygon", "coordinates": [[[-74.56645998399995, -13.718279980999966], [-74.62130998399994, -13.697709980999946], [-74.63602998399995, -13.740619980999952], [-74.70742998399999, -13.74529998099996], [-74.77892385899997, -13.784605480999971], [-74.76036373399995, -13.831487231999972], [-74.78515523399994, -13.88831023199998], [-74.76795473399994, -13.978552356999955], [-74.78476035899996, -13.988688231999959], [-74.78388285899996, -14.01694535699994], [-74.75871285899996, -14.07859573199994], [-74.77270210899997, -14.09107785699996], [-74.75869173399997, -14.121900981999943], [-74.72049598399997, -14.114276356999937], [-74.67707685899995, -14.068137856999954], [-74.63952885899994, -14.095120981999969], [-74.62134985899996, -14.091123481999944], [-74.63567435899995, -14.118320731999972], [-74.62319998399994, -14.137139981999951], [-74.57264998399995, -14.135319981999942], [-74.54129273399997, -14.16406423199993], [-74.52757348399996, -14.146079481999948], [-74.49609998399995, -14.146309981999934], [-74.41970998799997, -14.151100008999947], [-74.39231998399998, -14.16704998199998], [-74.33614298399993, -14.14811010699998], [-74.32944873399998, -14.128629356999966], [-74.20797598399997, -14.126899356999957], [-74.10297410899994, -14.017213356999946], [-74.10241998399994, -13.991329981999968], [-74.11893710899994, -13.989325356999927], [-74.10103285899999, -13.95498160699998], [-74.11213998399995, -13.898449981999931], [-74.15517998399997, -13.87286998199994], [-74.15976473399996, -13.84137035699996], [-74.18901623399995, -13.813862730999972], [-74.22737485899995, -13.806159480999952], [-74.25405660899997, -13.75899460599993], [-74.29805273399995, -13.756018230999928], [-74.31555960899993, -13.733639730999926], [-74.33138360899994, -13.763703605999979], [-74.36959810899998, -13.736338730999933], [-74.36248735899994, -13.759404230999962], [-74.42586998399997, -13.79755998099995], [-74.52068998399994, -13.735859980999976], [-74.53064998399998, -13.709559980999927], [-74.56645998399995, -13.718279980999966]]]}}, {"id": "45", "type": "Feature", "properties": {"idProv": "AYACUCHO - HUANTA", "nombdep": "AYACUCHO", "nombprov": "HUANTA"}, "geometry": {"type": "Polygon", "coordinates": [[[-74.34842848399995, -12.175033104999955], [-74.38736998399997, -12.187979979999966], [-74.37606998399997, -12.229189979999944], [-74.39367998399996, -12.252469979999944], [-74.38477998399998, -12.271529979999968], [-74.41628998399995, -12.304769979999946], [-74.45204298399995, -12.269958979999956], [-74.49183183199995, -12.28157521999998], [-74.50710235899999, -12.31246447999996], [-74.55544685899997, -12.288089104999926], [-74.58093335899997, -12.324386354999945], [-74.57598998399999, -12.373169979999943], [-74.56461998399999, -12.360909979999974], [-74.54942998399997, -12.373849979999932], [-74.50596998399999, -12.448879979999958], [-74.40924998399998, -12.451919979999957], [-74.41518998399994, -12.491749979999952], [-74.39869998399996, -12.502689979999957], [-74.38685998399995, -12.56680997999996], [-74.36328998399995, -12.594269979999979], [-74.32401998399996, -12.604499979999957], [-74.34211998399996, -12.623799979999944], [-74.32716998399997, -12.68019997999994], [-74.34907998399996, -12.718219979999958], [-74.28860998399995, -12.759859980999977], [-74.29463235899993, -12.829797355999972], [-74.32521598399995, -12.83300148099994], [-74.33274998399997, -12.848150105999935], [-74.31922998399995, -12.885799980999934], [-74.32767285899996, -12.928390855999965], [-74.29655323399999, -12.935008730999982], [-74.28026342299995, -13.00199936699994], [-74.18761354999998, -13.051245695999967], [-74.14016998399995, -13.02541998099997], [-74.10399448399994, -12.982063230999927], [-74.10659973399999, -12.94869173099994], [-74.14836723399998, -12.871781230999943], [-74.10807585899994, -12.852030480999929], [-74.07063260899997, -12.875192105999929], [-73.99622610799997, -12.839161730999933], [-73.99167998299998, -12.754019980999942], [-73.88810998299994, -12.711049979999927], [-73.85351998299996, -12.645039979999979], [-73.85944998299993, -12.62220997999998], [-73.83266235799994, -12.575099854999962], [-73.83093473299994, -12.530784104999952], [-73.85444185799997, -12.532166979999943], [-73.85430996199995, -12.48905689399993], [-73.88592498299994, -12.406140479999976], [-73.94776660799994, -12.350661854999942], [-73.97007248299997, -12.347811479999962], [-73.98045160799995, -12.242588354999953], [-73.99985048299999, -12.283576854999978], [-74.03978673299997, -12.261408729999971], [-74.09735360899998, -12.283709354999928], [-74.12516710899996, -12.333859479999944], [-74.13115998399996, -12.314605104999941], [-74.14733185899996, -12.324382729999968], [-74.21870160899994, -12.301735604999976], [-74.21804260899995, -12.278080229999944], [-74.29148510899995, -12.223049604999972], [-74.32133848399997, -12.230157604999931], [-74.34842848399995, -12.175033104999955]]]}}, {"id": "46", "type": "Feature", "properties": {"idProv": "AYACUCHO - LA MAR", "nombdep": "AYACUCHO", "nombprov": "LA MAR"}, "geometry": {"type": "Polygon", "coordinates": [[[-73.75342660799998, -12.652252604999944], [-73.80063323299999, -12.614583479999965], [-73.83093473299994, -12.530784104999952], [-73.83266235799994, -12.575099854999962], [-73.85944998299993, -12.62220997999998], [-73.85351998299996, -12.645039979999979], [-73.88810998299994, -12.711049979999927], [-73.99167998299998, -12.754019980999942], [-73.99622610799997, -12.839161730999933], [-74.07063260899997, -12.875192105999929], [-74.10807585899994, -12.852030480999929], [-74.14836723399998, -12.871781230999943], [-74.10642585899996, -12.94936535599993], [-74.11868998399996, -13.006599980999965], [-74.07738098399994, -12.984946105999938], [-74.05200035799999, -13.040144105999957], [-74.06128335799997, -13.057134230999964], [-74.03662785799997, -13.098211855999978], [-74.02148435799995, -13.097535105999953], [-73.99392173299998, -13.161881605999952], [-73.96880260799998, -13.172860230999959], [-73.93053560799996, -13.283402855999952], [-73.84650998299998, -13.259039980999944], [-73.86815198299996, -13.303844355999956], [-73.80683273299996, -13.314784105999934], [-73.82402298299996, -13.248392605999982], [-73.79333998299995, -13.193909980999933], [-73.75269910799994, -13.171174105999967], [-73.72904998299998, -13.18742998099998], [-73.74008998299996, -13.211479980999968], [-73.72763998299996, -13.268309980999959], [-73.69809998299996, -13.265499980999948], [-73.60808173299995, -13.331597355999975], [-73.57362998299999, -13.33889998099994], [-73.57130535799996, -13.36277998099996], [-73.50710998299996, -13.38411998099997], [-73.48150998299997, -13.43103998099997], [-73.40397885799996, -13.444793730999947], [-73.34716335799999, -13.434832230999973], [-73.33179310799994, -13.456377980999946], [-73.31167073299997, -13.446597105999956], [-73.23100285799995, -13.475199105999934], [-73.21187923299993, -13.419050855999956], [-73.28691335799994, -13.372564980999982], [-73.31140435799995, -13.325889480999933], [-73.34125798299993, -13.311658980999937], [-73.38232473299996, -13.22487360599996], [-73.40961898299997, -13.211918730999969], [-73.40223335799993, -13.181712730999948], [-73.41969598299994, -13.135758105999969], [-73.45491535799994, -13.121414355999946], [-73.44925798299994, -13.079588230999946], [-73.47818098299996, -13.055917980999936], [-73.49013348299997, -13.067004355999927], [-73.47657260799997, -13.001102230999948], [-73.50468098299996, -13.011122480999973], [-73.53003248299996, -12.985266105999926], [-73.50803585799997, -12.971897355999943], [-73.49593135799995, -12.933463605999975], [-73.52984610799996, -12.931963355999926], [-73.52367648299997, -12.899478105999947], [-73.58189910799996, -12.85867985599998], [-73.59002173299996, -12.824168105999945], [-73.62672910799995, -12.78769448099996], [-73.62566723299994, -12.764992480999979], [-73.72503848299993, -12.636729604999971], [-73.75342660799998, -12.652252604999944]]]}}, {"id": "47", "type": "Feature", "properties": {"idProv": "AYACUCHO - LUCANAS", "nombdep": "AYACUCHO", "nombprov": "LUCANAS"}, "geometry": {"type": "Polygon", "coordinates": [[[-74.06653923399995, -14.02992298199996], [-74.08573535899995, -14.019199106999963], [-74.11604298399999, -14.028872981999939], [-74.20797598399997, -14.126899356999957], [-74.32944873399998, -14.128629356999966], [-74.33614298399993, -14.14811010699998], [-74.39231998399998, -14.16704998199998], [-74.41970998799997, -14.151100008999947], [-74.49609998399995, -14.146309981999934], [-74.52757348399996, -14.146079481999948], [-74.54129273399997, -14.16406423199993], [-74.57264998399995, -14.135319981999942], [-74.62319998399994, -14.137139981999951], [-74.63567435899995, -14.118320731999972], [-74.62134985899996, -14.091123481999944], [-74.63952885899994, -14.095120981999969], [-74.67707685899995, -14.068137856999954], [-74.72049598399997, -14.114276356999937], [-74.75172060899996, -14.123425856999972], [-74.77356635899997, -14.089468731999943], [-74.82518748399997, -14.092279231999953], [-74.86079485899995, -14.067193356999951], [-74.89620123399999, -14.103904231999934], [-74.97511323399993, -14.07428510699998], [-75.02912998399995, -14.071949981999978], [-75.09078998399997, -14.215179981999938], [-75.06604298399998, -14.251610856999946], [-75.03219785899995, -14.265679106999926], [-75.09392685899996, -14.312424481999926], [-75.13982610999994, -14.415908231999936], [-75.10584173399997, -14.434044231999962], [-75.05299410899994, -14.431150356999979], [-75.09813773399998, -14.48509723199993], [-75.08667535899997, -14.530205856999942], [-75.06732885899999, -14.527937356999928], [-75.08009010899997, -14.569009981999955], [-75.06585823399996, -14.574483481999948], [-75.05595785899999, -14.626884856999936], [-75.03176460899994, -14.610657106999952], [-74.95891973399995, -14.606451231999927], [-74.89720448399999, -14.544886731999952], [-74.87620323399995, -14.553391981999937], [-74.88396485899995, -14.576222606999977], [-74.85902923399993, -14.60837960699996], [-74.78816623399996, -14.615563231999943], [-74.84658135899997, -14.666147231999958], [-74.84531385899999, -14.709147731999963], [-74.80269998399996, -14.752149981999935], [-74.71587310899997, -14.709521481999957], [-74.76470210899998, -14.790456481999968], [-74.74775548399998, -14.81310435699993], [-74.71439685899998, -14.817800981999937], [-74.75458023399995, -14.83528998199995], [-74.73250973399996, -14.846660106999934], [-74.69384035899998, -14.838155231999963], [-74.68096085899998, -14.85427885699994], [-74.66239273399998, -14.900123107999946], [-74.68532860899995, -14.930154482999967], [-74.64624123399994, -14.977177857999948], [-74.66569373399994, -14.997902357999976], [-74.66602998399998, -15.050769982999952], [-74.76229448399994, -15.098059982999928], [-74.71370998399993, -15.138529982999955], [-74.65203860899999, -15.139133482999966], [-74.62874598399998, -15.124123607999934], [-74.60566998399997, -15.14859998299994], [-74.55252073399998, -15.139941232999945], [-74.46575923399996, -15.173476232999974], [-74.40155023399996, -15.178522982999937], [-74.38787835899996, -15.251779607999936], [-74.41530610899997, -15.299266982999939], [-74.30870060899997, -15.359717357999955], [-74.32897148399996, -15.393821357999968], [-74.30012360899997, -15.478394607999974], [-74.24117573399997, -15.481039107999948], [-74.25717823399998, -15.403293982999969], [-74.19136398399996, -15.31522473299998], [-74.22417085899997, -15.236050482999929], [-74.17631998399997, -15.22291998299994], [-74.11089998399996, -15.23962998299993], [-74.07930998399996, -15.232549982999956], [-73.99841998299996, -15.160949982999966], [-73.92451998299998, -15.131309982999937], [-73.84128998299997, -15.133339982999928], [-73.80143998299997, -15.085319982999977], [-73.81342998299993, -14.977209982999966], [-73.90029998299997, -14.843489981999937], [-73.89354998299996, -14.810859981999954], [-73.87078998299995, -14.800139981999962], [-73.87057235799995, -14.767147106999971], [-73.82571860799999, -14.725922981999929], [-73.83658485799998, -14.711062856999945], [-73.82321235799998, -14.647593856999947], [-73.78113085799998, -14.638302731999943], [-73.76292773299997, -14.650757856999974], [-73.75557435799993, -14.63605273199994], [-73.69067248299996, -14.629416856999967], [-73.63589710799994, -14.592205106999927], [-73.60589335799995, -14.54226310699994], [-73.58722485799996, -14.548949106999942], [-73.53246223299993, -14.507242231999953], [-73.58573810799999, -14.40728373199994], [-73.60978560799998, -14.397907731999965], [-73.61242935799999, -14.370859981999956], [-73.65473260799996, -14.373493981999957], [-73.69042198299996, -14.326347606999946], [-73.73918510799996, -14.338212731999931], [-73.78334798299994, -14.32294985699997], [-73.82621898299993, -14.278911106999942], [-73.87798473299995, -14.289171606999957], [-73.89658398299997, -14.262831981999966], [-73.89494098299997, -14.229394481999975], [-73.87925460799994, -14.216695481999977], [-73.90714035799994, -14.191737606999936], [-73.94249823299998, -14.198844231999942], [-73.99898998299994, -14.159329981999974], [-74.03791260799994, -14.098499856999979], [-74.08123485899995, -14.112679856999932], [-74.06653923399995, -14.02992298199996]]]}}, {"id": "48", "type": "Feature", "properties": {"idProv": "AYACUCHO - PARINACOCHAS", "nombdep": "AYACUCHO", "nombprov": "PARINACOCHAS"}, "geometry": {"type": "Polygon", "coordinates": [[[-73.52822348299998, -14.510305856999935], [-73.56446085799996, -14.520893981999961], [-73.58722485799996, -14.548949106999942], [-73.60589335799995, -14.54226310699994], [-73.63589710799994, -14.592205106999927], [-73.69067248299996, -14.629416856999967], [-73.75557435799993, -14.63605273199994], [-73.76292773299997, -14.650757856999974], [-73.78113085799998, -14.638302731999943], [-73.82321235799998, -14.647593856999947], [-73.83658485799998, -14.711062856999945], [-73.82571860799999, -14.725922981999929], [-73.87057235799995, -14.767147106999971], [-73.87078998299995, -14.800139981999962], [-73.89354998299996, -14.810859981999954], [-73.90029998299997, -14.843489981999937], [-73.81342998299993, -14.977209982999966], [-73.79547998299995, -15.07227998299993], [-73.83718998299997, -15.130539982999949], [-73.96823998299999, -15.146049982999955], [-74.07930998399996, -15.232549982999956], [-74.11089998399996, -15.23962998299993], [-74.17631998399997, -15.22291998299994], [-74.22417085899997, -15.236050482999929], [-74.19136398399996, -15.31522473299998], [-74.25717823399998, -15.403293982999969], [-74.24117573399997, -15.481039107999948], [-74.16647335899995, -15.483957232999956], [-74.15047460899996, -15.427576107999982], [-74.09452060899997, -15.392003107999926], [-74.06542973399996, -15.402194982999958], [-74.03729248299999, -15.45607760799993], [-74.04341885799994, -15.491040357999964], [-74.07918548399994, -15.515720357999953], [-74.06728360899996, -15.539294232999964], [-74.08473973399998, -15.618906982999931], [-74.06864923399996, -15.629886607999936], [-74.01966098299994, -15.599853482999947], [-74.01027673299996, -15.559402482999928], [-73.96921535799999, -15.532937982999954], [-73.91769410799998, -15.460729607999951], [-73.87212373299997, -15.432975732999978], [-73.88407910799998, -15.337456732999954], [-73.86565398299996, -15.32416348299995], [-73.77633660799995, -15.338743232999946], [-73.75886535799998, -15.38526535799997], [-73.68582910799995, -15.43765635799997], [-73.65303798299993, -15.41653060799996], [-73.55593110799998, -15.408222232999947], [-73.44110210799994, -15.355723732999934], [-73.44853710799998, -15.318898607999927], [-73.50338598299999, -15.271604107999963], [-73.53702998299997, -15.215609982999979], [-73.55496998299998, -15.154759982999963], [-73.53606998299995, -15.081229982999957], [-73.54527998299994, -15.055659982999941], [-73.48560073299996, -15.06057573299995], [-73.46249298299995, -15.038214357999948], [-73.44807398299997, -15.06139348299996], [-73.42038435799998, -15.064880607999953], [-73.34427148299994, -15.037277982999967], [-73.33163998299995, -15.029619982999975], [-73.34201498299996, -15.003159357999948], [-73.26387110799999, -14.976046857999961], [-73.27258998299999, -14.950789982999936], [-73.25499823299998, -14.899753357999941], [-73.19525323299996, -14.922985857999947], [-73.19149423299996, -14.910176857999943], [-73.13768998299997, -14.897358357999963], [-73.11670985799998, -14.872524981999959], [-73.12919760799997, -14.856054981999932], [-73.11871823299998, -14.842584606999935], [-73.06118748299997, -14.825529356999937], [-73.01420598299995, -14.855708106999941], [-73.00278473299994, -14.814986231999967], [-72.93083185699999, -14.758512481999958], [-72.88533998199995, -14.772229981999942], [-72.84682460699997, -14.759823856999958], [-72.86687923199997, -14.708312606999982], [-72.91780773199997, -14.685262106999971], [-72.93572510699994, -14.695265731999939], [-72.97455773199994, -14.651816856999972], [-72.99780848299997, -14.662773606999963], [-73.01466610799997, -14.63090585699996], [-73.04264798299994, -14.623083856999926], [-73.04331260799995, -14.657244231999982], [-73.06312498299997, -14.66580473199997], [-73.09805698299994, -14.650765856999953], [-73.10985648299999, -14.692304856999954], [-73.15323735799996, -14.674345106999965], [-73.19041160799998, -14.705774731999952], [-73.26362110799994, -14.70978910699995], [-73.28423860799995, -14.734101106999958], [-73.35080660799997, -14.704029356999968], [-73.36436810799995, -14.681649231999927], [-73.40680660799995, -14.768917856999963], [-73.43992248299998, -14.78695360699993], [-73.46448435799994, -14.83982810699996], [-73.48502998299995, -14.84256998199993], [-73.52856998299995, -14.801349981999977], [-73.54956998299997, -14.801429981999945], [-73.57713998299994, -14.714429981999956], [-73.57109898299996, -14.687271606999957], [-73.52308173299997, -14.673049356999968], [-73.51006098299996, -14.650100731999942], [-73.53358985799997, -14.584078231999968], [-73.50701173299996, -14.544308606999948], [-73.52822348299998, -14.510305856999935]], [[-73.74955560799998, -15.266017982999927], [-73.70144873299995, -15.24712085799996], [-73.68731023299995, -15.27604460799995], [-73.66585898299996, -15.27095210799996], [-73.63936048299996, -15.290174107999974], [-73.68386823299994, -15.33410298299998], [-73.72437523299999, -15.320629982999947], [-73.74955560799998, -15.266017982999927]]]}}, {"id": "49", "type": "Feature", "properties": {"idProv": "AYACUCHO - PAUCAR DEL SARA SARA", "nombdep": "AYACUCHO", "nombprov": "PAUCAR DEL SARA SARA"}, "geometry": {"type": "Polygon", "coordinates": [[[-73.01420598299995, -14.855708106999941], [-73.06581448299994, -14.825359231999926], [-73.11871823299998, -14.842584606999935], [-73.12919760799997, -14.856054981999932], [-73.11670985799998, -14.872524981999959], [-73.13768998299997, -14.897358357999963], [-73.19149423299996, -14.910176857999943], [-73.19525323299996, -14.922985857999947], [-73.26349523299996, -14.904621732999942], [-73.26387110799999, -14.976046857999961], [-73.34201498299996, -15.003159357999948], [-73.33163998299995, -15.029619982999975], [-73.34427148299994, -15.037277982999967], [-73.42038435799998, -15.064880607999953], [-73.44807398299997, -15.06139348299996], [-73.46249298299995, -15.038214357999948], [-73.48560073299996, -15.06057573299995], [-73.54547998299995, -15.05580998299996], [-73.53606998299995, -15.081229982999957], [-73.55496998299998, -15.154759982999963], [-73.53702998299997, -15.215609982999979], [-73.50338598299999, -15.271604107999963], [-73.44853710799998, -15.318898607999927], [-73.43035123299995, -15.379127482999934], [-73.33628085799995, -15.405148482999948], [-73.27728273299994, -15.394587607999938], [-73.29379998299999, -15.359409982999978], [-73.27772998299997, -15.318179982999936], [-73.28492110799993, -15.29493810799994], [-73.24593348299999, -15.286091857999963], [-73.17213435799994, -15.306076107999957], [-73.12058260799995, -15.230816857999969], [-73.11167148299995, -15.186534857999959], [-73.04756160799997, -15.134347857999956], [-73.02183798299995, -15.131798857999968], [-73.00511173299998, -15.007749607999926], [-72.98298648199994, -14.972080232999929], [-73.03146360799997, -14.900051107999957], [-73.01420598299995, -14.855708106999941]]]}}, {"id": "50", "type": "Feature", "properties": {"idProv": "AYACUCHO - SUCRE", "nombdep": "AYACUCHO", "nombprov": "SUCRE"}, "geometry": {"type": "Polygon", "coordinates": [[[-73.74325785799994, -13.76982523099997], [-73.80301773299993, -13.795134230999963], [-73.80451948299998, -13.86448435699998], [-73.82604960799995, -13.914539856999966], [-73.88978398299997, -13.956574106999938], [-73.88262998299996, -14.016629981999927], [-73.91201998299994, -14.119629981999935], [-73.97204998299998, -14.109854481999946], [-73.98606060799995, -14.089849606999962], [-73.98872160799993, -14.111743106999938], [-73.94249823299998, -14.198844231999942], [-73.90714035799994, -14.191737606999936], [-73.87925460799994, -14.216695481999977], [-73.89494098299997, -14.229394481999975], [-73.89658398299997, -14.262831981999966], [-73.87861285799994, -14.28871473199996], [-73.82621898299993, -14.278911106999942], [-73.78409973299995, -14.322473981999963], [-73.73918510799996, -14.338212731999931], [-73.69042198299996, -14.326347606999946], [-73.65473260799996, -14.373493981999957], [-73.61242935799999, -14.370859981999956], [-73.60978560799998, -14.397907731999965], [-73.57301648299995, -14.415896731999965], [-73.55385673299998, -14.401220481999928], [-73.51719010799997, -14.309360106999975], [-73.51873998299999, -14.242219981999938], [-73.58661998299993, -14.11033998199997], [-73.61106998299994, -14.089939981999976], [-73.62588998299998, -13.994909981999967], [-73.65646998299997, -13.929949981999982], [-73.68508798299996, -13.905928356999937], [-73.69777935799993, -13.847415981999973], [-73.72868998299998, -13.816119980999929], [-73.74325785799994, -13.76982523099997]]]}}, {"id": "51", "type": "Feature", "properties": {"idProv": "AYACUCHO - VICTOR FAJARDO", "nombdep": "AYACUCHO", "nombprov": "VICTOR FAJARDO"}, "geometry": {"type": "Polygon", "coordinates": [[[-74.63995998399997, -13.555409980999968], [-74.70948998399996, -13.585159980999947], [-74.78241998399994, -13.578509980999968], [-74.77539123399998, -13.710538480999958], [-74.75389060899994, -13.736976605999928], [-74.76652535899996, -13.772234355999956], [-74.70727998399997, -13.745259980999947], [-74.63602998399995, -13.740619980999952], [-74.60997998399995, -13.695339980999961], [-74.56645998399995, -13.718279980999966], [-74.53064998399998, -13.709559980999927], [-74.52068998399994, -13.735859980999976], [-74.42586998399997, -13.79755998099995], [-74.36248735899994, -13.759404230999962], [-74.36959810899998, -13.736338730999933], [-74.33138360899994, -13.763703605999979], [-74.31555960899993, -13.733639730999926], [-74.29805273399995, -13.756018230999928], [-74.25405660899997, -13.75899460599993], [-74.22737485899995, -13.806159480999952], [-74.18901623399995, -13.813862730999972], [-74.15976473399996, -13.84137035699996], [-74.15517998399997, -13.87286998199994], [-74.11213998399995, -13.898449981999931], [-74.10103285899999, -13.95498160699998], [-74.11893710899994, -13.989325356999927], [-74.09918185899994, -14.006282731999931], [-74.11604298399999, -14.028872981999939], [-74.08156648399995, -14.01965598199996], [-74.06304148399994, -14.038948106999953], [-74.08209148399999, -14.111537731999931], [-74.03791260799994, -14.098499856999979], [-73.99915998299997, -14.15918998199993], [-73.95041998299996, -14.186439981999968], [-73.98850585799994, -14.093511606999982], [-73.97204998299998, -14.109854481999946], [-73.91201998299994, -14.119629981999935], [-73.88262998299996, -14.016629981999927], [-73.89038923299995, -13.95855460699994], [-73.86305360799997, -13.937678981999966], [-73.88537510799995, -13.916112856999973], [-73.91181610799998, -13.828455606999967], [-73.95796685799996, -13.788830980999933], [-74.00512510799996, -13.69656798099993], [-74.09873635899999, -13.670912105999946], [-74.13893698399994, -13.632993730999942], [-74.30019035899994, -13.63313485599997], [-74.44374998399996, -13.58552998099998], [-74.51618998399994, -13.602149980999968], [-74.52105998399998, -13.615479980999964], [-74.63995998399997, -13.555409980999968]]]}}, {"id": "52", "type": "Feature", "properties": {"idProv": "AYACUCHO - VILCAS HUAMAN", "nombdep": "AYACUCHO", "nombprov": "VILCAS HUAMAN"}, "geometry": {"type": "Polygon", "coordinates": [[[-74.04518507699999, -13.440037289999964], [-74.05889632499998, -13.408943287999932], [-74.08047003799999, -13.450580019999961], [-74.05027003799995, -13.53205001799995], [-74.05957273299998, -13.593399480999949], [-74.03584460799993, -13.613561980999975], [-74.05007085799997, -13.682645605999937], [-74.00397260799997, -13.697832355999935], [-73.95796685799996, -13.788830980999933], [-73.91181610799998, -13.828455606999967], [-73.88537510799995, -13.916112856999973], [-73.86305360799997, -13.937678981999966], [-73.82940510799995, -13.918943981999973], [-73.80948160799994, -13.876820356999929], [-73.80301773299993, -13.795134230999963], [-73.66966785799997, -13.734259855999937], [-73.71514260799995, -13.70453448099994], [-73.74361973299995, -13.655562480999947], [-73.79555848299998, -13.63554598099995], [-73.81081248299995, -13.521797105999951], [-73.83479906299993, -13.47017582899997], [-73.86503019199995, -13.465229644999965], [-73.92608201499996, -13.49936321599995], [-73.96597205599994, -13.500296332999937], [-73.99238345599997, -13.478385170999957], [-73.99251332699998, -13.441334636999954], [-74.04518507699999, -13.440037289999964]]]}}, {"id": "53", "type": "Feature", "properties": {"idProv": "CAJAMARCA - CAJAMARCA", "nombdep": "CAJAMARCA", "nombprov": "CAJAMARCA"}, "geometry": {"type": "Polygon", "coordinates": [[[-78.51266998799997, -6.818879974999959], [-78.52975898799997, -6.798134349999941], [-78.60137873799994, -6.86762884999996], [-78.61350611299997, -6.9207263499999385], [-78.60524023799996, -6.997587849999945], [-78.74598998799996, -7.219329974999937], [-78.60888998799999, -7.27801997499995], [-78.62978323799996, -7.2987148499999535], [-78.63913348799997, -7.348154349999959], [-78.69622998799997, -7.413359975999981], [-78.66399373799999, -7.40362135099997], [-78.62984273799998, -7.445499975999951], [-78.62731723799999, -7.478857350999931], [-78.65024236299996, -7.527798600999972], [-78.62456998799996, -7.548559975999979], [-78.49138998799998, -7.554869975999964], [-78.41562998799998, -7.485069975999977], [-78.33583098699995, -7.495248225999944], [-78.35680773799999, -7.399630850999927], [-78.27738286199997, -7.373447349999935], [-78.27664823699996, -7.358900224999957], [-78.32557623699995, -7.34285747499996], [-78.28794136199997, -7.3281659749999335], [-78.27174998699996, -7.293609974999981], [-78.23561000699993, -7.319389996999973], [-78.22171998699997, -7.306809974999965], [-78.25082998699997, -7.2306599749999805], [-78.18369448699997, -7.14914747499995], [-78.21945786199996, -7.071584849999965], [-78.26581786199995, -7.032651724999937], [-78.29427861199997, -7.030306724999946], [-78.28718361199998, -7.020923849999974], [-78.30938848699998, -7.0127469749999705], [-78.33920273699994, -6.955267099999958], [-78.38274998799994, -6.923583974999929], [-78.41150611299997, -6.94237097499996], [-78.42788861299994, -6.930421474999946], [-78.42855548799997, -6.892200599999967], [-78.46596336299996, -6.8068384749999495], [-78.49269036299995, -6.801219974999981], [-78.51266998799997, -6.818879974999959]]]}}, {"id": "54", "type": "Feature", "properties": {"idProv": "CAJAMARCA - CAJABAMBA", "nombdep": "CAJAMARCA", "nombprov": "CAJABAMBA"}, "geometry": {"type": "Polygon", "coordinates": [[[-77.91964873699999, -7.343767849999949], [-77.97364848699993, -7.374031224999953], [-78.01331998699999, -7.462159975999953], [-78.08644998699998, -7.4540599759999395], [-78.12590998699994, -7.480209975999969], [-78.16836998699995, -7.465489975999958], [-78.21766998699997, -7.410239975999957], [-78.22014998699996, -7.387419975999933], [-78.27738286199997, -7.373447349999935], [-78.35680773799999, -7.399630850999927], [-78.34367398699999, -7.41737810099994], [-78.35049798699998, -7.474790975999952], [-78.32207836199996, -7.503777475999925], [-78.35415148699997, -7.5159908509999696], [-78.35679223799997, -7.574006100999952], [-78.37816598799998, -7.5940351009999745], [-78.38281923799997, -7.630107100999965], [-78.36023623799997, -7.64489010099993], [-78.34847786199998, -7.685132725999949], [-78.28865061199997, -7.70703547599993], [-78.27242186199999, -7.753517600999942], [-78.22182036199996, -7.763460975999976], [-78.21935073699996, -7.724458100999925], [-78.17134511199998, -7.713393850999978], [-78.12838423699998, -7.653224225999963], [-78.08122111199998, -7.696168850999925], [-77.93658423699998, -7.657477225999969], [-77.94050323699997, -7.640627350999978], [-77.91288948699997, -7.625400225999954], [-77.92241998699996, -7.599739975999967], [-77.86793998699994, -7.5830299759999775], [-77.85685998699995, -7.523529975999963], [-77.74130161199997, -7.467406725999979], [-77.77163073699995, -7.418814100999953], [-77.82499573699994, -7.378663850999942], [-77.82960248699999, -7.347638599999925], [-77.88258998699996, -7.364239974999975], [-77.91964873699999, -7.343767849999949]]]}}, {"id": "55", "type": "Feature", "properties": {"idProv": "CAJAMARCA - CELENDIN", "nombdep": "CAJAMARCA", "nombprov": "CELENDIN"}, "geometry": {"type": "Polygon", "coordinates": [[[-78.24345173699999, -6.401710474999959], [-78.27793186199995, -6.388961474999974], [-78.29713998699998, -6.401049974999978], [-78.32134998699996, -6.449969974999931], [-78.36545511299994, -6.472150474999978], [-78.33976623699994, -6.581448974999944], [-78.37084961299996, -6.573984349999932], [-78.41296998799999, -6.595859974999939], [-78.38416998799994, -6.678739974999928], [-78.40670986299995, -6.7156257249999385], [-78.40197486299996, -6.815057349999961], [-78.45437561299997, -6.836473224999963], [-78.42855548799997, -6.892200599999967], [-78.43142211299994, -6.924317974999951], [-78.41150611299997, -6.94237097499996], [-78.38274998799994, -6.923583974999929], [-78.33920273699994, -6.955267099999958], [-78.30938848699998, -7.0127469749999705], [-78.28718361199998, -7.020923849999974], [-78.29427861199997, -7.030306724999946], [-78.26581786199995, -7.032651724999937], [-78.21945786199996, -7.071584849999965], [-78.18369448699997, -7.14914747499995], [-78.11445323699996, -7.146253599999966], [-78.10259998699996, -7.127769974999978], [-78.05627998699998, -7.134859974999927], [-77.95114973699998, -7.0646134749999305], [-78.00081223699993, -6.988490599999977], [-77.98849111199996, -6.975324349999937], [-78.01364061199996, -6.931683849999956], [-78.00165011199994, -6.862284599999953], [-78.03110786199994, -6.847056099999975], [-78.01376298699995, -6.822870974999944], [-78.02161523699993, -6.769333099999926], [-78.04638311199994, -6.688711599999976], [-78.10715461199999, -6.6434304749999455], [-78.11667086199998, -6.5779975999999465], [-78.13763386199997, -6.5631735999999705], [-78.15218111199994, -6.499826349999978], [-78.17383986199997, -6.493705474999956], [-78.19002948699995, -6.457016099999976], [-78.20998586199994, -6.458030224999959], [-78.24345173699999, -6.401710474999959]]]}}, {"id": "56", "type": "Feature", "properties": {"idProv": "CAJAMARCA - CHOTA", "nombdep": "CAJAMARCA", "nombprov": "CHOTA"}, "geometry": {"type": "Polygon", "coordinates": [[[-78.50543423799996, -6.08737384899996], [-78.53348448799994, -6.182468598999947], [-78.50988373799998, -6.284883973999968], [-78.66773998799994, -6.315039974999934], [-78.71408786299997, -6.368482474999951], [-78.71334823799998, -6.395325974999935], [-78.74717698799998, -6.419773599999928], [-78.73222123799997, -6.459886724999933], [-78.76668370699997, -6.55038166199995], [-78.80556048799997, -6.506005849999951], [-78.84396260699998, -6.48898233999995], [-78.79598836299994, -6.441029349999951], [-78.89738873799996, -6.431976474999942], [-78.93189648799995, -6.346531224999978], [-78.98813861299999, -6.291681598999958], [-79.05367286299997, -6.32938597499998], [-79.06942173799996, -6.308458099999939], [-79.08561798799997, -6.3200288499999715], [-79.16228661299994, -6.272968598999967], [-79.21083411299998, -6.277809098999967], [-79.22281661299996, -6.211596973999974], [-79.27904836299996, -6.229257723999979], [-79.28473823799999, -6.254496098999937], [-79.32903486299995, -6.266270223999925], [-79.35277298799997, -6.3039817249999714], [-79.38794136299998, -6.298294848999944], [-79.42767856299997, -6.317402300999959], [-79.45857086399997, -6.372099099999957], [-79.42288823799998, -6.451881974999935], [-79.43388948899997, -6.48116022499994], [-79.41713598799998, -6.505321349999974], [-79.42194373799998, -6.5333634749999305], [-79.40442648799996, -6.541321224999933], [-79.36961336299998, -6.520802849999939], [-79.36065998799995, -6.568839974999946], [-79.33573611299994, -6.602429474999951], [-79.36249636299993, -6.634765224999967], [-79.32535998799995, -6.640659974999949], [-79.29641586299994, -6.675671724999972], [-79.27187223799996, -6.680265599999927], [-79.22906036299997, -6.671405974999971], [-79.25295001599994, -6.609549993999963], [-79.12626998799999, -6.632029974999966], [-79.09427998799998, -6.6017499749999615], [-79.06601998799994, -6.5230099749999795], [-79.02384998799994, -6.512769974999969], [-78.98845361299999, -6.511742349999963], [-78.96585736299994, -6.5318007249999255], [-78.92857836299999, -6.503457599999933], [-78.90614298799994, -6.527808474999972], [-78.82326261299994, -6.5257389749999675], [-78.80963598799997, -6.554252474999942], [-78.77664998799997, -6.563109974999975], [-78.78637698799997, -6.581240224999931], [-78.76003623799994, -6.59608097499995], [-78.75801998799994, -6.632119974999966], [-78.72162311299996, -6.6291784749999465], [-78.65263286299995, -6.680619099999944], [-78.56040048799997, -6.597847724999951], [-78.50604836299993, -6.602491474999965], [-78.45827998799996, -6.560469974999933], [-78.44215998799996, -6.571909974999926], [-78.43708998799997, -6.559979974999976], [-78.41296998799999, -6.595859974999939], [-78.36325598799993, -6.572590849999926], [-78.34133511199997, -6.58331359999994], [-78.36545511299994, -6.472150474999978], [-78.32180998699994, -6.450409974999957], [-78.27793186199995, -6.388961474999974], [-78.33373498699996, -6.35097772499995], [-78.37008911299995, -6.239083973999925], [-78.41541723799997, -6.2126064739999265], [-78.41778948799998, -6.1905163489999495], [-78.50543423799996, -6.08737384899996]]]}}, {"id": "57", "type": "Feature", "properties": {"idProv": "CAJAMARCA - CONTUMAZA", "nombdep": "CAJAMARCA", "nombprov": "CONTUMAZA"}, "geometry": {"type": "Polygon", "coordinates": [[[-79.01332998799995, -7.179499974999942], [-79.04412998799995, -7.195189974999948], [-79.07570998799997, -7.252669974999947], [-79.12440236299994, -7.180578099999934], [-79.14324448799994, -7.193748349999964], [-79.24980661299998, -7.1962363499999356], [-79.27555286299997, -7.2155392249999295], [-79.26891998799994, -7.278409974999931], [-79.30684998799995, -7.283709974999965], [-79.36927998799996, -7.324119974999974], [-79.31579761299997, -7.3595540999999685], [-79.28290211299998, -7.348743474999935], [-79.23248023799994, -7.390682725999966], [-79.19444273799996, -7.373373724999965], [-79.15449223799999, -7.439134850999949], [-79.06542811299994, -7.472708600999965], [-79.07155186299997, -7.505345725999973], [-79.05984723799997, -7.546675475999962], [-79.03860423799995, -7.562062475999937], [-79.04123248799993, -7.599887475999935], [-78.99540273799994, -7.658858975999976], [-78.97255473799999, -7.660281225999938], [-78.95182998799999, -7.64687997599998], [-78.94434373799999, -7.598417975999951], [-78.91277398799997, -7.551086600999952], [-78.85108798799996, -7.522117225999978], [-78.88666698799994, -7.484345975999929], [-78.87772673799998, -7.471446850999939], [-78.78991411299995, -7.395154350999974], [-78.78128748799998, -7.42366872599996], [-78.76011998799999, -7.40197997599995], [-78.73821998799997, -7.420089975999929], [-78.69656998799996, -7.413729975999956], [-78.63913348799997, -7.348154349999959], [-78.62978323799996, -7.2987148499999535], [-78.60868998799998, -7.2786599749999255], [-78.75916998799994, -7.21498997499998], [-78.89691998799998, -7.228659974999971], [-78.95567998799999, -7.187669974999949], [-79.01332998799995, -7.179499974999942]]]}}, {"id": "58", "type": "Feature", "properties": {"idProv": "CAJAMARCA - CUTERVO", "nombdep": "CAJAMARCA", "nombprov": "CUTERVO"}, "geometry": {"type": "Polygon", "coordinates": [[[-78.70378648799993, -5.781941973999949], [-78.78544823799996, -5.876103973999932], [-78.83300998799996, -5.892019973999936], [-78.87518498799994, -6.032784223999954], [-78.90093911299994, -6.044952098999943], [-78.96466236299995, -6.012215098999945], [-79.01534086299995, -6.022090098999968], [-79.07951861299995, -6.065234098999952], [-79.09552286299999, -6.1158405989999665], [-79.17226348799994, -6.1343494739999755], [-79.22984573799994, -6.091902348999952], [-79.27466461299997, -6.15846047399998], [-79.25040023799994, -6.220900223999934], [-79.22228186299998, -6.211983348999979], [-79.21083411299998, -6.277809098999967], [-79.16228661299994, -6.272968598999967], [-79.08561798799997, -6.3200288499999715], [-79.06942173799996, -6.308458099999939], [-79.05367286299997, -6.32938597499998], [-78.98813861299999, -6.291681598999958], [-78.93189648799995, -6.346531224999978], [-78.89738873799996, -6.431976474999942], [-78.79598836299994, -6.441029349999951], [-78.84396260699998, -6.48898233999995], [-78.80556048799997, -6.506005849999951], [-78.76668370699997, -6.55038166199995], [-78.73222123799997, -6.459886724999933], [-78.74717698799998, -6.419773599999928], [-78.71334823799998, -6.395325974999935], [-78.71408786299997, -6.368482474999951], [-78.66773998799994, -6.315039974999934], [-78.50867523799997, -6.279853973999934], [-78.53366298799995, -6.191391598999928], [-78.50513973799997, -6.089158098999974], [-78.51586061299997, -6.072056223999937], [-78.58462936299998, -6.078620973999932], [-78.60741286299998, -6.056641973999945], [-78.61121011299997, -6.016609973999948], [-78.69593361299997, -5.888527348999958], [-78.71228973799998, -5.829488973999958], [-78.70378648799993, -5.781941973999949]]]}}, {"id": "59", "type": "Feature", "properties": {"idProv": "CAJAMARCA - HUALGAYOC", "nombdep": "CAJAMARCA", "nombprov": "HUALGAYOC"}, "geometry": {"type": "Polygon", "coordinates": [[[-78.40171998799997, -6.615769974999978], [-78.45827998799996, -6.560469974999933], [-78.52647886299997, -6.60909072499993], [-78.56040048799997, -6.597847724999951], [-78.63650673799998, -6.654539349999936], [-78.64973636299999, -6.680755849999969], [-78.72162311299996, -6.6291784749999465], [-78.75801998799994, -6.632119974999966], [-78.76946186299995, -6.651076724999939], [-78.71841411299994, -6.739673849999974], [-78.63838798799998, -6.777815974999953], [-78.60137873799994, -6.86762884999996], [-78.52975898799997, -6.798134349999941], [-78.51246998799996, -6.818919974999972], [-78.49269036299995, -6.801219974999981], [-78.46787861299998, -6.805772349999927], [-78.45347761299996, -6.834194974999946], [-78.43417336299996, -6.835233974999937], [-78.39427236299997, -6.792810599999939], [-78.40670986299995, -6.7156257249999385], [-78.38416998799994, -6.678739974999928], [-78.40171998799997, -6.615769974999978]]]}}, {"id": "60", "type": "Feature", "properties": {"idProv": "CAJAMARCA - JAEN", "nombdep": "CAJAMARCA", "nombprov": "JAEN"}, "geometry": {"type": "Polygon", "coordinates": [[[-78.51957061299998, -5.396391473999927], [-78.58981148799995, -5.324943598999937], [-78.67756961299995, -5.408885098999974], [-78.74760298799998, -5.3925742239999295], [-78.76078123799994, -5.374140598999929], [-78.78667573799999, -5.428464223999981], [-78.86651436299996, -5.4696560989999625], [-78.93624123799998, -5.477181848999976], [-78.99674086299996, -5.463821098999972], [-79.01027473799996, -5.44547659899996], [-79.06086436299995, -5.4456119739999735], [-79.09898098799994, -5.366097848999971], [-79.15509873799994, -5.397356973999933], [-79.15285073799998, -5.422110973999963], [-79.18909323799994, -5.454510973999959], [-79.20257998799997, -5.506264598999962], [-79.25905523799997, -5.5017422239999405], [-79.28194723799999, -5.525232348999964], [-79.31065836299996, -5.520062723999956], [-79.32988948799994, -5.535418973999981], [-79.39050373799995, -5.523532473999978], [-79.39949661299994, -5.538747598999976], [-79.37112098799997, -5.6025637239999355], [-79.39925973799996, -5.702542973999925], [-79.39924561299995, -5.771214723999947], [-79.33543748799997, -5.893968723999933], [-79.36189061299996, -5.932759723999936], [-79.42050998799994, -5.972099973999946], [-79.41721111299995, -6.005238348999967], [-79.39591786299997, -5.977193098999976], [-79.36471186299997, -5.976387473999978], [-79.34901761299994, -5.9796878489999585], [-79.31911011299997, -6.042544223999926], [-79.32214111299999, -5.999126098999966], [-79.30463086299994, -5.985400348999974], [-79.26330073799994, -6.003262723999967], [-79.26601248799994, -6.025022723999939], [-79.24087423799995, -6.028633723999974], [-79.22493861299995, -6.054705848999959], [-79.19000398799994, -6.024765598999977], [-79.17598836299999, -6.0383700989999625], [-79.18893561299996, -6.058923973999981], [-79.18130686299997, -6.088203723999925], [-79.21320898799996, -6.098874973999955], [-79.17226348799994, -6.1343494739999755], [-79.08674361299995, -6.110049598999979], [-79.07951861299995, -6.065234098999952], [-79.01534086299995, -6.022090098999968], [-78.96466236299995, -6.012215098999945], [-78.90093911299994, -6.044952098999943], [-78.87518498799994, -6.032784223999954], [-78.83300998799996, -5.892019973999936], [-78.78544823799996, -5.876103973999932], [-78.74162636299997, -5.836239223999939], [-78.72009386299999, -5.786028723999948], [-78.70057048799998, -5.785220848999927], [-78.68860448799995, -5.74638559899995], [-78.65367673799994, -5.735222223999926], [-78.65372686299997, -5.719082223999976], [-78.68524498799997, -5.696665598999971], [-78.62477098799997, -5.639364723999961], [-78.58299048799995, -5.550738598999942], [-78.55023461299999, -5.533094723999966], [-78.55824998799994, -5.496361348999926], [-78.51128036299997, -5.443427348999933], [-78.51957061299998, -5.396391473999927]]]}}, {"id": "61", "type": "Feature", "properties": {"idProv": "CAJAMARCA - SAN IGNACIO", "nombdep": "CAJAMARCA", "nombprov": "SAN IGNACIO"}, "geometry": {"type": "Polygon", "coordinates": [[[-78.70034323799996, -4.6276929729999665], [-78.80475973799997, -4.637925722999967], [-78.85617898799995, -4.667668972999934], [-78.89048936299997, -4.717291972999931], [-78.88962948799997, -4.763926097999956], [-78.91542361299997, -4.780856097999958], [-78.89168548799995, -4.808005847999937], [-78.91186211299998, -4.85163522299996], [-78.89165773799994, -4.887343722999958], [-78.97239998799995, -4.894976597999971], [-79.01450511299998, -5.0150287229999435], [-79.07140036299995, -4.990926472999945], [-79.07616061299996, -4.971040847999973], [-79.11071141799994, -4.979403511999976], [-79.20832641799996, -4.9642877619999695], [-79.22624804299994, -5.047857386999965], [-79.27300811299995, -5.058521722999956], [-79.29602611299998, -5.111980222999932], [-79.33035123799993, -5.124428472999966], [-79.34185736299997, -5.163999972999932], [-79.37609573799995, -5.18591209799996], [-79.34803123799998, -5.234392598999932], [-79.35904886299994, -5.288626973999953], [-79.32807223799995, -5.31591409899994], [-79.32605273799999, -5.348037098999953], [-79.30785736299998, -5.365277348999939], [-79.27596086299997, -5.519740223999975], [-79.25905523799997, -5.5017422239999405], [-79.20098098799997, -5.505236598999943], [-79.18909323799994, -5.454510973999959], [-79.15285073799998, -5.422110973999963], [-79.15509873799994, -5.397356973999933], [-79.09962348799996, -5.366264348999948], [-79.06086436299995, -5.4456119739999735], [-79.01027473799996, -5.44547659899996], [-78.99674086299996, -5.463821098999972], [-78.93624123799998, -5.477181848999976], [-78.86651436299996, -5.4696560989999625], [-78.78667573799999, -5.428464223999981], [-78.76078123799994, -5.374140598999929], [-78.74760298799998, -5.3925742239999295], [-78.67717961299996, -5.40883509899993], [-78.59357798799994, -5.336828723999929], [-78.60449223799998, -5.309898473999965], [-78.64157036299997, -5.303751973999965], [-78.65442586299997, -5.274300723999943], [-78.68424411299998, -5.267490223999971], [-78.70911323799999, -5.179628847999936], [-78.70062423799999, -5.104082722999976], [-78.64052823799994, -5.034244472999944], [-78.65143436299996, -4.97856909799998], [-78.67832773799995, -4.968381597999951], [-78.64510461299994, -4.907473597999967], [-78.63187698799999, -4.8364452229999415], [-78.64193748799994, -4.802351597999973], [-78.62069873799999, -4.767931972999975], [-78.62826861299999, -4.739678972999968], [-78.64502686299994, -4.734833472999981], [-78.63787248799997, -4.656415222999954], [-78.66502811299995, -4.655827722999959], [-78.70034323799996, -4.6276929729999665]]]}}, {"id": "62", "type": "Feature", "properties": {"idProv": "CAJAMARCA - SAN MARCOS", "nombdep": "CAJAMARCA", "nombprov": "SAN MARCOS"}, "geometry": {"type": "Polygon", "coordinates": [[[-77.92561248699997, -7.154573099999936], [-77.95114973699998, -7.0646134749999305], [-78.00228998699998, -7.0879099749999455], [-78.05627998699998, -7.134859974999927], [-78.10259998699996, -7.127769974999978], [-78.11445323699996, -7.146253599999966], [-78.18502973699998, -7.149962974999937], [-78.25082998699997, -7.2306599749999805], [-78.22171998699997, -7.306809974999965], [-78.23561000699993, -7.319389996999973], [-78.27174998699996, -7.293609974999981], [-78.28794136199997, -7.3281659749999335], [-78.32507661199998, -7.344344099999944], [-78.21984173699997, -7.387624225999957], [-78.21766998699997, -7.410239975999957], [-78.16836998699995, -7.465489975999958], [-78.13111998699998, -7.480529975999957], [-78.08644998699998, -7.4540599759999395], [-78.01331998699999, -7.462159975999953], [-77.98224973699996, -7.385891975999925], [-77.94255136199996, -7.345664599999964], [-77.88258998699996, -7.364239974999975], [-77.83243811199998, -7.350580849999972], [-77.83105023699994, -7.310030974999961], [-77.85943986199999, -7.266012849999981], [-77.84923961199996, -7.235571474999972], [-77.88200973699998, -7.22054959999997], [-77.89786898699998, -7.166807224999957], [-77.92561248699997, -7.154573099999936]]]}}, {"id": "63", "type": "Feature", "properties": {"idProv": "CAJAMARCA - SAN MIGUEL", "nombdep": "CAJAMARCA", "nombprov": "SAN MIGUEL"}, "geometry": {"type": "Polygon", "coordinates": [[[-78.81102911299996, -6.700302849999957], [-78.85177073799997, -6.7087110999999595], [-78.84948698799997, -6.738690224999971], [-78.88694123799996, -6.797179099999937], [-78.88595423799995, -6.845101349999936], [-78.93644911299998, -6.8395799749999355], [-78.98052198799996, -6.862567849999948], [-79.05137486299998, -6.8364277249999645], [-79.08287998799995, -6.873759974999928], [-79.14633998799997, -6.865599974999952], [-79.20708998799995, -6.821439974999976], [-79.22479361299997, -6.85837609999993], [-79.26274036299998, -6.859156224999936], [-79.29564161299999, -6.883502349999958], [-79.31140186299996, -6.9023985999999695], [-79.29708061299993, -7.003107349999937], [-79.32302273799996, -7.026480349999929], [-79.33054098799994, -7.075572974999943], [-79.29618998799998, -7.129619974999969], [-79.30530123799997, -7.147146224999972], [-79.28095636299997, -7.1570789749999335], [-79.26636061299996, -7.193523724999977], [-79.14324448799994, -7.193748349999964], [-79.12440236299994, -7.180578099999934], [-79.08758961299998, -7.220903974999942], [-79.08219998799996, -7.252759974999947], [-79.01661998799995, -7.178779974999941], [-78.95567998799999, -7.187669974999949], [-78.91665998799994, -7.211169974999962], [-78.88562998799995, -7.170429974999934], [-78.86539998799998, -7.0427799749999735], [-78.74058998799995, -6.999279974999979], [-78.68655998799994, -6.911429974999976], [-78.63386461299996, -6.890035224999963], [-78.61152148799994, -6.835320349999961], [-78.62809323799996, -6.8271634749999635], [-78.63899223799996, -6.777404349999927], [-78.69331536299995, -6.742668349999974], [-78.74616211299997, -6.744611349999957], [-78.81102911299996, -6.700302849999957]]]}}, {"id": "64", "type": "Feature", "properties": {"idProv": "CAJAMARCA - SAN PABLO", "nombdep": "CAJAMARCA", "nombprov": "SAN PABLO"}, "geometry": {"type": "Polygon", "coordinates": [[[-78.61087861299995, -6.853604974999939], [-78.64971873799999, -6.904488224999966], [-78.68967970999995, -6.914669812999932], [-78.74058998799995, -6.999279974999979], [-78.86539998799998, -7.0427799749999735], [-78.88285998799995, -7.091339974999926], [-78.88135998799999, -7.155789974999948], [-78.91276998799998, -7.21754997499994], [-78.89554998799997, -7.228789974999927], [-78.73090998799995, -7.212109974999976], [-78.71999998799998, -7.170819974999972], [-78.66229998799997, -7.104079974999934], [-78.62792998799995, -7.016369974999975], [-78.60524023799996, -6.997587849999945], [-78.61346498799998, -6.91981734999996], [-78.59860661299996, -6.881471474999955], [-78.61087861299995, -6.853604974999939]]]}}, {"id": "65", "type": "Feature", "properties": {"idProv": "CAJAMARCA - SANTA CRUZ", "nombdep": "CAJAMARCA", "nombprov": "SANTA CRUZ"}, "geometry": {"type": "Polygon", "coordinates": [[[-78.91404286299996, -6.521693224999979], [-78.92857836299999, -6.503457599999933], [-78.96585736299994, -6.5318007249999255], [-78.98845361299999, -6.511742349999963], [-79.06001998799996, -6.518219974999965], [-79.08753998799995, -6.5581399749999605], [-79.09427998799998, -6.6017499749999615], [-79.12683998799997, -6.632219974999941], [-79.25295001599994, -6.609549993999963], [-79.21844923799995, -6.692679349999935], [-79.19644711299998, -6.695170474999941], [-79.18842998799994, -6.716539974999932], [-79.14197123799994, -6.700406474999966], [-79.12167911299997, -6.772524974999953], [-79.20708998799995, -6.821439974999976], [-79.13369998799999, -6.869079974999977], [-79.08188998799994, -6.873519974999965], [-79.04974361299998, -6.836218474999953], [-78.97851453099997, -6.862419410999962], [-78.93644911299998, -6.8395799749999355], [-78.88322498799994, -6.843542599999978], [-78.88694123799996, -6.797179099999937], [-78.84948698799997, -6.738690224999971], [-78.84598861299997, -6.7025273499999685], [-78.81765036299998, -6.693154224999944], [-78.74616211299997, -6.744611349999957], [-78.71958473799998, -6.742615099999966], [-78.76946186299995, -6.651076724999939], [-78.75971498799998, -6.596851974999936], [-78.78599148799998, -6.582493099999965], [-78.77664998799997, -6.563109974999975], [-78.80963598799997, -6.554252474999942], [-78.82326261299994, -6.5257389749999675], [-78.91404286299996, -6.521693224999979]]]}}, {"id": "66", "type": "Feature", "properties": {"idProv": "CALLAO - CALLAO", "nombdep": "CALLAO", "nombprov": "CALLAO"}, "geometry": {"type": "Polygon", "coordinates": [[[-77.13504463299995, -11.81819866099994], [-77.15695084199996, -11.825806604999968], [-77.18486599999994, -11.825717469999972], [-77.18676884399997, -11.82675889199993], [-77.18796337099997, -11.82855885899994], [-77.15776561099995, -11.871876979999968], [-77.13343153899996, -11.969104967999954], [-77.15548010699996, -12.04615913999993], [-77.14299983199999, -12.03740733899997], [-77.14080654899999, -12.045654549999938], [-77.17089248399998, -12.072213034999947], [-77.11149184799996, -12.079513758999951], [-77.07794677499999, -12.04662123199995], [-77.09629531799999, -12.033643508999944], [-77.08930654299996, -12.011723149999966], [-77.11804651999995, -11.994862422999972], [-77.10970976199997, -11.976155881999944], [-77.12859179899993, -11.938066405999962], [-77.09524411099994, -11.94965912999993], [-77.10402360399996, -11.935710533999952], [-77.08927396899998, -11.899177613999939], [-77.13504463299995, -11.81819866099994]]]}}, {"id": "67", "type": "Feature", "properties": {"idProv": "CUSCO - CUSCO", "nombdep": "CUSCO", "nombprov": "CUSCO"}, "geometry": {"type": "Polygon", "coordinates": [[[-71.92923323199994, -13.436067855999966], [-71.98021685699996, -13.429496105999931], [-72.00060323199995, -13.444038230999979], [-72.01817423199998, -13.474837355999966], [-72.05142148199997, -13.489838230999965], [-72.06146085699999, -13.527943855999979], [-72.10308960699996, -13.553344980999952], [-72.15871798199998, -13.543753605999939], [-72.16372648199996, -13.607868105999955], [-72.13220698199996, -13.639304730999982], [-72.11468085699994, -13.628396480999982], [-72.09165998199995, -13.64918998099995], [-72.04610998199996, -13.638739980999958], [-72.02209760699998, -13.613438605999931], [-71.92840310699995, -13.615436855999974], [-71.91564048199996, -13.593626480999944], [-71.84315885599995, -13.63079473099998], [-71.83237223099997, -13.62194485599997], [-71.81981760599996, -13.607757730999936], [-71.83559010599998, -13.590832355999964], [-71.81432998099996, -13.568069980999951], [-71.82084998099998, -13.520129980999968], [-71.80462598099996, -13.508258105999971], [-71.84649773099994, -13.486566105999941], [-71.88378573099999, -13.497803605999934], [-71.93167323199998, -13.467599105999966], [-71.92923323199994, -13.436067855999966]]]}}, {"id": "68", "type": "Feature", "properties": {"idProv": "CUSCO - ACOMAYO", "nombdep": "CUSCO", "nombprov": "ACOMAYO"}, "geometry": {"type": "Polygon", "coordinates": [[[-71.75329298099996, -13.710716980999962], [-71.78976173099994, -13.698355480999965], [-71.83444223099997, -13.81141535599994], [-71.80718485599994, -13.828142606999961], [-71.80913998099999, -13.894519981999963], [-71.77985523099994, -13.906573481999942], [-71.77696998099998, -13.93972998199996], [-71.72869998099998, -13.97649998199995], [-71.70045998099994, -14.115379981999979], [-71.60583998099997, -14.154189981999934], [-71.58428998099998, -14.101823106999973], [-71.55739360599995, -14.083456731999945], [-71.49519923099996, -14.137906106999935], [-71.46722085599998, -14.128808356999969], [-71.46091598099997, -14.108741606999956], [-71.44101623099994, -14.105902481999976], [-71.43924998099999, -14.073869981999962], [-71.47991348099998, -14.033364731999939], [-71.49164698099997, -13.987533481999947], [-71.56414835599998, -13.933261856999934], [-71.56538235599999, -13.903277856999978], [-71.62148398099998, -13.896027231999938], [-71.64653410599993, -13.823787606999929], [-71.71246798099997, -13.820303606999971], [-71.69595898099993, -13.795744105999972], [-71.70349210599994, -13.758909605999975], [-71.75329298099996, -13.710716980999962]]]}}, {"id": "69", "type": "Feature", "properties": {"idProv": "CUSCO - ANTA", "nombdep": "CUSCO", "nombprov": "ANTA"}, "geometry": {"type": "Polygon", "coordinates": [[[-72.33572323199996, -13.31474973099995], [-72.36348160699998, -13.28480448099998], [-72.38579910699997, -13.304489730999933], [-72.37525160699994, -13.363730105999934], [-72.44056273199993, -13.344032605999928], [-72.45180498199994, -13.362825230999931], [-72.53271885699996, -13.37301598099998], [-72.55222798199998, -13.333583355999963], [-72.69380273199994, -13.420947230999957], [-72.72123423199997, -13.404785355999934], [-72.74592998199995, -13.415599980999957], [-72.77286310699998, -13.448880605999932], [-72.74846635699998, -13.481120355999963], [-72.67206748199999, -13.522099605999927], [-72.65586873199999, -13.513496980999946], [-72.64080035699999, -13.539603730999943], [-72.60143073199998, -13.544301605999976], [-72.59339035699998, -13.562169105999942], [-72.56048048199995, -13.551805355999932], [-72.48895998199998, -13.591821230999926], [-72.42139785699999, -13.606079730999966], [-72.39982935699999, -13.63368473099996], [-72.40303998199994, -13.658639980999965], [-72.36943998199996, -13.665659980999976], [-72.31233998199997, -13.708489980999957], [-72.26136935699998, -13.68219410599994], [-72.22841210699994, -13.71397848099997], [-72.16724010699994, -13.649038105999978], [-72.13220698199996, -13.639304730999982], [-72.16457760699996, -13.606284855999945], [-72.15871798199998, -13.543753605999939], [-72.10571910699997, -13.553994230999933], [-72.06146085699999, -13.527943855999979], [-72.05142148199997, -13.489838230999965], [-72.01817423199998, -13.474837355999966], [-72.00001110699998, -13.44543260599994], [-72.05938473199996, -13.451839855999935], [-72.10829323199994, -13.422917105999943], [-72.11767148199993, -13.396494355999948], [-72.17019723199996, -13.392327355999953], [-72.20996035699994, -13.36677948099998], [-72.21834198199997, -13.326798980999968], [-72.26628785699995, -13.330485730999953], [-72.28537373199998, -13.311714105999954], [-72.33572323199996, -13.31474973099995]]]}}, {"id": "70", "type": "Feature", "properties": {"idProv": "CUSCO - CALCA", "nombdep": "CUSCO", "nombprov": "CALCA"}, "geometry": {"type": "Polygon", "coordinates": [[[-72.05161773199995, -12.517234604999942], [-72.08864823199997, -12.51510972999995], [-72.12451123199997, -12.548496979999982], [-72.13732085699996, -12.621002604999944], [-72.18576760699995, -12.657139729999926], [-72.22456823199997, -12.665130229999932], [-72.36679179599997, -12.631691302999968], [-72.32167710699997, -12.669424479999975], [-72.35295698199997, -12.68663872999997], [-72.36288673199994, -12.718562479999946], [-72.36162798199996, -12.82721073099998], [-72.31194410699999, -12.92364560599998], [-72.22619273199996, -12.953121605999968], [-72.21371035699997, -12.995628980999982], [-72.16931673199997, -13.024243355999943], [-72.19106460699999, -13.095392980999975], [-72.16610023199996, -13.113050605999945], [-72.13768398199994, -13.188260605999972], [-72.09830985699995, -13.188968355999975], [-72.05955548199995, -13.21498635599994], [-72.03989173199994, -13.316153480999958], [-72.01762385699993, -13.32031210599996], [-71.97412698199997, -13.38284373099998], [-71.98021685699996, -13.429496105999931], [-71.92923323199994, -13.436067855999966], [-71.93167323199998, -13.467599105999966], [-71.88378573099999, -13.497803605999934], [-71.84649773099994, -13.486566105999941], [-71.80226373099998, -13.508575105999967], [-71.74460723099997, -13.575203855999973], [-71.71951998099996, -13.552469980999945], [-71.73804710599995, -13.476866480999945], [-71.72573410599995, -13.456801355999971], [-71.75479573099994, -13.431307355999934], [-71.72508798099994, -13.42080723099997], [-71.72774123099998, -13.40645535599998], [-71.79453473099994, -13.317376855999953], [-71.82129698099999, -13.31959935599997], [-71.83799748099995, -13.30127260599994], [-71.83000298099995, -13.27882723099998], [-71.86418348099994, -13.22705248099993], [-71.85481960599998, -13.206573730999935], [-71.88006498099998, -13.153076730999942], [-71.86323560599999, -13.125585480999973], [-71.88588610599999, -13.109572230999959], [-71.88889048099998, -13.053487605999976], [-71.91068748099997, -13.03209460599993], [-71.88056773099999, -12.992814730999953], [-71.85010435599997, -12.986011105999978], [-71.82392560599999, -12.930220480999935], [-71.89426360599998, -12.82956823099994], [-71.87752735599997, -12.795785105999926], [-71.92117948199996, -12.752775480999958], [-71.89971960599996, -12.736991729999943], [-71.91742285699996, -12.699329104999947], [-71.97859548199995, -12.68333135499995], [-71.95613235699994, -12.654458229999932], [-71.96530548199996, -12.614533104999964], [-71.98421298199997, -12.608166604999951], [-71.98139610699997, -12.58049047999998], [-72.05161773199995, -12.517234604999942]]]}}, {"id": "71", "type": "Feature", "properties": {"idProv": "CUSCO - CANAS", "nombdep": "CUSCO", "nombprov": "CANAS"}, "geometry": {"type": "Polygon", "coordinates": [[[-71.49181710599998, -14.138279731999944], [-71.55739360599995, -14.083456731999945], [-71.58428998099998, -14.101823106999973], [-71.59528998099995, -14.134449981999978], [-71.59571998099995, -14.149879981999959], [-71.54987998099995, -14.175199981999981], [-71.51496998099998, -14.252549981999948], [-71.54911723099997, -14.26238473199993], [-71.55487885599996, -14.361809606999941], [-71.56864030499997, -14.375045088999968], [-71.54974610599999, -14.405521481999926], [-71.60913998099994, -14.445061106999958], [-71.60496998099995, -14.477573856999982], [-71.64630460599994, -14.502439606999928], [-71.64775885599994, -14.53217048199997], [-71.58117860599998, -14.547908981999967], [-71.54356985599998, -14.537990731999969], [-71.53083348099995, -14.570592481999938], [-71.48884923099996, -14.578705106999962], [-71.42819885599994, -14.622169731999975], [-71.41716998099997, -14.602072231999955], [-71.37432998099996, -14.620364981999955], [-71.33851935599995, -14.61476685699995], [-71.30797003599997, -14.660160020999967], [-71.29588335599993, -14.641435731999934], [-71.21438673099993, -14.648110606999978], [-71.18222435599995, -14.614379231999976], [-71.11794060599993, -14.648917731999973], [-71.03104198099999, -14.593262606999929], [-71.01005310599999, -14.597541981999939], [-71.02030073099996, -14.584738856999934], [-71.00413648099999, -14.572821481999938], [-70.97651073099996, -14.582344231999969], [-70.96617660599998, -14.567785856999933], [-70.99934885599998, -14.502638106999939], [-70.98658535599998, -14.49871798199996], [-70.98797260599997, -14.455320356999948], [-70.96235298099998, -14.444538981999926], [-70.97357185599998, -14.418324981999945], [-71.02614723099998, -14.429723606999971], [-71.03686435599997, -14.452039856999932], [-71.07314998699997, -14.45024002699995], [-71.08669073099998, -14.473024231999943], [-71.09816998099996, -14.458129106999934], [-71.13581148099996, -14.463575981999952], [-71.13997360599996, -14.441348731999938], [-71.20991598099994, -14.429089856999951], [-71.25869948099995, -14.377552856999955], [-71.24576160599997, -14.367831481999929], [-71.24881848099994, -14.331267106999974], [-71.29417173099995, -14.313208731999964], [-71.33533648099996, -14.331360606999965], [-71.32972485599998, -14.281613981999953], [-71.37175285599994, -14.278168856999969], [-71.36674223099993, -14.229900356999963], [-71.39711135599998, -14.200437481999927], [-71.41600960599999, -14.209885106999934], [-71.44111023099998, -14.153573606999942], [-71.41671998099997, -14.11546998199998], [-71.42425998099998, -14.106499981999946], [-71.45742348099998, -14.106555731999947], [-71.49181710599998, -14.138279731999944]], [[-71.28033710599993, -14.434711981999953], [-71.16635398099999, -14.484172231999935], [-71.15630260599994, -14.49764073199998], [-71.16795748099997, -14.521440481999946], [-71.22814673099998, -14.50037998199997], [-71.27365235599996, -14.459448731999942], [-71.28033710599993, -14.434711981999953]]]}}, {"id": "72", "type": "Feature", "properties": {"idProv": "CUSCO - CANCHIS", "nombdep": "CUSCO", "nombprov": "CANCHIS"}, "geometry": {"type": "Polygon", "coordinates": [[[-70.98867435599993, -13.762947605999955], [-71.08097073099998, -13.72550198099998], [-71.10353710599998, -13.760379730999944], [-71.16376948099997, -13.743197230999954], [-71.18322223099995, -13.78872485599993], [-71.22316998099996, -13.780094730999963], [-71.24135823099994, -13.818865606999964], [-71.29037573099998, -13.82837073199994], [-71.31981298099998, -13.90575335699998], [-71.35221773099994, -13.901162106999948], [-71.37408285599997, -13.920586106999963], [-71.40754723099997, -13.896509606999928], [-71.42271810599993, -13.92577423199998], [-71.44279298099997, -13.937782606999974], [-71.47396398099994, -13.925915981999935], [-71.51804410599993, -13.974870856999928], [-71.49164698099997, -13.987533481999947], [-71.47991348099998, -14.033364731999939], [-71.43937998099995, -14.073509981999962], [-71.44116998099997, -14.102759981999952], [-71.41673998099998, -14.11531998199996], [-71.44111023099998, -14.153573606999942], [-71.41600960599999, -14.209885106999934], [-71.39711135599998, -14.200437481999927], [-71.36674223099993, -14.229900356999963], [-71.37085223099996, -14.279503356999953], [-71.32809860599997, -14.284459856999945], [-71.33659410599995, -14.330680856999948], [-71.29417173099995, -14.313208731999964], [-71.25603997899998, -14.325359983999931], [-71.24576160599997, -14.367831481999929], [-71.25869948099995, -14.377552856999955], [-71.22627460599995, -14.41797023199996], [-71.08669073099998, -14.473024231999943], [-71.07314998699997, -14.45024002699995], [-71.03686435599997, -14.452039856999932], [-71.02523935599999, -14.42926960699998], [-70.98773360599995, -14.428519606999942], [-70.98603598099999, -14.379762481999933], [-70.91218210599999, -14.341473106999956], [-70.91345685599998, -14.30331948199995], [-70.87991460599994, -14.270434106999971], [-70.89979260599995, -14.232986231999973], [-70.88661010599998, -14.172314356999948], [-70.82114447999999, -14.141146856999967], [-70.78981835499997, -14.078816356999937], [-70.82947172999997, -14.076336856999944], [-70.86181423099998, -14.026227606999953], [-70.84067160599994, -14.008957856999928], [-70.85263610599998, -13.99819673199994], [-70.84679135599998, -13.965053981999972], [-70.80967285499997, -13.912264231999927], [-70.83085960499994, -13.895075106999968], [-70.83339110499998, -13.855754606999938], [-70.88122535599996, -13.832837731999973], [-70.86438773099997, -13.793198230999963], [-70.88832448099998, -13.777905855999961], [-70.91314810599994, -13.814209105999964], [-70.95716185599997, -13.80464610599995], [-70.98867435599993, -13.762947605999955]]]}}, {"id": "73", "type": "Feature", "properties": {"idProv": "CUSCO - CHUMBIVILCAS", "nombdep": "CUSCO", "nombprov": "CHUMBIVILCAS"}, "geometry": {"type": "Polygon", "coordinates": [[[-71.98547998199996, -13.946839981999972], [-72.05567998199996, -13.934849981999946], [-72.06016998199993, -13.965089981999938], [-72.05119998199996, -14.026749981999956], [-72.06789998199997, -14.076539981999929], [-72.05668998199997, -14.129339981999976], [-72.09518998199997, -14.173399981999978], [-72.07648045599996, -14.207429842999943], [-72.12592873199998, -14.254001981999977], [-72.16116773199997, -14.263794731999951], [-72.18710685699995, -14.31322360699994], [-72.23951560699999, -14.348472356999935], [-72.24950523199993, -14.40292623199997], [-72.29480223199994, -14.410792356999934], [-72.28985535699996, -14.423930481999946], [-72.31719923199995, -14.440689481999982], [-72.34088823199994, -14.427838356999928], [-72.35762535699996, -14.435963856999933], [-72.39494723199994, -14.48301160699998], [-72.44049810699994, -14.48174810699993], [-72.50301010699997, -14.551844981999977], [-72.46169948199997, -14.605869606999931], [-72.47177123199998, -14.661398856999938], [-72.46012873199999, -14.67575648199994], [-72.48722835699994, -14.713945231999958], [-72.48666373199995, -14.741969106999932], [-72.46918485699996, -14.78698923199994], [-72.43457035699998, -14.790140106999957], [-72.41036223199995, -14.825670231999936], [-72.31544485699999, -14.833863231999942], [-72.25263973199998, -14.803659481999944], [-72.21219635699998, -14.803241731999947], [-72.18932348199996, -14.778236356999969], [-72.14574435699996, -14.77741810699996], [-72.13168335699999, -14.789396231999945], [-72.13117210699994, -14.828312856999958], [-72.07661998199995, -14.88369998199994], [-72.04683998199994, -14.887439981999933], [-72.04031998199997, -14.839219981999975], [-72.02521998199995, -14.829119981999952], [-72.04051998199998, -14.810499981999953], [-72.04441998199997, -14.702809981999962], [-72.00830003599998, -14.640690020999955], [-71.98791498199995, -14.632949856999971], [-71.92971798199994, -14.688640606999968], [-71.95217998199996, -14.703799981999964], [-71.95896998199999, -14.732589981999979], [-71.92399998199994, -14.789799981999977], [-71.89389860599994, -14.789601231999939], [-71.90207298099995, -14.766816356999982], [-71.87906548099994, -14.75731073199995], [-71.89265323099994, -14.746511981999959], [-71.88062398099999, -14.710369606999961], [-71.84992160599995, -14.689139981999972], [-71.82237835599994, -14.70589948199995], [-71.78402410599995, -14.701800981999952], [-71.73706798099994, -14.658133856999939], [-71.75376573099999, -14.62494073199997], [-71.71278035599994, -14.610418731999971], [-71.70365023099998, -14.573047606999978], [-71.64974023099995, -14.554474481999932], [-71.64630460599994, -14.502439606999928], [-71.60496998099995, -14.477573856999982], [-71.60913998099994, -14.445061106999958], [-71.54974610599999, -14.405521481999926], [-71.56864030499997, -14.375045088999968], [-71.55487885599996, -14.361809606999941], [-71.54911723099997, -14.26238473199993], [-71.51496998099998, -14.252549981999948], [-71.56025998099994, -14.163779981999937], [-71.69970998099996, -14.116289981999955], [-71.67342998099997, -14.196229981999977], [-71.68767998099997, -14.240819981999948], [-71.67965998099999, -14.26491998199998], [-71.69300998099999, -14.278789981999978], [-71.72886998099995, -14.26577998199997], [-71.74614998099997, -14.274869981999927], [-71.75973210599994, -14.259659606999946], [-71.74071198099995, -14.24001435699995], [-71.76371598099996, -14.192424981999977], [-71.80203598099996, -14.179708981999966], [-71.81019823099996, -14.200071856999955], [-71.83213510599995, -14.20403773199996], [-71.88596535599999, -14.19371148199997], [-71.91725673199994, -14.155000606999977], [-71.90325373099995, -14.108323981999945], [-71.91041235599994, -14.057660231999932], [-71.94358998199993, -14.006309981999948], [-71.93737998199998, -13.980549981999957], [-71.95788998199998, -13.992989981999926], [-71.98547998199996, -13.946839981999972]]]}}, {"id": "74", "type": "Feature", "properties": {"idProv": "CUSCO - ESPINAR", "nombdep": "CUSCO", "nombprov": "ESPINAR"}, "geometry": {"type": "Polygon", "coordinates": [[[-71.60187798099997, -14.54611498199995], [-71.64742948099996, -14.531699856999978], [-71.65884248099997, -14.562865981999948], [-71.70406573099996, -14.573331856999971], [-71.71278035599994, -14.610418731999971], [-71.75376573099999, -14.62494073199997], [-71.73706798099994, -14.658133856999939], [-71.78402410599995, -14.701800981999952], [-71.82237835599994, -14.70589948199995], [-71.84992160599995, -14.689139981999972], [-71.89153985599995, -14.734979731999942], [-71.87906548099994, -14.75731073199995], [-71.90241560599998, -14.770327356999928], [-71.85497285599996, -14.854579981999962], [-71.86124423099994, -14.881446856999958], [-71.82726285599995, -14.888825356999973], [-71.82630160599996, -14.906635232999975], [-71.79300785599997, -14.896167982999941], [-71.74595998099994, -14.939869982999937], [-71.77024073099994, -14.98217673299996], [-71.76599885599995, -15.009585357999981], [-71.84931948099995, -15.04508973299994], [-71.83763123099999, -15.074841482999943], [-71.80148310599998, -15.067335107999952], [-71.77253735599999, -15.082439482999973], [-71.67370610599994, -15.089055107999968], [-71.63602448099994, -15.13913923299998], [-71.61456298099995, -15.145854982999936], [-71.58833310599994, -15.127825732999952], [-71.57234373099993, -15.061931607999952], [-71.51344298099997, -15.079844482999931], [-71.48587035599996, -15.059104857999955], [-71.51016998099993, -15.004634857999974], [-71.50522610599995, -14.975560232999953], [-71.44750198099996, -14.979785857999957], [-71.41736585599995, -15.033725732999926], [-71.31912998099995, -15.119736732999968], [-71.26058848099996, -15.078270232999955], [-71.26554110599994, -15.06299973299997], [-71.22653198099994, -15.069554357999948], [-71.20730585599995, -15.050581982999972], [-71.19667810599998, -15.088868107999929], [-71.14325710599996, -15.121558232999973], [-71.18490610599997, -15.169772107999961], [-71.16032860599995, -15.207768232999967], [-71.20207973099997, -15.245132482999963], [-71.19461823099994, -15.270928357999935], [-71.16423798099999, -15.290927857999975], [-71.15052798099998, -15.355904607999946], [-71.17433160599995, -15.424456607999957], [-71.15025598099999, -15.44059273299996], [-71.12009435599998, -15.42710298299994], [-71.10179135599998, -15.454826357999934], [-71.07295985599995, -15.452133232999927], [-71.00611898099999, -15.33522735799994], [-70.98511335599994, -15.316676607999966], [-70.95905821099996, -15.31905153599996], [-70.95015648099996, -15.301954357999932], [-70.98528060599995, -15.249029607999944], [-70.96250248099994, -15.215636857999982], [-71.00420635599994, -14.998656732999962], [-70.98474035599997, -14.946068482999976], [-70.99659185599995, -14.84394348199993], [-70.97832660599994, -14.824154606999969], [-70.97548335599998, -14.764133731999948], [-71.01309348099994, -14.739693856999963], [-71.02776348099997, -14.760074981999935], [-71.05324048099999, -14.754330481999943], [-71.11794060599993, -14.648917731999973], [-71.18025210599995, -14.614535106999938], [-71.21438673099993, -14.648110606999978], [-71.29588335599993, -14.641435731999934], [-71.30797003599997, -14.660160020999967], [-71.33645973099993, -14.615558981999982], [-71.37432998099996, -14.620364981999955], [-71.41716998099997, -14.602072231999955], [-71.42819885599994, -14.622169731999975], [-71.48884923099996, -14.578705106999962], [-71.53083348099995, -14.570592481999938], [-71.54356985599998, -14.537990731999969], [-71.60187798099997, -14.54611498199995]]]}}, {"id": "75", "type": "Feature", "properties": {"idProv": "CUSCO - LA CONVENCION", "nombdep": "CUSCO", "nombprov": "LA CONVENCION"}, "geometry": {"type": "Polygon", "coordinates": [[[-72.97280210799994, -11.25189447899993], [-72.96618048199997, -11.21732372899993], [-72.97706160799999, -11.212293478999982], [-73.06504098299996, -11.284354978999943], [-73.08213729199997, -11.273284212999954], [-73.13166198299996, -11.293927478999933], [-73.18645711799996, -11.285977549999927], [-73.25599885799994, -11.312535228999934], [-73.34617216199996, -11.313453004999928], [-73.47656873299997, -11.458351853999943], [-73.45040223299998, -11.533067603999939], [-73.48712623299997, -11.534915978999948], [-73.50233248299998, -11.563161978999972], [-73.56604285799995, -11.598205978999943], [-73.60442273299998, -11.652367728999934], [-73.61208110799998, -11.679760354999928], [-73.57193659399996, -11.742627441999957], [-73.57750510799997, -11.836484729999938], [-73.49053160799997, -11.878170479999937], [-73.44156998299997, -11.941252979999945], [-73.43550698299998, -11.996724979999954], [-73.39788485799994, -12.020943479999971], [-73.40101548299998, -12.090833604999943], [-73.35512948299998, -12.11280110499996], [-73.36483260799997, -12.137596604999942], [-73.44141198299997, -12.154049854999926], [-73.46986523299995, -12.236894479999933], [-73.57432635799995, -12.276842354999928], [-73.59793110799995, -12.38496122999993], [-73.65769448299994, -12.359539479999967], [-73.65991560799995, -12.328747729999975], [-73.70310935799995, -12.270494104999955], [-73.76175920799994, -12.25292071499996], [-73.79562444699997, -12.262283814999932], [-73.82508637199999, -12.244209719999958], [-73.86782149099997, -12.244066951999969], [-73.92492855499995, -12.283185290999938], [-73.95474666799998, -12.28194522399997], [-73.97399698299995, -12.305758354999966], [-73.97007248299997, -12.347811479999962], [-73.94776660799994, -12.350661854999942], [-73.88592498299994, -12.406140479999976], [-73.85430996199995, -12.48905689399993], [-73.85444185799997, -12.532166979999943], [-73.82402298299996, -12.53347797999993], [-73.80006348299997, -12.615453104999972], [-73.75658785799999, -12.651462354999978], [-73.72503848299993, -12.636729604999971], [-73.62566723299994, -12.764992480999979], [-73.62672910799995, -12.78769448099996], [-73.59002173299996, -12.824168105999945], [-73.58189910799996, -12.85867985599998], [-73.52367648299997, -12.899478105999947], [-73.52984610799996, -12.931963355999926], [-73.49593135799995, -12.933463605999975], [-73.50803585799997, -12.971897355999943], [-73.53003248299996, -12.985266105999926], [-73.50468098299996, -13.011122480999973], [-73.47657260799997, -13.001102230999948], [-73.49013348299997, -13.067004355999927], [-73.47818098299996, -13.055917980999936], [-73.44925798299994, -13.079588230999946], [-73.45515410799999, -13.120741605999967], [-73.41466160799996, -13.145089105999944], [-73.40961898299997, -13.211918730999969], [-73.38232473299996, -13.22487360599996], [-73.36434835799997, -13.269428480999977], [-73.34621173299996, -13.278436855999928], [-73.34817660799996, -13.302320480999981], [-73.31140435799995, -13.325889480999933], [-73.28691335799994, -13.372564980999982], [-73.23610598299996, -13.411136355999929], [-73.18710760799996, -13.416354230999957], [-73.17507023299999, -13.451623105999943], [-73.14411048299996, -13.419115730999977], [-73.09728835799996, -13.448876105999943], [-73.06044423299994, -13.438020355999981], [-73.04405160799996, -13.411962480999932], [-73.01512573299993, -13.426668855999935], [-72.97706473199997, -13.38817323099994], [-72.92500923199998, -13.383032980999928], [-72.89484273199997, -13.389462980999951], [-72.88407298199996, -13.416978980999943], [-72.79748823199998, -13.422158105999927], [-72.78580610699998, -13.458128855999973], [-72.74592998199995, -13.415599980999957], [-72.72123423199997, -13.404785355999934], [-72.69380273199994, -13.420947230999957], [-72.54668160699998, -13.332609355999978], [-72.55171998199995, -13.218869980999955], [-72.60072160699997, -13.106737105999969], [-72.53974810699998, -13.08301598099996], [-72.48581273199994, -13.101809230999947], [-72.39220785699996, -13.174201855999968], [-72.32167323199997, -13.161721855999929], [-72.28859685699996, -13.10536785599993], [-72.23063673199994, -13.14333010599995], [-72.22275898199996, -13.099868105999974], [-72.19637385699997, -13.104668730999947], [-72.16931673199997, -13.024243355999943], [-72.21371035699997, -12.995628980999982], [-72.22619273199996, -12.953121605999968], [-72.31194410699999, -12.92364560599998], [-72.35516273199994, -12.845059230999937], [-72.36288673199994, -12.718562479999946], [-72.35295698199997, -12.68663872999997], [-72.32167710699997, -12.669424479999975], [-72.36992935699993, -12.63863097999996], [-72.33586135699994, -12.632904354999937], [-72.31400710699995, -12.64998922999996], [-72.22456823199997, -12.665130229999932], [-72.15164610699998, -12.63439210499996], [-72.12135235699998, -12.578756479999981], [-72.12451123199997, -12.548496979999982], [-72.07066798199997, -12.51226947999993], [-72.07896160699994, -12.498627229999954], [-72.06055760699996, -12.438361479999969], [-71.97664685699993, -12.399453729999948], [-71.96717898199995, -12.347641979999935], [-71.94567123199994, -12.331190354999933], [-72.02893573199998, -12.287234354999953], [-72.04335885699999, -12.254884354999945], [-72.10561135699999, -12.238792979999971], [-72.08755860699995, -12.142690354999957], [-72.09444660699995, -12.085190979999936], [-72.17373298199993, -12.059810354999968], [-72.26893285699998, -12.054375354999934], [-72.25916460699995, -12.005723479999972], [-72.28154448199996, -11.995797229999937], [-72.28622173199994, -11.975316354999961], [-72.34048973199998, -11.965767729999982], [-72.34751423199998, -11.891267479999954], [-72.33183973199993, -11.85608622999996], [-72.39075685699999, -11.827556854999955], [-72.37076798199996, -11.784967354999935], [-72.42506448199998, -11.73316922999993], [-72.42819760699996, -11.705184604999943], [-72.39030173199995, -11.650684228999978], [-72.30789448199994, -11.587537103999978], [-72.29255073199994, -11.433273103999966], [-72.24789448199994, -11.385005853999928], [-72.24885548199995, -11.333318478999956], [-72.28006060699994, -11.339605478999943], [-72.28375198199996, -11.31689060499997], [-72.30770898199995, -11.306999978999954], [-72.32279298199995, -11.324708978999979], [-72.33396873199996, -11.31581247899993], [-72.37883010699994, -11.332638728999939], [-72.44922935699998, -11.370801478999965], [-72.44903398199995, -11.385767728999951], [-72.49895160699998, -11.395023979999962], [-72.51666923199997, -11.43196447899993], [-72.53363335799997, -11.43920597999994], [-72.53506635699995, -11.425396228999944], [-72.54773173199999, -11.448341979999952], [-72.55366535699994, -11.432079853999937], [-72.59614373199997, -11.440037979999943], [-72.60031510699997, -11.418532853999977], [-72.60953885699996, -11.439938353999935], [-72.61716698199996, -11.417784978999975], [-72.64556910699997, -11.412765853999929], [-72.66569498199993, -11.385909354999967], [-72.69230223199997, -11.395698103999962], [-72.71282698199997, -11.347236604999978], [-72.71767973199997, -11.362110729999927], [-72.73823760699997, -11.347429353999928], [-72.79497548199998, -11.384556603999954], [-72.78945785699995, -11.368602228999976], [-72.79703623199998, -11.364430728999935], [-72.79972860699996, -11.38557035399998], [-72.81619810699993, -11.37508360399994], [-72.82178223299996, -11.38962547899996], [-72.84246373199994, -11.386840478999943], [-72.83396898299998, -11.37430072899997], [-72.85916748299996, -11.355431603999932], [-72.87706110799996, -11.364306978999934], [-72.89036610699998, -11.343175353999982], [-72.89468385699996, -11.358259854999972], [-72.92146160799996, -11.343416228999956], [-72.92318510799998, -11.355109479999953], [-72.93469298199994, -11.34706685499998], [-72.92435260699995, -11.327405228999964], [-72.94473698199994, -11.339913853999974], [-72.96497323299997, -11.331611728999974], [-72.95092760799997, -11.324632478999945], [-72.95951248299997, -11.314196478999975], [-72.94442535699994, -11.309869103999972], [-72.94044510699996, -11.322688728999935], [-72.93246185799995, -11.307346853999945], [-72.95555560699995, -11.304616353999961], [-72.93588648199994, -11.290014978999977], [-72.97280210799994, -11.25189447899993]], [[-73.73721776499997, -12.31775718299997], [-73.73730448299995, -12.31772745099994], [-73.73729305799998, -12.317718767999963], [-73.73721776499997, -12.31775718299997]], [[-73.79805756799993, -12.290111793999927], [-73.79812707799994, -12.290085727999951], [-73.79947954999994, -12.289265375999946], [-73.79805756799993, -12.290111793999927]]]}}, {"id": "76", "type": "Feature", "properties": {"idProv": "CUSCO - PARURO", "nombdep": "CUSCO", "nombprov": "PARURO"}, "geometry": {"type": "Polygon", "coordinates": [[[-71.91116423099999, -13.594392980999942], [-71.92918560699997, -13.615640980999956], [-72.02314348199997, -13.613748605999945], [-72.07149998199998, -13.647469980999972], [-72.10045998199996, -13.645669980999969], [-72.11468160699997, -13.628396480999982], [-72.16568723199998, -13.648098105999964], [-72.23258273199997, -13.720651230999977], [-72.16590973199999, -13.747636480999972], [-72.13173485699997, -13.786946480999973], [-72.05567398199997, -13.934855356999947], [-71.98547998199996, -13.946839981999972], [-71.95788998199998, -13.992989981999926], [-71.93819998199996, -13.979429981999942], [-71.94358998199993, -14.006309981999948], [-71.91041235599994, -14.057660231999932], [-71.90325373099995, -14.108323981999945], [-71.91725673199994, -14.155000606999977], [-71.88596535599999, -14.19371148199997], [-71.83213510599995, -14.20403773199996], [-71.81019823099996, -14.200071856999955], [-71.80203598099996, -14.179708981999966], [-71.76371598099996, -14.192424981999977], [-71.73984285599994, -14.252701231999936], [-71.75947698099998, -14.260060481999972], [-71.74492998099998, -14.275349981999966], [-71.73037998099994, -14.265669981999963], [-71.69265998099996, -14.278729981999959], [-71.67342998099997, -14.196229981999977], [-71.71847998099997, -14.059269981999932], [-71.72869998099998, -13.97649998199995], [-71.77696998099998, -13.93972998199996], [-71.77985523099994, -13.906573481999942], [-71.80913998099999, -13.894519981999963], [-71.80718485599994, -13.828142606999961], [-71.83444223099997, -13.81141535599994], [-71.78976173099994, -13.698355480999965], [-71.82688085599995, -13.672703480999928], [-71.84315885599995, -13.63079473099998], [-71.91116423099999, -13.594392980999942]]]}}, {"id": "77", "type": "Feature", "properties": {"idProv": "CUSCO - PAUCARTAMBO", "nombdep": "CUSCO", "nombprov": "PAUCARTAMBO"}, "geometry": {"type": "Polygon", "coordinates": [[[-71.59844873099996, -12.700359479999975], [-71.69496998099999, -12.738789979999979], [-71.70808998099994, -12.772919980999973], [-71.74714998099995, -12.79615998099996], [-71.76465998099997, -12.767459980999945], [-71.79950998099997, -12.765559980999967], [-71.82110998099995, -12.740549979999969], [-71.88613998099999, -12.730659979999928], [-71.92120310699994, -12.752345730999934], [-71.87752735599997, -12.795785105999926], [-71.89426360599998, -12.82956823099994], [-71.82392560599999, -12.930220480999935], [-71.85010435599997, -12.986011105999978], [-71.88056773099999, -12.992814730999953], [-71.91068748099997, -13.03209460599993], [-71.88889048099998, -13.053487605999976], [-71.88588610599999, -13.109572230999959], [-71.86323560599999, -13.125585480999973], [-71.88006498099998, -13.153076730999942], [-71.85481960599998, -13.206573730999935], [-71.86418348099994, -13.22705248099993], [-71.83000298099995, -13.27882723099998], [-71.83799748099995, -13.30127260599994], [-71.82129698099999, -13.31959935599997], [-71.79453473099994, -13.317376855999953], [-71.72822360599997, -13.405309605999946], [-71.72508798099994, -13.42080723099997], [-71.75479573099994, -13.431307355999934], [-71.72573410599995, -13.456801355999971], [-71.73804710599995, -13.476866480999945], [-71.72428998099997, -13.572369980999952], [-71.68078085599996, -13.62947823099995], [-71.65574610599998, -13.640009730999964], [-71.61986498099998, -13.599877980999963], [-71.62472935599999, -13.565225855999927], [-71.56905660599995, -13.562181605999967], [-71.54590085599995, -13.59920798099995], [-71.51196985599995, -13.575613855999961], [-71.52661785599997, -13.46984210599993], [-71.50228998099993, -13.454899980999926], [-71.43145123099998, -13.520487980999974], [-71.40416985599995, -13.50478173099998], [-71.37178298099997, -13.446087730999977], [-71.26646473099999, -13.465165980999927], [-71.26541123099997, -13.480999355999927], [-71.19009973099998, -13.526351980999948], [-71.18023173099994, -13.500550105999935], [-71.14327510599998, -13.476536730999953], [-71.16146685599995, -13.409526230999973], [-71.15268160599999, -13.373979980999934], [-71.11219660599994, -13.31814598099993], [-71.11833785599998, -13.30520698099997], [-71.09685260599997, -13.303266605999966], [-71.06417873099997, -13.256700980999938], [-71.12201173099999, -13.233529230999977], [-71.13486323099994, -13.211001980999981], [-71.17379885599996, -13.055007855999975], [-71.16652973099997, -13.017670230999954], [-71.17939510599996, -12.998342230999981], [-71.16206310599995, -12.966768480999974], [-71.27100998099996, -12.962489980999976], [-71.35898873099995, -12.880754230999969], [-71.37505835599995, -12.900546105999979], [-71.39684285599998, -12.882633105999957], [-71.41636723099998, -12.894062480999935], [-71.44887223099994, -12.863340605999952], [-71.44616198099999, -12.827661730999978], [-71.49565760599995, -12.781980355999963], [-71.51227435599998, -12.745191855999963], [-71.54659135599996, -12.73541647999997], [-71.55270098099999, -12.708705104999979], [-71.59844873099996, -12.700359479999975]]]}}, {"id": "78", "type": "Feature", "properties": {"idProv": "CUSCO - QUISPICANCHI", "nombdep": "CUSCO", "nombprov": "QUISPICANCHI"}, "geometry": {"type": "Polygon", "coordinates": [[[-70.82803722999995, -13.067472230999954], [-70.86311035599994, -13.080324355999949], [-70.89926623099996, -13.06968485599998], [-70.88729110599996, -13.103364480999971], [-70.92139285599995, -13.110830980999935], [-70.94219023099998, -13.156498855999928], [-70.97723623099995, -13.169682980999937], [-71.01403535599997, -13.267188480999948], [-71.06417873099997, -13.256700980999938], [-71.09685260599997, -13.303266605999966], [-71.11833785599998, -13.30520698099997], [-71.11219660599994, -13.31814598099993], [-71.16173623099996, -13.40339735599997], [-71.14327510599998, -13.476536730999953], [-71.18023173099994, -13.500550105999935], [-71.19009973099998, -13.526351980999948], [-71.26541123099997, -13.480999355999927], [-71.26646473099999, -13.465165980999927], [-71.37178298099997, -13.446087730999977], [-71.40416985599995, -13.50478173099998], [-71.43145123099998, -13.520487980999974], [-71.50228998099993, -13.454899980999926], [-71.52661785599997, -13.46984210599993], [-71.51196985599995, -13.575613855999961], [-71.54590085599995, -13.59920798099995], [-71.56905660599995, -13.562181605999967], [-71.62472935599999, -13.565225855999927], [-71.61986498099998, -13.599877980999963], [-71.65574610599998, -13.640009730999964], [-71.68078085599996, -13.62947823099995], [-71.72383998099997, -13.57304998099994], [-71.71951998099996, -13.552469980999945], [-71.74599035599994, -13.575272730999927], [-71.80462598099996, -13.508258105999971], [-71.82093998099998, -13.520579980999969], [-71.81590985599996, -13.576244980999945], [-71.83559010599998, -13.590832355999964], [-71.81981760599996, -13.607757730999936], [-71.84315885599995, -13.63079473099998], [-71.82688085599995, -13.672703480999928], [-71.71296360599996, -13.742794855999932], [-71.69595898099993, -13.795744105999972], [-71.71210023099997, -13.820674606999944], [-71.64653410599993, -13.823787606999929], [-71.62148398099998, -13.896027231999938], [-71.56538235599999, -13.903277856999978], [-71.56414835599998, -13.933261856999934], [-71.51687885599995, -13.967218731999935], [-71.47396398099994, -13.925915981999935], [-71.44279298099997, -13.937782606999974], [-71.42271810599993, -13.92577423199998], [-71.40754723099997, -13.896509606999928], [-71.37408285599997, -13.920586106999963], [-71.35221773099994, -13.901162106999948], [-71.32023273099998, -13.905993356999943], [-71.28997685599995, -13.827998606999927], [-71.24135823099994, -13.818865606999964], [-71.22316998099996, -13.780094730999963], [-71.18322223099995, -13.78872485599993], [-71.16376948099997, -13.743197230999954], [-71.10232985599998, -13.75989673099997], [-71.08097073099998, -13.72550198099998], [-70.98867435599993, -13.762947605999955], [-70.95716185599997, -13.80464610599995], [-70.91314810599994, -13.814209105999964], [-70.88582073099997, -13.77797173099998], [-70.82839997999997, -13.827629981999962], [-70.76772997999996, -13.814379980999945], [-70.70918997999996, -13.843149981999943], [-70.69885822999998, -13.803167605999931], [-70.73537572999999, -13.735299355999928], [-70.71512885499999, -13.662253980999935], [-70.66280697999997, -13.660567105999974], [-70.61619085499996, -13.609062480999967], [-70.54362547999995, -13.577635230999931], [-70.53887360499994, -13.531256730999928], [-70.48879472999994, -13.50038073099995], [-70.45261797999996, -13.447918355999946], [-70.47182697999995, -13.439927980999926], [-70.44264597999995, -13.395405480999955], [-70.45111585499995, -13.36516973099998], [-70.41982535499994, -13.358553730999972], [-70.39950035499999, -13.371643605999964], [-70.39559872999996, -13.316665480999973], [-70.34638435499994, -13.31304198099997], [-70.34507197999994, -13.299778355999933], [-70.42270647999999, -13.255464480999933], [-70.38839860499996, -13.228233855999974], [-70.39547647999996, -13.183050855999966], [-70.54942522999994, -13.15317098099996], [-70.59949185499994, -13.099146230999963], [-70.66032522999996, -13.08833273099998], [-70.68520872999994, -13.106781230999957], [-70.76286822999998, -13.107733480999968], [-70.82803722999995, -13.067472230999954]]]}}, {"id": "79", "type": "Feature", "properties": {"idProv": "CUSCO - URUBAMBA", "nombdep": "CUSCO", "nombprov": "URUBAMBA"}, "geometry": {"type": "Polygon", "coordinates": [[[-72.48581273199994, -13.101809230999947], [-72.54205557199998, -13.082345902999975], [-72.60076198199994, -13.107276480999928], [-72.55171998199995, -13.218869980999955], [-72.55525998199994, -13.278169980999962], [-72.53455798199997, -13.372201855999947], [-72.45180498199994, -13.362825230999931], [-72.44056273199993, -13.344032605999928], [-72.37386498199999, -13.363216355999953], [-72.38579910699997, -13.304489730999933], [-72.36247123199996, -13.28477473099997], [-72.33663035699993, -13.314484230999938], [-72.21286348199999, -13.329715980999936], [-72.20996035699994, -13.36677948099998], [-72.17019723199996, -13.392327355999953], [-72.11767148199993, -13.396494355999948], [-72.10829323199994, -13.422917105999943], [-72.05938473199996, -13.451839855999935], [-71.99187210699995, -13.441535230999932], [-71.97423935699999, -13.423452355999927], [-71.97468298199993, -13.38178573099998], [-72.01762385699993, -13.32031210599996], [-72.03989173199994, -13.316153480999958], [-72.05955548199995, -13.21498635599994], [-72.09830985699995, -13.188968355999975], [-72.13768398199994, -13.188260605999972], [-72.16610023199996, -13.113050605999945], [-72.18879385699995, -13.096655730999942], [-72.22275898199996, -13.099868105999974], [-72.23063673199994, -13.14333010599995], [-72.28859685699996, -13.10536785599993], [-72.32167323199997, -13.161721855999929], [-72.39220785699996, -13.174201855999968], [-72.48581273199994, -13.101809230999947]]]}}, {"id": "80", "type": "Feature", "properties": {"idProv": "HUANCAVELICA - HUANCAVELICA", "nombdep": "HUANCAVELICA", "nombprov": "HUANCAVELICA"}, "geometry": {"type": "Polygon", "coordinates": [[[-75.17899998499996, -12.366819979999946], [-75.22033173499995, -12.390785229999949], [-75.21551535999998, -12.463421104999952], [-75.32473998499995, -12.485502104999966], [-75.31933910999999, -12.514502854999932], [-75.40944723499996, -12.584730479999962], [-75.41538273499998, -12.628417104999926], [-75.44264523499999, -12.61774147999995], [-75.46079398499995, -12.631385979999948], [-75.45256135999995, -12.65719422999996], [-75.46720073499995, -12.68333060499998], [-75.52538960999993, -12.618367229999933], [-75.57489523499999, -12.636571854999943], [-75.57769248499994, -12.654303979999952], [-75.55145498499996, -12.683992604999958], [-75.55365398499998, -12.70424335499996], [-75.57711710999996, -12.71570122999998], [-75.50817298499999, -12.775046605999933], [-75.50913123499998, -12.794937355999934], [-75.47959210999994, -12.797016480999957], [-75.47403360999994, -12.777705480999941], [-75.44457498499997, -12.774418605999927], [-75.42655948499998, -12.796770730999981], [-75.40792048499998, -12.791997855999966], [-75.38026885999994, -12.812015605999932], [-75.37811248499997, -12.850722980999933], [-75.35266685999994, -12.879445730999976], [-75.35471660999997, -12.928538855999932], [-75.33664798499996, -12.936511355999926], [-75.30617135999995, -12.903876855999954], [-75.28062973499993, -12.917342230999964], [-75.24981973499996, -12.879239980999955], [-75.15772335999998, -12.979604105999954], [-75.12750185899995, -12.932443855999963], [-75.04380685899997, -12.915343605999965], [-75.02922323399997, -13.016147855999975], [-75.03791098399995, -13.090548480999928], [-74.98457773399997, -13.16288760599997], [-74.91299123399995, -13.184452480999937], [-74.92017923399999, -13.099591855999961], [-74.90877185899996, -13.093457730999944], [-74.90766298399996, -13.034549855999956], [-74.83828998399997, -12.974879980999958], [-74.89041998399995, -12.96843998099996], [-74.88699248399996, -12.928997230999926], [-74.85134598399998, -12.92065985599993], [-74.81887360899998, -12.939951230999952], [-74.78293710899999, -12.877952855999979], [-74.76156985899996, -12.867526730999941], [-74.73366998399996, -12.87966998099995], [-74.69917998399995, -12.843639980999967], [-74.72607235899994, -12.84144960599997], [-74.75029685899995, -12.802236230999938], [-74.79569660899995, -12.79153510599997], [-74.77049323399996, -12.713439854999933], [-74.77838073399994, -12.62946422999994], [-74.74516473399996, -12.61575410499995], [-74.71162960899994, -12.63427285499995], [-74.68822235899995, -12.619310354999982], [-74.68842998399998, -12.573079979999932], [-74.70950998399996, -12.557489979999957], [-74.69134998399994, -12.522769979999964], [-74.70631998399995, -12.523089979999952], [-74.72243998399995, -12.48705997999997], [-74.78230998399994, -12.463529979999976], [-74.87619998399998, -12.531129979999946], [-74.88499998399999, -12.516079979999972], [-74.94384998399994, -12.53304997999993], [-74.95088998399996, -12.511069979999945], [-75.00664998399998, -12.493759979999936], [-75.04210998399998, -12.408149979999962], [-75.10110998399995, -12.377209979999975], [-75.15414098499997, -12.395699229999934], [-75.17899998499996, -12.366819979999946]]]}}, {"id": "81", "type": "Feature", "properties": {"idProv": "HUANCAVELICA - ACOBAMBA", "nombdep": "HUANCAVELICA", "nombprov": "ACOBAMBA"}, "geometry": {"type": "Polygon", "coordinates": [[[-74.68483998399995, -12.590579979999973], [-74.68777160899998, -12.618654354999933], [-74.71162960899994, -12.63427285499995], [-74.74516473399996, -12.61575410499995], [-74.77787673399996, -12.62829860499994], [-74.77049323399996, -12.713439854999933], [-74.79569660899995, -12.79153510599997], [-74.75029685899995, -12.802236230999938], [-74.72382710899996, -12.84280623099994], [-74.67400997999994, -12.825760005999939], [-74.65358273399994, -12.855667230999927], [-74.68045998599996, -12.899869982999974], [-74.62375016399994, -12.842369927999925], [-74.57475998399997, -12.91407998099993], [-74.55793998399997, -12.893689980999966], [-74.53459998399995, -12.900159980999945], [-74.47574998399995, -12.929719980999948], [-74.45174998399995, -12.96685998099997], [-74.37486998399999, -12.93604998099994], [-74.32092998399997, -12.889499980999972], [-74.33325348399995, -12.851745730999937], [-74.32361998399995, -12.83250998099993], [-74.36125998399996, -12.834539980999978], [-74.38945998399998, -12.807909980999966], [-74.46560998399997, -12.804889980999974], [-74.50153998399998, -12.787219980999964], [-74.49902998399995, -12.770819980999931], [-74.54251998399997, -12.744959980999965], [-74.54862998399994, -12.715439979999928], [-74.61458998399996, -12.671459979999952], [-74.68483998399995, -12.590579979999973]]]}}, {"id": "82", "type": "Feature", "properties": {"idProv": "HUANCAVELICA - ANGARAES", "nombdep": "HUANCAVELICA", "nombprov": "ANGARAES"}, "geometry": {"type": "Polygon", "coordinates": [[[-74.65358273399994, -12.855667230999927], [-74.67963998399995, -12.823459980999928], [-74.73366998399996, -12.87966998099995], [-74.76156985899996, -12.867526730999941], [-74.78293710899999, -12.877952855999979], [-74.82552148399998, -12.942598980999946], [-74.85052573399997, -12.920946980999929], [-74.87886098399997, -12.919835105999937], [-74.89606060899996, -12.945391480999945], [-74.89041998399995, -12.96843998099996], [-74.83828998399997, -12.974879980999958], [-74.90235385899996, -13.023799230999941], [-74.92017923399999, -13.099591855999961], [-74.91325785899994, -13.167466855999976], [-74.84004810899995, -13.143748355999946], [-74.80255435899994, -13.16786973099994], [-74.78001435899995, -13.15720173099993], [-74.72164085899993, -13.179189605999966], [-74.73077823399996, -13.231101355999954], [-74.71361748399994, -13.292049855999949], [-74.64465423399997, -13.274136730999942], [-74.57232698399997, -13.184734480999964], [-74.54221285899996, -13.200501980999945], [-74.45843885899995, -13.190038105999975], [-74.42042573399993, -13.159539105999954], [-74.39600998399999, -13.16882998099993], [-74.38871998399998, -13.129659980999975], [-74.41086998399999, -13.11969998099994], [-74.41126998399994, -13.079389980999963], [-74.37990998399994, -13.024489980999931], [-74.34587635899999, -13.025844605999964], [-74.31034885899999, -13.059605605999934], [-74.27157003799994, -13.068630019999944], [-74.29544648399997, -12.936881730999971], [-74.32846135899996, -12.925630730999956], [-74.31944998399996, -12.88727998099995], [-74.37486998399999, -12.93604998099994], [-74.45240998399998, -12.966809980999926], [-74.47574998399995, -12.929719980999948], [-74.53459998399995, -12.900159980999945], [-74.55793998399997, -12.893689980999966], [-74.57475998399997, -12.91407998099993], [-74.62375016399994, -12.842369927999925], [-74.68045998599996, -12.899869982999974], [-74.65358273399994, -12.855667230999927]]]}}, {"id": "83", "type": "Feature", "properties": {"idProv": "HUANCAVELICA - CASTROVIRREYNA", "nombdep": "HUANCAVELICA", "nombprov": "CASTROVIRREYNA"}, "geometry": {"type": "Polygon", "coordinates": [[[-75.44039610999994, -12.776990230999957], [-75.47317823499998, -12.777230230999976], [-75.47959210999994, -12.797016480999957], [-75.51962948499994, -12.78796823099998], [-75.53022860999994, -12.821619230999943], [-75.56033210999993, -12.817399730999966], [-75.57041110999995, -12.842858855999964], [-75.61271435999998, -12.859151855999926], [-75.63633748499996, -12.915582230999973], [-75.60260848499996, -12.98018335599994], [-75.63898985999998, -13.030778230999942], [-75.62860823499994, -13.057066730999964], [-75.65799514499997, -13.08232778699994], [-75.68058039399995, -13.070361477999938], [-75.67563560999997, -13.043746855999927], [-75.68661835999995, -13.043071980999969], [-75.71876823499997, -13.109764730999927], [-75.69399310999995, -13.146627730999967], [-75.70628985999997, -13.187651105999976], [-75.68894935999998, -13.214274105999948], [-75.70244135999997, -13.22688698099995], [-75.70648148499998, -13.288286855999957], [-75.78763998499994, -13.334789980999972], [-75.80965798499994, -13.388856480999948], [-75.76252348499997, -13.41376585599994], [-75.71882960999994, -13.412576480999974], [-75.68928098499998, -13.439670105999937], [-75.63342185999994, -13.411183105999953], [-75.61494548499996, -13.416796230999978], [-75.59897110999998, -13.389987980999933], [-75.53806448499995, -13.404756480999936], [-75.50324385999994, -13.352765105999936], [-75.49980998499996, -13.389079980999952], [-75.46565998499995, -13.432579980999947], [-75.47015998499995, -13.48383998099996], [-75.49498998499996, -13.52427998099995], [-75.48424998499996, -13.526759980999941], [-75.43569073499998, -13.495285355999954], [-75.43461135999996, -13.469640605999928], [-75.31607835999995, -13.455225980999955], [-75.29378423499998, -13.402281605999974], [-75.25700160999997, -13.417471980999949], [-75.23785048499997, -13.409549480999942], [-75.20467823499996, -13.312570605999952], [-75.16399935999993, -13.274835855999982], [-75.16799998499994, -13.22451173099995], [-75.11982573399996, -13.21121960599993], [-75.11410048399995, -13.193402105999951], [-75.05098998399995, -13.187869980999949], [-74.98895498399997, -13.141519105999976], [-75.03829323399998, -13.089413105999938], [-75.02922323399997, -13.016147855999975], [-75.04380685899997, -12.915343605999965], [-75.12750185899995, -12.932443855999963], [-75.15772335999998, -12.979604105999954], [-75.24981973499996, -12.879239980999955], [-75.28062973499993, -12.917342230999964], [-75.30617135999995, -12.903876855999954], [-75.33664798499996, -12.936511355999926], [-75.35471660999997, -12.928538855999932], [-75.35266685999994, -12.879445730999976], [-75.37811248499997, -12.850722980999933], [-75.37937085999994, -12.813068355999974], [-75.44039610999994, -12.776990230999957]]]}}, {"id": "84", "type": "Feature", "properties": {"idProv": "HUANCAVELICA - CHURCAMPA", "nombdep": "HUANCAVELICA", "nombprov": "CHURCAMPA"}, "geometry": {"type": "Polygon", "coordinates": [[[-74.54942998399997, -12.373849979999932], [-74.62498998399997, -12.368499979999967], [-74.59745998399995, -12.407179979999967], [-74.58742585899995, -12.471154354999953], [-74.63350410899994, -12.484802104999972], [-74.63059748399996, -12.512479604999953], [-74.64676248399996, -12.525460854999949], [-74.69121998399999, -12.524379979999935], [-74.70950998399996, -12.557489979999957], [-74.68842998399998, -12.573079979999932], [-74.69449998399995, -12.58608997999994], [-74.67247998399995, -12.591859979999981], [-74.61458998399996, -12.671459979999952], [-74.54862998399994, -12.715439979999928], [-74.54251998399997, -12.744959980999965], [-74.49902998399995, -12.770819980999931], [-74.50153998399998, -12.787219980999964], [-74.46560998399997, -12.804889980999974], [-74.38945998399998, -12.807909980999966], [-74.36125998399996, -12.834539980999978], [-74.29595110899999, -12.831187480999972], [-74.28919998399994, -12.75800998099993], [-74.31235998399995, -12.737349979999976], [-74.32836998399995, -12.744239980999964], [-74.34936998399996, -12.717139979999956], [-74.32716998399997, -12.68019997999994], [-74.34222998399997, -12.625339979999978], [-74.32401998399996, -12.604499979999957], [-74.36328998399995, -12.594269979999979], [-74.38685998399995, -12.56680997999996], [-74.39869998399996, -12.502689979999957], [-74.41518998399994, -12.491749979999952], [-74.40924998399998, -12.451919979999957], [-74.50596998399999, -12.448879979999958], [-74.54942998399997, -12.373849979999932]]]}}, {"id": "85", "type": "Feature", "properties": {"idProv": "HUANCAVELICA - HUAYTARA", "nombdep": "HUANCAVELICA", "nombprov": "HUAYTARA"}, "geometry": {"type": "Polygon", "coordinates": [[[-74.98862635899997, -13.142984730999956], [-75.05098998399995, -13.187869980999949], [-75.11410048399995, -13.193402105999951], [-75.11982573399996, -13.21121960599993], [-75.16799998499994, -13.22451173099995], [-75.16399935999993, -13.274835855999982], [-75.20467823499996, -13.312570605999952], [-75.23785048499997, -13.409549480999942], [-75.25700160999997, -13.417471980999949], [-75.29321598499996, -13.402054355999951], [-75.31673210999998, -13.45555285599994], [-75.43490410999993, -13.469862355999965], [-75.43569073499998, -13.495285355999954], [-75.47354960999996, -13.517760105999969], [-75.49582185999998, -13.567053855999973], [-75.50968998499997, -13.56540998099996], [-75.51942710999998, -13.604292980999958], [-75.48809360999996, -13.643192730999942], [-75.48671173499997, -13.668885855999974], [-75.51591048499995, -13.69639310599996], [-75.53120098499994, -13.742710605999946], [-75.55458235999998, -13.749571230999948], [-75.53758973499998, -13.762395855999955], [-75.52487848499999, -13.81789935699993], [-75.56618548499995, -13.854054731999952], [-75.54658998499997, -13.88931998199996], [-75.43351998499998, -13.914069981999944], [-75.35921998499998, -13.971499981999955], [-75.35567998499994, -13.995769981999956], [-75.32901098499997, -14.018023356999947], [-75.23344273499998, -14.00328523199994], [-75.26012473499998, -14.041961356999934], [-75.18659173499998, -14.054113231999963], [-75.16567998499994, -14.072529981999935], [-75.10884173399995, -14.032884731999957], [-75.08850210899999, -14.081569856999977], [-75.06353248399995, -14.088407231999952], [-75.05788998399998, -14.129919981999933], [-75.01572448399997, -14.06934760699994], [-74.89620123399999, -14.103904231999934], [-74.86079485899995, -14.067193356999951], [-74.82518748399997, -14.092279231999953], [-74.75903323399996, -14.07978123199996], [-74.78533073399996, -13.990267981999978], [-74.76795473399994, -13.978552356999955], [-74.78515523399994, -13.88831023199998], [-74.76036373399995, -13.831487231999972], [-74.77892385899997, -13.784605480999971], [-74.76231448399994, -13.781904355999927], [-74.75389060899994, -13.736976605999928], [-74.77539123399998, -13.710538480999958], [-74.77138823399997, -13.606498855999973], [-74.79956998399996, -13.54746998099995], [-74.83185998399995, -13.53218998099993], [-74.86217998399997, -13.481789980999963], [-74.90170998399998, -13.46703998099997], [-74.90413998399998, -13.431149980999976], [-74.89752998399996, -13.394679980999967], [-74.85778998399996, -13.355209980999973], [-74.77008785899994, -13.34632810599993], [-74.75962223399995, -13.325071105999939], [-74.71827998399993, -13.363789980999968], [-74.63282998399995, -13.344779980999931], [-74.66699560899997, -13.32743573099998], [-74.68672198399997, -13.285835855999949], [-74.72287048399994, -13.288730855999972], [-74.72327085899997, -13.177985605999936], [-74.78115685899996, -13.157042355999977], [-74.80255435899994, -13.16786973099994], [-74.84142360899995, -13.14372298099994], [-74.93610323399997, -13.185290480999981], [-74.98457773399997, -13.16288760599997], [-74.98862635899997, -13.142984730999956]]]}}, {"id": "86", "type": "Feature", "properties": {"idProv": "HUANCAVELICA - TAYACAJA", "nombdep": "HUANCAVELICA", "nombprov": "TAYACAJA"}, "geometry": {"type": "Polygon", "coordinates": [[[-74.57117610899996, -11.987104104999958], [-74.60254748399996, -11.999512104999951], [-74.62416460899993, -11.985181979999936], [-74.65757285899997, -11.992684104999967], [-74.68335998399994, -12.038139979999926], [-74.71689998399995, -12.059419979999973], [-74.74450998399993, -12.04089997999995], [-74.81874998399996, -12.05352997999995], [-74.83737360899994, -12.070818479999957], [-74.87077410899997, -12.065991979999978], [-74.93901573399995, -12.018355604999954], [-74.99775435899994, -12.021080104999953], [-75.04895248399998, -11.99922810499993], [-75.08640085899998, -12.053255854999975], [-75.06516410899997, -12.091917104999936], [-75.06291973399993, -12.134715979999953], [-75.07694535899998, -12.147145729999977], [-75.04892110899993, -12.167547729999967], [-75.04935660899997, -12.201342979999936], [-75.10044710899996, -12.251100604999976], [-75.09892848399994, -12.28531785499996], [-75.14013998499996, -12.34140997999998], [-75.13100998399995, -12.378500104999944], [-75.10110998399995, -12.377209979999975], [-75.04210998399998, -12.408149979999962], [-75.00664998399998, -12.493759979999936], [-74.95088998399996, -12.511069979999945], [-74.94384998399994, -12.53304997999993], [-74.88499998399999, -12.516079979999972], [-74.87619998399998, -12.531129979999946], [-74.78230998399994, -12.463529979999976], [-74.72243998399995, -12.48705997999997], [-74.70599998399996, -12.523349979999978], [-74.63623960899997, -12.518392479999932], [-74.63578998399998, -12.487024604999931], [-74.58687935899997, -12.466240604999939], [-74.59745998399995, -12.407179979999967], [-74.62498998399997, -12.368499979999967], [-74.60166998399995, -12.359949979999953], [-74.57598998399999, -12.373169979999943], [-74.58093335899997, -12.324386354999945], [-74.55544685899997, -12.288089104999926], [-74.50710235899999, -12.31246447999996], [-74.49183183199995, -12.28157521999998], [-74.45204298399995, -12.269958979999956], [-74.41628998399995, -12.304769979999946], [-74.38477998399998, -12.271529979999968], [-74.39367998399996, -12.252469979999944], [-74.37606998399997, -12.229189979999944], [-74.38736998399997, -12.187979979999966], [-74.34319873399994, -12.171118104999948], [-74.36130523399999, -12.155222854999977], [-74.35189560899994, -12.136721854999962], [-74.41030998399998, -12.106485229999976], [-74.41422098399994, -12.076462979999974], [-74.45437573399994, -12.033945979999942], [-74.48761573399997, -12.033712979999962], [-74.57117610899996, -11.987104104999958]]]}}, {"id": "87", "type": "Feature", "properties": {"idProv": "HUANUCO - HUANUCO", "nombdep": "HUANUCO", "nombprov": "HUANUCO"}, "geometry": {"type": "Polygon", "coordinates": [[[-76.15531885999997, -9.47101485199994], [-76.21339061099997, -9.507701101999942], [-76.27215036099994, -9.525490227999967], [-76.31402923599995, -9.516621101999931], [-76.36073036099998, -9.54681047799994], [-76.36548036099998, -9.578710852999961], [-76.40943936099995, -9.628550727999936], [-76.41250773599995, -9.666623977999961], [-76.48399411099996, -9.740406227999927], [-76.46331461099999, -9.761931602999937], [-76.46853123599999, -9.80114847799996], [-76.49996861099999, -9.836804352999934], [-76.48669636099999, -9.881465977999937], [-76.46507023599997, -9.892249977999938], [-76.54608598599998, -9.919831977999934], [-76.54784761099995, -9.943646477999948], [-76.57767773599994, -9.965876977999926], [-76.57844723599999, -10.031449227999929], [-76.59732423599996, -10.041581977999954], [-76.60552536099993, -10.085847602999934], [-76.59708073599995, -10.100934102999929], [-76.56828998599997, -10.095849977999933], [-76.54687998599996, -10.111389977999977], [-76.52715036099994, -10.18779572799997], [-76.50515423599995, -10.180068352999967], [-76.51000786099996, -10.152273352999941], [-76.46118948599997, -10.149224602999936], [-76.43607998599998, -10.233529977999979], [-76.41100586099998, -10.178722602999926], [-76.41060548599995, -10.137138727999968], [-76.37358923599999, -10.150578477999943], [-76.36938473599997, -10.130837852999946], [-76.22878998599998, -10.036759977999964], [-76.22913998599995, -10.017449977999945], [-76.18894723499994, -10.006591852999975], [-76.16424598499998, -9.98131835299995], [-76.12731635999995, -9.980290977999971], [-76.11536323499996, -9.940105477999964], [-76.12323823499997, -9.88861722799993], [-76.08681048499994, -9.881320227999936], [-76.06207023499996, -9.819589852999968], [-75.96369123499994, -9.814616852999961], [-75.89223473499999, -9.791033977999973], [-75.82466160999996, -9.831403977999969], [-75.79582023499995, -9.81378760299998], [-75.80500910999996, -9.731928727999957], [-75.85220810999994, -9.683402102999935], [-75.84010135999995, -9.65076535299994], [-75.91266935999994, -9.567450477999955], [-75.94253560999994, -9.499364726999943], [-76.01134748499999, -9.508029101999966], [-76.07190923499996, -9.471519351999973], [-76.15531885999997, -9.47101485199994]]]}}, {"id": "88", "type": "Feature", "properties": {"idProv": "HUANUCO - AMBO", "nombdep": "HUANUCO", "nombprov": "AMBO"}, "geometry": {"type": "Polygon", "coordinates": [[[-76.13620898499994, -9.986281227999939], [-76.22913998599995, -10.017449977999945], [-76.22878998599998, -10.036759977999964], [-76.36938473599997, -10.130837852999946], [-76.37358923599999, -10.150578477999943], [-76.41121873599997, -10.137656102999927], [-76.41100586099998, -10.178722602999926], [-76.43607998599998, -10.233529977999979], [-76.45501223599996, -10.155597227999976], [-76.51000786099996, -10.152273352999941], [-76.50480273599999, -10.179130977999932], [-76.52469536099994, -10.219343727999956], [-76.51745698599996, -10.272591852999938], [-76.49688098599995, -10.309892477999938], [-76.44676998599994, -10.320869977999962], [-76.40067998599994, -10.308429977999936], [-76.38721998599993, -10.289289977999942], [-76.36449998599994, -10.299469977999934], [-76.33578998599995, -10.286319977999938], [-76.30551711099997, -10.412544727999943], [-76.28528748599996, -10.416419977999965], [-76.26947686099999, -10.368988227999978], [-76.22632998599994, -10.396929977999946], [-76.23088861099995, -10.371790977999979], [-76.20539648499994, -10.376562477999926], [-76.20716998499995, -10.388709977999952], [-76.16668548499996, -10.413556477999975], [-76.14255273499998, -10.408593727999971], [-76.12963085999996, -10.430800727999952], [-76.07826873499994, -10.434153727999956], [-76.07828323499996, -10.451988227999948], [-76.05264848499996, -10.465466852999953], [-76.03166985999997, -10.45592772799995], [-76.02577148499995, -10.42593747799998], [-76.04173923499997, -10.331141727999977], [-76.06619723499995, -10.316642602999934], [-76.04657223499999, -10.306722602999969], [-76.05001360999995, -10.269105477999972], [-76.03495310999995, -10.258320352999931], [-76.06735935999995, -10.195205102999978], [-76.05336899499997, -10.158107510999969], [-76.06470310999998, -10.132412102999979], [-76.04084760999996, -10.104853477999939], [-76.12287885999996, -10.072349602999964], [-76.12403123499996, -10.01460347799997], [-76.13620898499994, -9.986281227999939]]]}}, {"id": "89", "type": "Feature", "properties": {"idProv": "HUANUCO - DOS DE MAYO", "nombdep": "HUANUCO", "nombprov": "DOS DE MAYO"}, "geometry": {"type": "Polygon", "coordinates": [[[-76.25697261099998, -9.401650351999933], [-76.31512498599994, -9.394777351999949], [-76.31180273599995, -9.418158226999935], [-76.37141411099998, -9.44314647699997], [-76.38545111099995, -9.496384601999978], [-76.45827736099994, -9.498626976999958], [-76.50624798599995, -9.532706977999965], [-76.58304886099995, -9.552089852999927], [-76.69675386099993, -9.557720727999936], [-76.74318998599995, -9.579099977999931], [-76.72761023599998, -9.595659977999958], [-76.73783986099994, -9.615570352999953], [-76.75258011099999, -9.58734960299995], [-76.76134173599996, -9.617640602999927], [-76.80875973599996, -9.612632977999965], [-76.80919336099998, -9.628033227999936], [-76.86128511099997, -9.64318160299996], [-76.85166011099994, -9.668050727999969], [-76.89026761099996, -9.674462852999966], [-76.90835173599999, -9.653451227999938], [-76.91657036099997, -9.688574227999936], [-76.94668548599998, -9.680513727999937], [-76.84186148599997, -9.930621102999964], [-76.81375786099994, -9.960146477999956], [-76.82404686099994, -10.010998102999963], [-76.77328911099994, -9.994396477999942], [-76.77990823599998, -9.95701760299994], [-76.73626761099996, -9.934515602999966], [-76.72006048599997, -9.89835747799998], [-76.75801948599997, -9.842460852999977], [-76.73576011099993, -9.752979977999928], [-76.70206048599994, -9.74697847799996], [-76.72120998599996, -9.702079977999972], [-76.70370998599998, -9.689809977999971], [-76.68971998599994, -9.701539977999971], [-76.66440998599995, -9.677399977999926], [-76.55888286099997, -9.682705102999932], [-76.52629486099994, -9.66564847799998], [-76.47696873599995, -9.673880852999957], [-76.46298636099993, -9.706958977999932], [-76.43818548599995, -9.706128852999939], [-76.41250773599995, -9.666623977999961], [-76.40943936099995, -9.628550727999936], [-76.34974023599995, -9.53604097799996], [-76.31402923599995, -9.516621101999931], [-76.24999023599997, -9.520871101999944], [-76.20469260999994, -9.49887610199994], [-76.20403510999995, -9.446710976999952], [-76.25697261099998, -9.401650351999933]]]}}, {"id": "90", "type": "Feature", "properties": {"idProv": "HUANUCO - HUACAYBAMBA", "nombdep": "HUANUCO", "nombprov": "HUACAYBAMBA"}, "geometry": {"type": "Polygon", "coordinates": [[[-77.09201761099996, -8.77400585199996], [-77.14834173599996, -8.777396476999968], [-77.15018361099999, -8.810691351999935], [-77.17743361099997, -8.839839851999955], [-77.17250386099994, -8.87661722699994], [-77.12985348599994, -8.917908226999941], [-77.12262886099995, -8.946257851999974], [-77.10572848599998, -8.949191351999957], [-77.10979686099995, -8.970205101999966], [-77.03570898599997, -8.999958976999949], [-76.98017311099994, -9.062987851999935], [-76.92928348599997, -9.070569101999979], [-76.87317261099997, -9.11252435199998], [-76.81833873599999, -9.127376226999957], [-76.77449998599997, -9.05326172699995], [-76.76354486099996, -9.10688672699996], [-76.65519098599998, -9.12356622699997], [-76.55783598599999, -9.176335851999966], [-76.54115036099995, -9.203294976999928], [-76.50981248599999, -9.186144351999928], [-76.39587498599997, -9.238437476999934], [-76.31961136099994, -9.195081976999973], [-76.27203049099995, -9.213827855999966], [-76.30809111099995, -9.176326351999933], [-76.36077486099998, -9.197163226999976], [-76.48042923599996, -9.171811726999977], [-76.47406973599993, -9.012415851999947], [-76.52998711099997, -9.027927226999964], [-76.54340673599995, -9.014644976999932], [-76.62581248599997, -9.051042976999952], [-76.65243749999996, -9.02529882899995], [-76.64032403699997, -9.015378273999943], [-76.68376857199996, -8.931299923999973], [-76.73184573599997, -8.870228476999955], [-76.74492973599996, -8.882689476999929], [-76.81099623599994, -8.832566351999958], [-76.86149023599995, -8.865917976999981], [-76.92937111099997, -8.836538976999975], [-77.00917386099997, -8.84887310199997], [-77.09201761099996, -8.77400585199996]]]}}, {"id": "91", "type": "Feature", "properties": {"idProv": "HUANUCO - HUAMALIES", "nombdep": "HUANUCO", "nombprov": "HUAMALIES"}, "geometry": {"type": "Polygon", "coordinates": [[[-76.75379098599996, -9.112261726999975], [-76.76759173599999, -9.064746101999958], [-76.77788836099995, -9.05324197699997], [-76.77635161099994, -9.07339647699996], [-76.81925936099998, -9.127253476999954], [-76.78996048599998, -9.135892726999941], [-76.73460723599999, -9.20879047699998], [-76.72596973599997, -9.256153726999969], [-76.74546073599998, -9.296723726999971], [-76.74080873599996, -9.330751101999965], [-76.76589773599994, -9.367196976999935], [-76.81548236099997, -9.326461976999951], [-76.83396486099997, -9.266007851999973], [-76.84670698599996, -9.264212851999957], [-76.93523623599998, -9.398548851999976], [-76.93030473599998, -9.43318560199998], [-76.95329486099996, -9.46747847699993], [-76.93755073599993, -9.525367227999936], [-76.95511136099998, -9.56029885299995], [-76.98024411099993, -9.564031227999976], [-76.99516011099996, -9.603331977999972], [-77.04715036099998, -9.632531227999948], [-77.02061136099996, -9.711314477999963], [-76.97427736099996, -9.760236352999925], [-76.98104298599998, -9.724568352999938], [-76.94570898599994, -9.703093727999942], [-76.94624023599994, -9.680205102999935], [-76.91650211099994, -9.68851760299998], [-76.90835173599999, -9.653451227999938], [-76.87145111099994, -9.675466852999932], [-76.85009761099997, -9.66670510299997], [-76.86128511099997, -9.64318160299996], [-76.80919336099998, -9.628033227999936], [-76.80875973599996, -9.612632977999965], [-76.76134173599996, -9.617640602999927], [-76.75258011099999, -9.58734960299995], [-76.73701948599995, -9.61506835299997], [-76.72761023599998, -9.595659977999958], [-76.74318998599995, -9.579099977999931], [-76.69675386099993, -9.557720727999936], [-76.58304886099995, -9.552089852999927], [-76.50624798599995, -9.532706977999965], [-76.45827736099994, -9.498626976999958], [-76.38545111099995, -9.496384601999978], [-76.37141411099998, -9.44314647699997], [-76.31180273599995, -9.418158226999935], [-76.31350011099994, -9.392601601999957], [-76.26712886099995, -9.396158226999944], [-76.23534573599994, -9.41820897699995], [-76.22691436099996, -9.37804085199997], [-76.14561523499998, -9.306275226999958], [-76.08318773499997, -9.303227101999937], [-76.05722060999994, -9.281087101999958], [-76.07676623499998, -9.269766851999975], [-76.07607560999998, -9.239084351999963], [-76.10571335999998, -9.207088476999957], [-76.21710111099998, -9.202354101999958], [-76.23486323599997, -9.140273476999937], [-76.27203049099995, -9.213827855999966], [-76.31961136099994, -9.195081976999973], [-76.39587498599997, -9.238437476999934], [-76.50981248599999, -9.186144351999928], [-76.54307036099993, -9.202527351999947], [-76.55783598599999, -9.176335851999966], [-76.65519098599998, -9.12356622699997], [-76.75379098599996, -9.112261726999975]]]}}, {"id": "92", "type": "Feature", "properties": {"idProv": "HUANUCO - LEONCIO PRADO", "nombdep": "HUANUCO", "nombprov": "LEONCIO PRADO"}, "geometry": {"type": "Polygon", "coordinates": [[[-75.94633721199995, -8.399123335999946], [-76.00249416499997, -8.305226514999958], [-76.04259573499996, -8.341591850999976], [-76.05634760999999, -8.329290975999982], [-76.10697381699998, -8.331771679999974], [-76.12750335799996, -8.35752580299993], [-76.10778710999995, -8.399013725999964], [-76.13066798499995, -8.467876976999946], [-76.13467998499993, -8.572559976999969], [-76.10712998499997, -8.648799976999953], [-76.13948998499995, -8.666639976999932], [-76.16694635999994, -8.756500976999973], [-76.20341648499993, -8.753329726999937], [-76.19989085999998, -8.77140585199993], [-76.23725852499996, -8.790490060999957], [-76.19787235999996, -8.781850101999964], [-76.18967685999996, -8.795945226999947], [-76.20124848499995, -8.835244476999947], [-76.22437073599997, -8.847191976999966], [-76.21592598599995, -8.924610101999974], [-76.23598011099995, -8.945363726999972], [-76.23016711099996, -8.957506101999968], [-76.27879611099996, -8.996614976999979], [-76.35304286099995, -9.024178851999977], [-76.41922998599995, -8.986399976999962], [-76.45822998599994, -8.996709976999966], [-76.47406973599993, -9.012415851999947], [-76.48042923599996, -9.171811726999977], [-76.36077486099998, -9.197163226999976], [-76.30809111099995, -9.176326351999933], [-76.27203049099995, -9.213827855999966], [-76.23512298599996, -9.14024222699993], [-76.21561873599995, -9.20335347699995], [-76.10571335999998, -9.207088476999957], [-76.07607560999998, -9.239084351999963], [-76.07676623499998, -9.269766851999975], [-76.05722060999994, -9.281087101999958], [-76.08318773499997, -9.303227101999937], [-76.14015198499999, -9.302527476999956], [-76.22691436099996, -9.37804085199997], [-76.23534573599994, -9.41820897699995], [-76.20152923499995, -9.451593851999974], [-76.20469260999994, -9.49887610199994], [-76.16108185999997, -9.469232726999962], [-76.12460473499993, -9.480808726999953], [-76.07190923499996, -9.471519351999973], [-76.01134748499999, -9.508029101999966], [-75.94664398499998, -9.497025601999951], [-75.88677148499994, -9.427759726999966], [-75.85281423499998, -9.426633351999953], [-75.81094035999996, -9.390393101999962], [-75.78561423499997, -9.406578726999953], [-75.79296673499994, -9.462543726999968], [-75.77622810999998, -9.522309352999969], [-75.75578385999995, -9.544695227999966], [-75.74997310999998, -9.590723602999958], [-75.72125198499998, -9.61750785299995], [-75.67905473499997, -9.56700385299996], [-75.62915104399997, -9.410937023999963], [-75.67045087199995, -9.417935812999929], [-75.67112834599999, -9.385868838999954], [-75.69501235999996, -9.363927066999963], [-75.68862268599997, -9.349366328999963], [-75.70569083899994, -9.336267220999957], [-75.72024249699996, -9.27722754599995], [-75.76396276599996, -9.237848216999964], [-75.76379026399997, -9.217098119999946], [-75.79612726999994, -9.202670437999927], [-75.83787649699997, -9.061944494999977], [-75.89186137999997, -9.00201825199997], [-75.88376730599998, -8.972732544999928], [-75.92788281899993, -8.844538027999931], [-75.92164653199995, -8.78080846499995], [-75.97917385999995, -8.654011726999954], [-75.97072660999999, -8.51240035199993], [-75.95453123499993, -8.499486351999963], [-75.96755473499996, -8.459925726999927], [-75.94633721199995, -8.399123335999946]]]}}, {"id": "93", "type": "Feature", "properties": {"idProv": "HUANUCO - MARAÑON", "nombdep": "HUANUCO", "nombprov": "MARAÑON"}, "geometry": {"type": "Polygon", "coordinates": [[[-76.33232598599994, -8.43178822599998], [-76.37126973599999, -8.410923975999935], [-76.41749623599998, -8.443748225999968], [-76.46616736099998, -8.569742976999976], [-76.49250386099999, -8.575760851999974], [-76.49483786099995, -8.549587851999945], [-76.54780661099994, -8.497640601999933], [-76.69707961099994, -8.532499601999973], [-76.72840398599999, -8.515004476999934], [-76.76842411099994, -8.52680935199993], [-76.80444986099997, -8.510572726999953], [-76.84265911099999, -8.52522997699998], [-76.86470161099999, -8.566349601999946], [-76.88735811099997, -8.55479810199995], [-76.89708423599996, -8.568750601999966], [-76.93597198599997, -8.56696685199995], [-76.95422661099997, -8.545339851999927], [-76.97730086099995, -8.560598726999956], [-77.01159761099996, -8.537687476999963], [-77.04980136099994, -8.553715226999941], [-77.09165073599996, -8.51698135199996], [-77.08193773599999, -8.487256351999974], [-77.13992773599995, -8.48045510199995], [-77.13105086099995, -8.454275601999939], [-77.13384373599996, -8.44002147599997], [-77.20267998599996, -8.48540997699996], [-77.26408003899996, -8.467530013999976], [-77.28277998699997, -8.505889976999981], [-77.31748636199995, -8.53015235199996], [-77.28871686199994, -8.589769351999962], [-77.29364261199999, -8.637025351999966], [-77.26059573599997, -8.648521476999974], [-77.24816798599994, -8.727308601999937], [-77.18496673599998, -8.827900351999972], [-77.15018361099999, -8.810691351999935], [-77.14802536099995, -8.777103476999969], [-77.10145898599995, -8.767003726999974], [-77.00917386099997, -8.84887310199997], [-76.92937111099997, -8.836538976999975], [-76.86149023599995, -8.865917976999981], [-76.82230661099999, -8.834460976999935], [-76.78613086099995, -8.841732476999937], [-76.74492973599996, -8.882689476999929], [-76.72786723599995, -8.873585976999948], [-76.64032403699997, -9.015378273999943], [-76.65243749999996, -9.02529882899995], [-76.61609961099998, -9.054501976999973], [-76.54340673599995, -9.014644976999932], [-76.52998711099997, -9.027927226999964], [-76.47667711099996, -9.014383726999938], [-76.43729998599997, -8.985599976999936], [-76.36989111099996, -9.025623976999952], [-76.32805261099998, -9.016318726999941], [-76.24171936099998, -8.970364726999946], [-76.21612586099997, -8.925259726999968], [-76.22905111099999, -8.866113476999942], [-76.18967685999996, -8.795945226999947], [-76.19787235999996, -8.781850101999964], [-76.23711820599993, -8.793109339999944], [-76.23000836099999, -8.758315351999954], [-76.24498636099997, -8.749401476999935], [-76.22868098599997, -8.745028351999963], [-76.25740273599996, -8.706641851999962], [-76.24834048599996, -8.683031976999928], [-76.26945586099998, -8.652489351999975], [-76.26406436099995, -8.610300476999953], [-76.28732898599998, -8.585435351999934], [-76.28035861099994, -8.573563976999935], [-76.30697398599995, -8.57139622699998], [-76.33232598599994, -8.43178822599998]]]}}, {"id": "94", "type": "Feature", "properties": {"idProv": "HUANUCO - PACHITEA", "nombdep": "HUANUCO", "nombprov": "PACHITEA"}, "geometry": {"type": "Polygon", "coordinates": [[[-75.80830060999995, -9.392480976999934], [-75.85281423499998, -9.426633351999953], [-75.88677148499994, -9.427759726999966], [-75.94664398499998, -9.497025601999951], [-75.91266935999994, -9.567450477999955], [-75.84010135999995, -9.65076535299994], [-75.85220810999994, -9.683402102999935], [-75.80500910999996, -9.731928727999957], [-75.79679098499997, -9.815810102999933], [-75.82466160999996, -9.831403977999969], [-75.89223473499999, -9.791033977999973], [-75.96369123499994, -9.814616852999961], [-76.06192960999994, -9.819509727999957], [-76.08681048499994, -9.881320227999936], [-76.12323823499997, -9.88861722799993], [-76.11621485999996, -9.95226172799994], [-76.13620898499994, -9.986281227999939], [-76.11733785999996, -10.049705102999951], [-76.12520110999998, -10.068630852999945], [-76.04084760999996, -10.104853477999939], [-76.06470310999998, -10.132412102999979], [-76.05336899499997, -10.158107510999969], [-76.06735935999995, -10.195205102999978], [-76.03495310999995, -10.258320352999931], [-76.05001360999995, -10.269105477999972], [-76.04657223499999, -10.306722602999969], [-76.06619723499995, -10.316642602999934], [-76.04173923499997, -10.331141727999977], [-76.03059373499997, -10.46284185299993], [-76.01069085999995, -10.455401352999957], [-76.00298635999997, -10.488865227999952], [-75.96098035999995, -10.460570227999938], [-75.92504873499996, -10.40656047799996], [-75.92493935999994, -10.356720602999928], [-75.85640035999995, -10.301710852999975], [-75.83967960999996, -10.257390602999976], [-75.81270898499997, -10.244089852999934], [-75.78476948499997, -10.252160102999937], [-75.70942960999997, -10.215070227999945], [-75.67394135999996, -10.049367102999952], [-75.64517960999996, -10.026927727999976], [-75.60311185999996, -10.025475352999933], [-75.59529498499995, -10.01017335299997], [-75.59343885999994, -9.945152727999925], [-75.67275398499999, -9.940148852999926], [-75.68535435999996, -9.91747197799998], [-75.75305073499999, -9.883101602999943], [-75.75183010999996, -9.812716727999941], [-75.71411135999995, -9.790476602999945], [-75.72454485999998, -9.739999977999958], [-75.71373823499994, -9.61303322799995], [-75.72975973499996, -9.615007852999952], [-75.75025873499999, -9.590138227999944], [-75.79296673499994, -9.462543726999968], [-75.78538573499998, -9.407321226999954], [-75.80830060999995, -9.392480976999934]]]}}, {"id": "95", "type": "Feature", "properties": {"idProv": "HUANUCO - PUERTO INCA", "nombdep": "HUANUCO", "nombprov": "PUERTO INCA"}, "geometry": {"type": "Polygon", "coordinates": [[[-74.64431073399999, -8.918783226999949], [-74.61629498399998, -8.827945351999972], [-74.53217804599996, -8.77613316399993], [-74.52535123399997, -8.749316226999952], [-74.54375273399995, -8.593698351999933], [-74.58974623399996, -8.548719351999978], [-74.66414760899994, -8.561908726999945], [-74.84728448399994, -8.661644726999953], [-74.85219873399996, -8.76309435199994], [-74.94071210899995, -8.857892601999936], [-75.12232030499996, -8.88068037499994], [-75.10841319199994, -8.92229144199996], [-75.13484527699995, -8.945969265999963], [-75.11972116399994, -8.983476912999947], [-75.17386415599998, -9.011575218999951], [-75.16240119399998, -9.033953457999928], [-75.20121497099996, -9.06383791299993], [-75.20645533999993, -9.101338660999943], [-75.24190187099998, -9.102124906999961], [-75.21193216199998, -9.176427109999963], [-75.24220301799994, -9.220934119999981], [-75.27191969399996, -9.233415226999966], [-75.27902328899995, -9.276272006999932], [-75.31392881099998, -9.302088699999956], [-75.33405696699998, -9.288764748999938], [-75.37215373299995, -9.310229775999971], [-75.45196794399999, -9.296343674999946], [-75.49260160999995, -9.376380851999954], [-75.62917748699994, -9.410856810999974], [-75.67905473499997, -9.56700385299996], [-75.71255460999998, -9.603675727999928], [-75.72454485999998, -9.739999977999958], [-75.71411135999995, -9.790476602999945], [-75.75183010999996, -9.812716727999941], [-75.75270923499994, -9.883516852999946], [-75.68535435999996, -9.91747197799998], [-75.67275398499999, -9.940148852999926], [-75.59431198499993, -9.944515477999971], [-75.54837860999999, -9.984414977999961], [-75.50858448499997, -9.976916477999964], [-75.47455248499995, -9.992174602999967], [-75.44555048499996, -9.937889477999931], [-75.40478360999998, -9.930212102999974], [-75.39554723499998, -9.912776852999968], [-75.41118160999997, -9.888426102999972], [-75.39959585999998, -9.878455602999964], [-75.28240798499996, -9.864731352999968], [-75.27921898499994, -9.838239727999962], [-75.30976548499996, -9.774387477999937], [-75.25465035999997, -9.779002227999968], [-75.16012498499998, -9.839974602999973], [-75.09446785899996, -9.844477727999958], [-75.05778923399998, -9.81891860299993], [-74.99361598399997, -9.839797227999952], [-74.98555285899994, -9.864063727999962], [-74.88235148399997, -9.819738102999963], [-74.83500260899996, -9.847105977999945], [-74.83623898399998, -9.820048352999947], [-74.81559960899995, -9.795428352999977], [-74.84707135899998, -9.780477477999966], [-74.84379885899995, -9.749148477999938], [-74.81684360899999, -9.736433602999966], [-74.82188273399998, -9.677188102999935], [-74.78747798399996, -9.66576972799993], [-74.76481485899996, -9.635716102999936], [-74.77248573399999, -9.612379102999967], [-74.73559373399996, -9.574445227999945], [-74.75052285899994, -9.524607102999937], [-74.72882073399995, -9.472412101999964], [-74.67596148399997, -9.44691447699995], [-74.70942010899995, -9.42221035199998], [-74.65431748399999, -9.36877422699996], [-74.62737398399997, -9.364775476999966], [-74.58715023399998, -9.296607476999952], [-74.62446685899994, -9.215562476999935], [-74.63653873399994, -9.125511226999947], [-74.67809373399996, -9.098131351999939], [-74.65136610899998, -9.048768351999968], [-74.66916398399997, -9.020256726999946], [-74.64787498399994, -8.995767601999944], [-74.64431073399999, -8.918783226999949]]]}}, {"id": "96", "type": "Feature", "properties": {"idProv": "HUANUCO - LAURICOCHA", "nombdep": "HUANUCO", "nombprov": "LAURICOCHA"}, "geometry": {"type": "Polygon", "coordinates": [[[-76.65467186099994, -9.908540977999962], [-76.64108011099995, -9.881695352999941], [-76.66071098599997, -9.86807622799995], [-76.70162886099996, -9.928599602999952], [-76.72006048599997, -9.89835747799998], [-76.73626761099996, -9.934515602999966], [-76.77990823599998, -9.95701760299994], [-76.77328911099994, -9.994396477999942], [-76.82404686099994, -10.010998102999963], [-76.80718948599997, -10.084478477999937], [-76.84323823599993, -10.086785102999954], [-76.85358011099999, -10.101779352999927], [-76.87133786099997, -10.09430072799995], [-76.87988673599995, -10.116552727999931], [-76.91569723599997, -10.120427727999981], [-76.91600386099998, -10.225267602999963], [-76.86585161099998, -10.374843727999973], [-76.84049798599995, -10.363331977999962], [-76.83167186099996, -10.393074227999932], [-76.80567573599996, -10.392298852999943], [-76.79985336099998, -10.43955847799998], [-76.72915071799997, -10.479066057999944], [-76.69681998599998, -10.442486352999936], [-76.59335898599994, -10.401493977999962], [-76.57925361099996, -10.37587485299997], [-76.55824373599995, -10.393429727999944], [-76.49094111099998, -10.378896477999945], [-76.47280436099999, -10.337767602999975], [-76.51333786099997, -10.291064477999953], [-76.51764636099995, -10.187070352999967], [-76.53894998599998, -10.16571997799997], [-76.54687998599996, -10.111389977999977], [-76.56828998599997, -10.095849977999933], [-76.59708073599995, -10.100934102999929], [-76.60610173599997, -10.084623102999956], [-76.59732423599996, -10.041581977999954], [-76.57844723599999, -10.031449227999929], [-76.57059761099998, -9.943724602999964], [-76.63578373599995, -9.931466727999975], [-76.62653998599995, -9.919189977999963], [-76.65467186099994, -9.908540977999962]]]}}, {"id": "97", "type": "Feature", "properties": {"idProv": "HUANUCO - YAROWILCA", "nombdep": "HUANUCO", "nombprov": "YAROWILCA"}, "geometry": {"type": "Polygon", "coordinates": [[[-76.46797261099994, -9.68500372799997], [-76.52629486099994, -9.66564847799998], [-76.55888286099997, -9.682705102999932], [-76.59811523599996, -9.672513727999956], [-76.64446998599993, -9.687769977999949], [-76.66396998599998, -9.677339977999964], [-76.68971998599994, -9.701539977999971], [-76.70370998599998, -9.689809977999971], [-76.72275998599997, -9.70379997799995], [-76.70206048599994, -9.74697847799996], [-76.73576011099993, -9.752979977999928], [-76.75801948599997, -9.842460852999977], [-76.70382036099994, -9.92848622799994], [-76.66146673599997, -9.868132852999963], [-76.64108011099995, -9.881695352999941], [-76.65342998599994, -9.918869977999975], [-76.57237686099995, -9.941613227999937], [-76.57047461099995, -9.959232477999933], [-76.54752148599994, -9.943142602999956], [-76.54608598599998, -9.919831977999934], [-76.46507023599997, -9.892249977999938], [-76.48669636099999, -9.881465977999937], [-76.49996861099999, -9.836804352999934], [-76.46982036099996, -9.807873102999963], [-76.46331461099999, -9.761931602999937], [-76.48399411099996, -9.740406227999927], [-76.46499611099995, -9.721355477999964], [-76.46797261099994, -9.68500372799997]]]}}, {"id": "98", "type": "Feature", "properties": {"idProv": "ICA - ICA", "nombdep": "ICA", "nombprov": "ICA"}, "geometry": {"type": "Polygon", "coordinates": [[[-75.56208598499995, -13.748164105999933], [-75.64799610999995, -13.80743948099996], [-75.78894998499999, -13.856459981999933], [-75.84834023499997, -13.836215231999972], [-75.88454098499994, -13.855173856999954], [-75.99194335999994, -13.833408231999954], [-76.02797848499995, -13.840119106999964], [-76.06030073499994, -13.916331981999974], [-76.02504685999997, -13.959226606999948], [-76.02545110999995, -14.005025356999965], [-76.00140823499999, -14.019798856999955], [-75.98609173499995, -14.071748106999962], [-76.02658010999994, -14.108203106999952], [-76.02183598499994, -14.124513731999969], [-76.07232810999994, -14.229040981999958], [-76.03896873499997, -14.27289260699996], [-75.98413085999994, -14.299652356999957], [-76.00383785999998, -14.391775356999972], [-76.03667773499996, -14.426054731999955], [-75.97227923499997, -14.470498106999969], [-75.97473248499995, -14.524605356999928], [-75.93045510999997, -14.571275356999934], [-75.91676560999997, -14.658906231999936], [-75.85575585999999, -14.694443356999955], [-75.85556635999995, -14.716281231999972], [-75.54696285999995, -14.883033231999946], [-75.49404485999997, -14.92966010799995], [-75.43999998499999, -14.894919982999966], [-75.41473235999996, -14.781736356999943], [-75.43244723499998, -14.754031231999932], [-75.41063673499997, -14.686259856999982], [-75.42648823499997, -14.641353481999943], [-75.40312698499997, -14.627205106999952], [-75.37088285999994, -14.636578106999934], [-75.36255860999995, -14.569042981999928], [-75.31913673499997, -14.53529485699994], [-75.30124998499997, -14.472539981999944], [-75.24553523499998, -14.440817356999958], [-75.22791985999999, -14.39540623199997], [-75.21794923499994, -14.35377535699996], [-75.23788360999998, -14.342595981999978], [-75.22948235999996, -14.178107481999973], [-75.24304298499999, -14.152429731999973], [-75.22440423499995, -14.099404356999969], [-75.23977935999994, -14.083419981999953], [-75.21055473499996, -14.050441356999954], [-75.26101835999998, -14.040993856999933], [-75.23344273499998, -14.00328523199994], [-75.32901098499997, -14.018023356999947], [-75.35567998499994, -13.995769981999956], [-75.35921998499998, -13.971499981999955], [-75.43351998499998, -13.914069981999944], [-75.54924998499996, -13.887359981999964], [-75.56482835999998, -13.843486981999945], [-75.52524598499997, -13.808212105999928], [-75.53758973499998, -13.762395855999955], [-75.56208598499995, -13.748164105999933]]]}}, {"id": "99", "type": "Feature", "properties": {"idProv": "ICA - CHINCHA", "nombdep": "ICA", "nombprov": "CHINCHA"}, "geometry": {"type": "Polygon", "coordinates": [[[-75.61135910999997, -12.966486230999976], [-75.66704860999994, -12.996556230999943], [-75.66572798499999, -13.01648923099998], [-75.69054923499993, -13.035105105999946], [-75.72323048499999, -13.038745480999978], [-75.76458773499996, -13.018236355999932], [-75.80206248499996, -13.060429730999942], [-75.82429423499997, -13.030513105999944], [-75.84965323499995, -13.036180730999945], [-75.94289685999996, -12.992233105999958], [-76.01193673499995, -13.085499355999957], [-76.15525260999993, -13.192200855999943], [-76.20287998499998, -13.30167998099995], [-76.24479286099995, -13.323513730999935], [-76.19037242299999, -13.434934496999972], [-76.19183212599995, -13.593776398999978], [-76.01434573499995, -13.560441355999956], [-75.93488085999996, -13.631447230999981], [-75.88905660999995, -13.612593730999947], [-75.81446098499998, -13.619562480999946], [-75.81355473499997, -13.57818160599993], [-75.77317773499993, -13.55593360599994], [-75.75619135999995, -13.501230480999936], [-75.70750973499997, -13.471787105999965], [-75.68928098499998, -13.439670105999937], [-75.71882960999994, -13.412576480999974], [-75.76252348499997, -13.41376585599994], [-75.80965798499994, -13.388856480999948], [-75.78763998499994, -13.334789980999972], [-75.70648148499998, -13.288286855999957], [-75.70244135999997, -13.22688698099995], [-75.68894935999998, -13.214274105999948], [-75.70628985999997, -13.187651105999976], [-75.69399310999995, -13.146627730999967], [-75.71876823499997, -13.109764730999927], [-75.68661835999995, -13.043071980999969], [-75.67563560999997, -13.043746855999927], [-75.68058039399995, -13.070361477999938], [-75.65799514499997, -13.08232778699994], [-75.62860823499994, -13.057066730999964], [-75.63926785999996, -13.032014480999976], [-75.60864310999995, -13.004055480999966], [-75.61135910999997, -12.966486230999976]]]}}, {"id": "100", "type": "Feature", "properties": {"idProv": "ICA - NASCA", "nombdep": "ICA", "nombprov": "NASCA"}, "geometry": {"type": "Polygon", "coordinates": [[[-74.88951973399998, -14.547405356999946], [-74.94662835899999, -14.58083523199997], [-74.95891973399995, -14.606451231999927], [-75.03176460899994, -14.610657106999952], [-75.05322323399997, -14.627207356999975], [-75.06585823399996, -14.574483481999948], [-75.08009010899997, -14.569009981999955], [-75.08330648399993, -14.608976106999933], [-75.13238085899997, -14.644064481999976], [-75.14221098499996, -14.678841856999952], [-75.18558398499994, -14.636894481999946], [-75.22640423499996, -14.644701231999932], [-75.23919535999994, -14.591021481999974], [-75.33232173499994, -14.615652606999959], [-75.36211298499995, -14.598471856999936], [-75.36368748499996, -14.582089731999929], [-75.37186723499997, -14.637529356999949], [-75.39954485999993, -14.62690448199993], [-75.42648823499997, -14.641353481999943], [-75.41063673499997, -14.686259856999982], [-75.43244723499998, -14.754031231999932], [-75.41473235999996, -14.781736356999943], [-75.43999998499999, -14.894919982999966], [-75.50319923499995, -14.947925732999977], [-75.49999998499999, -14.96697460799993], [-75.44269335999996, -15.00059185799995], [-75.41357423499994, -15.043123107999975], [-75.37062110999995, -15.152720732999967], [-75.35792385999997, -15.13994723299993], [-75.34949610999996, -15.158331982999982], [-75.31686910999997, -15.149931607999974], [-75.23220510999994, -15.20276948299994], [-75.21623048499998, -15.233300732999965], [-75.22280873499994, -15.256380857999943], [-75.26381248499996, -15.251183607999963], [-75.22913473499995, -15.285740232999956], [-75.16915623499995, -15.307083982999927], [-75.15177874799997, -15.335451083999942], [-75.15665876399999, -15.356023056999959], [-75.18583027399995, -15.355080009999938], [-75.19420898499999, -15.368535107999946], [-75.16150973499998, -15.378128857999968], [-75.14040423499995, -15.40716598299997], [-75.08191210899997, -15.424009732999934], [-75.07451560899995, -15.443374982999956], [-75.04554748399994, -15.43033023299995], [-75.01655573399995, -15.351096232999964], [-74.96820073399994, -15.299422232999973], [-74.96363835899996, -15.253898607999929], [-74.92930598399994, -15.192401857999982], [-74.66899998399998, -15.053699982999944], [-74.66569373399994, -14.997902357999976], [-74.64630335899994, -14.977893482999946], [-74.68532860899995, -14.930154482999967], [-74.66239273399998, -14.900123107999946], [-74.68096085899998, -14.85427885699994], [-74.69384035899998, -14.838155231999963], [-74.73250973399996, -14.846660106999934], [-74.75458023399995, -14.83528998199995], [-74.71439685899998, -14.817800981999937], [-74.74775548399998, -14.81310435699993], [-74.76470210899998, -14.790456481999968], [-74.71569710899996, -14.709776731999966], [-74.80269998399996, -14.752149981999935], [-74.82529835899999, -14.736444981999966], [-74.84857285899994, -14.672183856999936], [-74.78816623399996, -14.615563231999943], [-74.85902923399993, -14.60837960699996], [-74.88951973399998, -14.547405356999946]]]}}, {"id": "101", "type": "Feature", "properties": {"idProv": "ICA - PALPA", "nombdep": "ICA", "nombprov": "PALPA"}, "geometry": {"type": "Polygon", "coordinates": [[[-75.09635935899996, -14.066298856999936], [-75.10884173399995, -14.032884731999957], [-75.16567998499994, -14.072529981999935], [-75.21055473499996, -14.050441356999954], [-75.23977935999994, -14.083419981999953], [-75.22440423499995, -14.099404356999969], [-75.24304298499999, -14.152429731999973], [-75.22948235999996, -14.178107481999973], [-75.23788360999998, -14.342595981999978], [-75.21794923499994, -14.35377535699996], [-75.22791985999999, -14.39540623199997], [-75.24553523499998, -14.440817356999958], [-75.30124998499997, -14.472539981999944], [-75.31913673499997, -14.53529485699994], [-75.36325785999998, -14.570724606999931], [-75.36211298499995, -14.598471856999936], [-75.33232173499994, -14.615652606999959], [-75.23833585999995, -14.591435606999937], [-75.22640423499996, -14.644701231999932], [-75.18558398499994, -14.636894481999946], [-75.14221098499996, -14.678841856999952], [-75.13238085899997, -14.644064481999976], [-75.07994910899998, -14.602311356999962], [-75.09030323399998, -14.580321356999946], [-75.06714410899997, -14.528570981999962], [-75.08667535899997, -14.530205856999942], [-75.09813773399998, -14.48509723199993], [-75.05299410899994, -14.431150356999979], [-75.10584173399997, -14.434044231999962], [-75.13982610999994, -14.415908231999936], [-75.09392685899996, -14.312424481999926], [-75.03219785899995, -14.265679106999926], [-75.08872235899997, -14.229822231999947], [-75.05743335899996, -14.123953731999961], [-75.06353248399995, -14.088407231999952], [-75.09635935899996, -14.066298856999936]]]}}, {"id": "102", "type": "Feature", "properties": {"idProv": "ICA - PISCO", "nombdep": "ICA", "nombprov": "PISCO"}, "geometry": {"type": "Polygon", "coordinates": [[[-75.49824998499997, -13.391149980999955], [-75.50324385999994, -13.352765105999936], [-75.53806448499995, -13.404756480999936], [-75.59817185999998, -13.38980660599998], [-75.61494548499996, -13.416796230999978], [-75.67979823499996, -13.431235730999958], [-75.70750973499997, -13.471787105999965], [-75.75619135999995, -13.501230480999936], [-75.77317773499993, -13.55593360599994], [-75.81355473499997, -13.57818160599993], [-75.81565035999995, -13.620564480999974], [-75.88905660999995, -13.612593730999947], [-75.93488085999996, -13.631447230999981], [-76.00666798499998, -13.56097073099994], [-76.04974610999994, -13.576939480999954], [-76.08746860999997, -13.564083980999953], [-76.19183212599995, -13.593776398999978], [-76.26037345199995, -13.866542867999954], [-76.29763673599996, -13.838036981999949], [-76.31164848599997, -13.847074231999954], [-76.29641798599994, -13.793277355999976], [-76.37099798599996, -13.806197230999942], [-76.39647461099997, -13.908763606999969], [-76.32807811099997, -13.924882856999943], [-76.31363861099999, -13.893367231999946], [-76.29839648599994, -13.89328510699994], [-76.28174611099996, -13.912972606999972], [-76.29478123599995, -13.930919981999978], [-76.27303711099995, -13.951873106999926], [-76.27076773599998, -13.98354298199996], [-76.28578323599999, -13.996789106999927], [-76.26262498599993, -14.02023235699994], [-76.26063286099998, -14.05576760699995], [-76.29216011099999, -14.08900373199998], [-76.27872461099997, -14.152429731999973], [-76.29338086099995, -14.163251981999963], [-76.27214648599994, -14.200199231999932], [-76.26130661099995, -14.185080106999976], [-76.25321286099995, -14.160456981999971], [-76.27092573599998, -14.142156356999976], [-76.22580073599994, -14.150474606999978], [-76.19048048499997, -14.19825785699993], [-76.14357035999996, -14.227620981999962], [-76.10530473499995, -14.314058606999936], [-76.11095510999996, -14.329220731999953], [-76.14524023499996, -14.330156231999979], [-76.13651760999994, -14.348810606999962], [-76.06619523499995, -14.38694335699995], [-76.03667773499996, -14.426054731999955], [-76.00383785999998, -14.391775356999972], [-75.98084960999995, -14.315496106999944], [-75.98617573499996, -14.296318356999961], [-76.03896873499997, -14.27289260699996], [-76.07232810999994, -14.229040981999958], [-76.02183598499994, -14.124513731999969], [-76.02658010999994, -14.108203106999952], [-75.98609173499995, -14.071748106999962], [-76.00140823499999, -14.019798856999955], [-76.02545110999995, -14.005025356999965], [-76.02504685999997, -13.959226606999948], [-76.05838860999995, -13.924564481999937], [-76.04118360999996, -13.86107035699996], [-76.02797848499995, -13.840119106999964], [-75.99194335999994, -13.833408231999954], [-75.88454098499994, -13.855173856999954], [-75.84834023499997, -13.836215231999972], [-75.78894998499999, -13.856459981999933], [-75.64799610999995, -13.80743948099996], [-75.57046673499997, -13.742931605999956], [-75.53323623499995, -13.744745730999966], [-75.48456210999996, -13.654708480999943], [-75.51957535999998, -13.603514855999947], [-75.46968998499995, -13.481689980999931], [-75.46577998499998, -13.432159980999927], [-75.49824998499997, -13.391149980999955]]]}}, {"id": "103", "type": "Feature", "properties": {"idProv": "JUNIN - HUANCAYO", "nombdep": "JUNIN", "nombprov": "HUANCAYO"}, "geometry": {"type": "Polygon", "coordinates": [[[-74.67893523399994, -11.66435797899993], [-74.73680385899996, -11.67487360499996], [-74.74398323399998, -11.70316022999998], [-74.77480135899998, -11.723265104999939], [-74.76750998399996, -11.761969979999947], [-74.83934998399997, -11.762799979999954], [-74.86889998399994, -11.777469979999978], [-74.85095773399996, -11.80272797999993], [-74.88759610899996, -11.846264479999945], [-74.95141498399994, -11.826726729999962], [-74.96727810899995, -11.844801729999972], [-74.99294998399995, -11.81692460499994], [-75.01162135899995, -11.819986354999969], [-75.06248585899993, -11.888961104999964], [-75.08975173399995, -11.83562022999996], [-75.12928173399996, -11.842238854999948], [-75.17891085999997, -11.793544354999938], [-75.25070910999995, -11.809935604999964], [-75.27464310999994, -11.862951979999934], [-75.26660348499996, -11.873054729999978], [-75.29488460999994, -11.887394479999955], [-75.29410010999999, -11.921654604999958], [-75.31277535999999, -11.93800310499995], [-75.27920110999997, -11.980519479999941], [-75.32506545099994, -12.009326621999946], [-75.31650979499994, -12.041469950999954], [-75.23562985999996, -12.070377729999962], [-75.24052273499996, -12.149823604999938], [-75.27592003899997, -12.177290016999962], [-75.24626598499998, -12.249332979999963], [-75.26425385999994, -12.248660104999942], [-75.27157610999996, -12.266619104999961], [-75.29984760999997, -12.258265604999963], [-75.35722890099998, -12.308923633999939], [-75.36009998499998, -12.335569979999946], [-75.40997998499995, -12.363959979999947], [-75.55958998499995, -12.410719979999953], [-75.53597398499994, -12.51854810499998], [-75.57184060999998, -12.564067854999962], [-75.57961323499995, -12.641484354999932], [-75.52538960999993, -12.618367229999933], [-75.46720073499995, -12.68333060499998], [-75.45256135999995, -12.65719422999996], [-75.46079398499995, -12.631385979999948], [-75.44264523499999, -12.61774147999995], [-75.41538273499998, -12.628417104999926], [-75.40944723499996, -12.584730479999962], [-75.31933910999999, -12.514502854999932], [-75.32473998499995, -12.485502104999966], [-75.21551535999998, -12.463421104999952], [-75.22008460999996, -12.390454604999945], [-75.18236998499998, -12.360279979999973], [-75.15414098499997, -12.395699229999934], [-75.13100998399995, -12.378500104999944], [-75.14013998499996, -12.34140997999998], [-75.09892848399994, -12.28531785499996], [-75.10044710899996, -12.251100604999976], [-75.04935660899997, -12.201342979999936], [-75.04892110899993, -12.167547729999967], [-75.07694535899998, -12.147145729999977], [-75.06291973399993, -12.134715979999953], [-75.06516410899997, -12.091917104999936], [-75.08640085899998, -12.053255854999975], [-75.04895248399998, -11.99922810499993], [-74.99775435899994, -12.021080104999953], [-74.93901573399995, -12.018355604999954], [-74.87077410899997, -12.065991979999978], [-74.83737360899994, -12.070818479999957], [-74.81874998399996, -12.05352997999995], [-74.74450998399993, -12.04089997999995], [-74.71068998399994, -12.05719997999995], [-74.65757285899997, -11.992684104999967], [-74.63181010899996, -11.985339729999964], [-74.60355160899996, -11.999540729999978], [-74.57170685899996, -11.984808979999968], [-74.55767798399995, -12.000949354999932], [-74.54307423399996, -11.984048854999969], [-74.50764848399996, -11.98708197999997], [-74.49051198399997, -11.91367372999997], [-74.50784798399997, -11.915967854999963], [-74.53366310899997, -11.87873172999997], [-74.57788860899996, -11.882384729999956], [-74.60633673399997, -11.793109354999956], [-74.65027935899997, -11.736308604999977], [-74.64254073399997, -11.700954104999937], [-74.67893523399994, -11.66435797899993]]]}}, {"id": "104", "type": "Feature", "properties": {"idProv": "JUNIN - CONCEPCION", "nombdep": "JUNIN", "nombprov": "CONCEPCION"}, "geometry": {"type": "Polygon", "coordinates": [[[-74.91494923399995, -11.480023478999954], [-75.00028548399996, -11.426763603999973], [-75.03595073399998, -11.473196603999952], [-75.05535510899995, -11.470813603999943], [-75.06195710899993, -11.486892603999934], [-75.16294573499994, -11.534943103999979], [-75.20263410999996, -11.599202103999971], [-75.19491598499997, -11.625310603999935], [-75.21156048499995, -11.624857478999957], [-75.22427723499999, -11.663727478999931], [-75.19161273499998, -11.708911354999941], [-75.20131998499994, -11.749439979999977], [-75.18692998499995, -11.776119979999976], [-75.23262998499996, -11.765789979999965], [-75.26922998499998, -11.799029979999943], [-75.26623498499998, -11.812497979999932], [-75.30526685999996, -11.830971604999945], [-75.31188985999995, -11.858277229999942], [-75.40099498499995, -11.874244479999959], [-75.35786248499994, -11.900304354999946], [-75.43387860999997, -11.955224604999955], [-75.48100073499995, -11.936761229999945], [-75.49926998499996, -11.96640997999998], [-75.46935999699997, -11.990089979999937], [-75.48950998499998, -12.007459979999965], [-75.53684998499995, -12.027329979999934], [-75.58803710999996, -12.000380854999946], [-75.62276448499995, -12.022297229999936], [-75.68652598499995, -12.012521104999962], [-75.69430473499995, -12.042691354999931], [-75.67382410999994, -12.058349104999934], [-75.68822185999994, -12.082133479999982], [-75.63456323499997, -12.11463910499998], [-75.62752348499998, -12.141740229999982], [-75.58586286199994, -12.14514896999998], [-75.53520194599997, -12.187002803999974], [-75.51820998499994, -12.121729979999941], [-75.47812998499995, -12.104739979999977], [-75.45991991999995, -12.06672006399998], [-75.42082414699996, -12.059974504999957], [-75.27945698499997, -11.981197229999964], [-75.31277535999999, -11.93800310499995], [-75.29410010999999, -11.921654604999958], [-75.29488460999994, -11.887394479999955], [-75.26660348499996, -11.873054729999978], [-75.27464310999994, -11.862951979999934], [-75.25070910999995, -11.809935604999964], [-75.17891085999997, -11.793544354999938], [-75.12928173399996, -11.842238854999948], [-75.08975173399995, -11.83562022999996], [-75.06248585899993, -11.888961104999964], [-75.01560373399997, -11.821251854999957], [-74.99294998399995, -11.81692460499994], [-74.96727810899995, -11.844801729999972], [-74.95141498399994, -11.826726729999962], [-74.88772135899995, -11.846295354999938], [-74.85095773399996, -11.80272797999993], [-74.86889998399994, -11.777469979999978], [-74.83934998399997, -11.762799979999954], [-74.76750998399996, -11.761969979999947], [-74.77480135899998, -11.723265104999939], [-74.71817923399993, -11.659919228999968], [-74.72514173399998, -11.613998478999974], [-74.82024623399997, -11.588361978999956], [-74.91063685899996, -11.528548978999936], [-74.94186173399999, -11.565347728999939], [-74.97094898399996, -11.57109810399993], [-74.95414285899994, -11.503947353999934], [-74.91494923399995, -11.480023478999954]]]}}, {"id": "105", "type": "Feature", "properties": {"idProv": "JUNIN - CHANCHAMAYO", "nombdep": "JUNIN", "nombprov": "CHANCHAMAYO"}, "geometry": {"type": "Polygon", "coordinates": [[[-75.03563923399997, -10.682317728999976], [-75.06507285899994, -10.65289447899994], [-75.10963985899997, -10.723993353999958], [-75.15707998499994, -10.76198047899993], [-75.17664585999995, -10.74990172899993], [-75.18994898499994, -10.780401978999976], [-75.20418398499999, -10.764676228999974], [-75.24390035999994, -10.763880853999979], [-75.24795898499997, -10.803101478999963], [-75.28389060999996, -10.84145110399993], [-75.34851948499994, -10.800640603999966], [-75.36273773499994, -10.85011247899996], [-75.38572735999998, -10.86493685399995], [-75.40240023499996, -10.85516860399997], [-75.41781523499998, -10.89024072899997], [-75.43685223499995, -10.879502228999968], [-75.45335010999997, -10.90029535399998], [-75.43552435999999, -10.912132353999937], [-75.42234398499994, -10.957286103999934], [-75.44054060999997, -10.969214978999958], [-75.45177623499995, -11.01589047899995], [-75.49935760999995, -11.022810978999928], [-75.52869273499994, -11.050570728999958], [-75.58366973499994, -11.050687228999948], [-75.60229448499996, -11.074399728999936], [-75.66738985999996, -11.098273353999957], [-75.63767598499999, -11.164202103999969], [-75.62020185999995, -11.155183853999972], [-75.60220698499995, -11.172492353999928], [-75.58393548499998, -11.167902978999962], [-75.58182998499996, -11.22708997899997], [-75.50555998499993, -11.22427997899996], [-75.31366798499994, -11.299199228999953], [-75.02840423399994, -11.350232478999942], [-75.04416035899999, -11.297586228999933], [-74.96823998399998, -11.30029997899993], [-74.89035998399999, -11.270089978999977], [-74.88808998399998, -11.239539978999971], [-74.91105998399996, -11.215749978999952], [-74.90498998399994, -11.186959978999937], [-74.89142998399996, -11.189289978999966], [-74.89913998399999, -11.166659978999974], [-74.74653998399998, -11.070289978999938], [-74.74741998399998, -11.01104997899995], [-74.71778898399998, -11.020619728999975], [-74.64607560899998, -11.00885072899996], [-74.62261673399996, -10.975860853999961], [-74.65990273399996, -10.952929978999975], [-74.69874998399996, -10.956550728999957], [-74.70794660899998, -10.858164728999952], [-74.73431335899994, -10.833332478999978], [-74.79482685899995, -10.829872353999974], [-74.87816485899998, -10.700699353999937], [-74.88753935899996, -10.710735978999935], [-74.86593623399995, -10.758972103999952], [-74.88563035899995, -10.770615353999972], [-74.95648160899998, -10.73282372899996], [-74.98281760899994, -10.74978710399995], [-75.00648960899997, -10.718802228999948], [-75.01172948399994, -10.679525603999934], [-75.03563923399997, -10.682317728999976]]]}}, {"id": "106", "type": "Feature", "properties": {"idProv": "JUNIN - JAUJA", "nombdep": "JUNIN", "nombprov": "JAUJA"}, "geometry": {"type": "Polygon", "coordinates": [[[-75.43478960999994, -11.258207853999977], [-75.44365510999995, -11.302017103999958], [-75.43095998499996, -11.332309978999945], [-75.40418948499996, -11.340456978999953], [-75.40381048499995, -11.363591228999951], [-75.40966635999996, -11.387772103999964], [-75.46125785999999, -11.428937603999941], [-75.45746648499994, -11.453432603999943], [-75.47946485999995, -11.485754353999937], [-75.47409860999994, -11.521661353999946], [-75.51138735999996, -11.516660103999982], [-75.53003248499994, -11.493862103999959], [-75.54720998499994, -11.503589978999969], [-75.54740935999996, -11.525988353999935], [-75.57300998499994, -11.542489978999981], [-75.55391548499995, -11.601140103999967], [-75.59930535999996, -11.577163728999949], [-75.62621935999994, -11.588775478999935], [-75.63957210999996, -11.564060603999962], [-75.69167160999996, -11.556296603999954], [-75.70997635999998, -11.567129603999945], [-75.73493060999994, -11.52272297899998], [-75.74946585999999, -11.54236160399995], [-75.79977373499997, -11.54304760399998], [-75.75618498499995, -11.640251603999957], [-75.70048373499998, -11.713521979999939], [-75.75618335999997, -11.77603460499995], [-75.81363423499994, -11.78982110499993], [-75.85504248499996, -11.76758972999994], [-75.89307573499997, -11.783552479999969], [-75.90515935999997, -11.872838104999971], [-75.95574710999995, -11.870492854999952], [-75.99347598499998, -11.899628479999933], [-76.02433010999994, -11.897634729999936], [-76.05186148499996, -11.938962104999973], [-76.01425410999997, -11.984329729999956], [-75.88428848499996, -11.993630854999935], [-75.84254935999996, -12.006452854999964], [-75.83356048499996, -12.02470210499996], [-75.81893685999995, -12.013737229999947], [-75.76566298499995, -12.059627354999975], [-75.74203948499996, -12.036547104999954], [-75.69977585999999, -12.047663604999968], [-75.67485748499996, -12.008079104999979], [-75.62276448499995, -12.022297229999936], [-75.58803710999996, -12.000380854999946], [-75.53468998499994, -12.027249979999965], [-75.46935999699997, -11.990089979999937], [-75.49926998499996, -11.96640997999998], [-75.48100073499995, -11.936761229999945], [-75.43387860999997, -11.955224604999955], [-75.35786248499994, -11.900304354999946], [-75.40099498499995, -11.874244479999959], [-75.31188985999995, -11.858277229999942], [-75.30526685999996, -11.830971604999945], [-75.26623498499998, -11.812497979999932], [-75.26922998499998, -11.799029979999943], [-75.23262998499996, -11.765789979999965], [-75.18692998499995, -11.776119979999976], [-75.20131998499994, -11.749439979999977], [-75.19161273499998, -11.708911354999941], [-75.22427723499999, -11.663727478999931], [-75.21156048499995, -11.624857478999957], [-75.19491598499997, -11.625310603999935], [-75.20263410999996, -11.599202103999971], [-75.16294573499994, -11.534943103999979], [-75.06195710899993, -11.486892603999934], [-75.05535510899995, -11.470813603999943], [-75.03595073399998, -11.473196603999952], [-75.00028548399996, -11.426763603999973], [-74.97293748399994, -11.438175978999936], [-74.99866435899997, -11.39721835399996], [-74.98778248399998, -11.374838353999962], [-75.02840423399994, -11.350232478999942], [-75.30659004299997, -11.300849771999935], [-75.43478960999994, -11.258207853999977]]]}}, {"id": "107", "type": "Feature", "properties": {"idProv": "JUNIN - JUNIN", "nombdep": "JUNIN", "nombprov": "JUNIN"}, "geometry": {"type": "Polygon", "coordinates": [[[-75.55366010999995, -10.745249978999937], [-75.56812060999994, -10.727157728999941], [-75.58409585999993, -10.801567103999957], [-75.60662173499998, -10.823115978999965], [-75.67854873499994, -10.840179603999957], [-75.69325260999994, -10.817219353999974], [-75.73280685999998, -10.809264478999978], [-75.75857023499998, -10.830089853999937], [-75.78914060999995, -10.82527147899998], [-75.83838085999997, -10.88629885399996], [-75.87606998499996, -10.867495228999928], [-75.93592385999995, -10.889722603999928], [-75.96162848499995, -10.843959853999934], [-75.99267160999995, -10.820984978999945], [-76.00603110999998, -10.828201478999972], [-76.04550998499997, -10.88073997899994], [-76.08213998499997, -10.895139978999964], [-76.12289998499995, -10.962109978999933], [-76.07308198499999, -10.974337853999941], [-76.04457810999997, -11.024732478999965], [-76.01138298499995, -11.032494103999966], [-76.02794723499994, -11.085275353999975], [-76.06442185999998, -11.095439478999936], [-76.06695510999998, -11.114472603999957], [-76.09639648499996, -11.108380853999961], [-76.09636723499995, -11.12078710399993], [-76.12188673499998, -11.085644478999939], [-76.14750585999997, -11.07872260399995], [-76.24801561099997, -10.93318160399997], [-76.27680661099998, -10.919056603999934], [-76.25966786099997, -11.027401853999947], [-76.23957036099995, -11.049199103999968], [-76.24954998599998, -11.106929978999972], [-76.20221998499994, -11.149969978999934], [-76.20828998499996, -11.170049978999941], [-76.18155335999995, -11.180757853999978], [-76.19308448499999, -11.201560478999966], [-76.16756810999993, -11.22133072899993], [-76.17736998499998, -11.242370728999958], [-76.16513998499994, -11.270469978999927], [-76.08239998499994, -11.387959978999959], [-76.01331248499997, -11.375671853999961], [-75.95984573499999, -11.33291597899995], [-75.89013548499997, -11.33315547899997], [-75.97208010999998, -11.213894478999975], [-75.92203998499997, -11.219749978999971], [-75.90125948499997, -11.199871228999939], [-75.90447060999998, -11.175634353999953], [-75.88431448499995, -11.143544978999955], [-75.86120135999994, -11.144787978999943], [-75.83893985999998, -11.119414228999972], [-75.83276935999999, -11.05230910399996], [-75.81346373499997, -11.05071997899995], [-75.81716598499997, -11.034436103999951], [-75.78406098499994, -10.997493228999929], [-75.76159760999997, -11.010332478999942], [-75.73218998499993, -11.001489978999928], [-75.66768935999994, -10.949249978999944], [-75.61548035999994, -10.961021478999953], [-75.53664060999995, -10.948281228999974], [-75.50281048499994, -10.962070228999949], [-75.49460360999996, -10.92303510399995], [-75.43764148499997, -10.87981297899995], [-75.41781523499998, -10.89024072899997], [-75.40933985999999, -10.845208978999949], [-75.39075985999995, -10.832259853999972], [-75.39481048499994, -10.759140603999981], [-75.46078898499997, -10.749771478999946], [-75.47636910999995, -10.781201103999933], [-75.49024998499993, -10.756829978999974], [-75.55366010999995, -10.745249978999937]]]}}, {"id": "108", "type": "Feature", "properties": {"idProv": "JUNIN - SATIPO", "nombdep": "JUNIN", "nombprov": "SATIPO"}, "geometry": {"type": "Polygon", "coordinates": [[[-73.61039623299996, -10.846573853999928], [-73.74443448299996, -10.73401797899993], [-73.78198635799998, -10.750624978999952], [-73.78693948299997, -10.79413872899994], [-73.81421685799995, -10.799896478999926], [-73.81300498299998, -10.88924110399995], [-73.86220173299995, -10.97877497899998], [-73.85933348299994, -11.168110353999964], [-73.89061398299998, -11.169652978999977], [-73.91648723299994, -11.143101978999937], [-73.95737773299999, -11.148136228999931], [-73.97827173299999, -11.120626978999951], [-73.97883798299995, -11.069038478999971], [-74.00720185799997, -10.99130847899994], [-74.15565273399994, -10.99876097899994], [-74.19086998399996, -10.985997103999978], [-74.20276735899995, -11.021013478999976], [-74.25643598399995, -11.018222728999945], [-74.37316760899995, -11.056619853999962], [-74.45030973399997, -11.001866978999942], [-74.49647160899997, -11.000238728999932], [-74.50838373399995, -10.950299728999937], [-74.56236348399995, -10.913682478999931], [-74.61410248399994, -10.904625478999947], [-74.64929823399996, -10.867070728999977], [-74.68134685899997, -10.889157103999935], [-74.70017385899996, -10.877892728999939], [-74.70201948399995, -10.914999978999958], [-74.69874998399996, -10.956550728999957], [-74.62776273399999, -10.965109103999964], [-74.64408685899997, -11.007704228999955], [-74.71778898399998, -11.020619728999975], [-74.74741998399998, -11.01104997899995], [-74.74653998399998, -11.070289978999938], [-74.89913998399999, -11.166659978999974], [-74.89142998399996, -11.189289978999966], [-74.90498998399994, -11.186959978999937], [-74.91105998399996, -11.215749978999952], [-74.88808998399998, -11.239539978999971], [-74.89035998399999, -11.270089978999977], [-74.95749998399998, -11.298079978999965], [-75.05096910899994, -11.307855353999969], [-75.02840423399994, -11.350232478999942], [-74.98778248399998, -11.374838353999962], [-74.99866435899997, -11.39721835399996], [-74.96252523399994, -11.452490978999947], [-74.91494923399995, -11.480023478999954], [-74.95414285899994, -11.503947353999934], [-74.97094898399996, -11.57109810399993], [-74.94186173399999, -11.565347728999939], [-74.91063685899996, -11.528548978999936], [-74.82024623399997, -11.588361978999956], [-74.72514173399998, -11.613998478999974], [-74.72101460899995, -11.664661103999947], [-74.70807748399994, -11.674771479999947], [-74.67963285899998, -11.661253853999938], [-74.64254073399997, -11.700954104999937], [-74.65027935899997, -11.736308604999977], [-74.60633673399997, -11.793109354999956], [-74.57788860899996, -11.882384729999956], [-74.53366310899997, -11.87873172999997], [-74.50784798399997, -11.915967854999963], [-74.49051198399997, -11.91367372999997], [-74.50481148399996, -11.983277979999968], [-74.54307423399996, -11.984048854999969], [-74.54899948399998, -11.99699035499998], [-74.48761573399997, -12.033712979999962], [-74.45437573399994, -12.033945979999942], [-74.41422098399994, -12.076462979999974], [-74.41030998399998, -12.106485229999976], [-74.35171585899997, -12.13698022999995], [-74.36130523399999, -12.155222854999977], [-74.34329885899996, -12.169089479999968], [-74.35170073399996, -12.177999979999981], [-74.33035798399999, -12.221926104999966], [-74.29085048399998, -12.223404979999941], [-74.21804260899995, -12.278080229999944], [-74.21870160899994, -12.301735604999976], [-74.18826298399995, -12.30305560499994], [-74.18202685899996, -12.317271854999944], [-74.13115998399996, -12.314605104999941], [-74.12143948399995, -12.33360147999997], [-74.09735360899998, -12.283709354999928], [-74.03978673299997, -12.261408729999971], [-73.99985048299999, -12.283576854999978], [-73.98045160799995, -12.242588354999953], [-73.97222875699998, -12.294334516999982], [-73.92492855499995, -12.283185290999938], [-73.87181898599994, -12.24539944999998], [-73.83422350199999, -12.242948604999981], [-73.79562444699997, -12.262283814999932], [-73.76175920799994, -12.25292071499996], [-73.70453798299997, -12.269445979999944], [-73.65991560799995, -12.328747729999975], [-73.65769448299994, -12.359539479999967], [-73.60376023299995, -12.386985854999978], [-73.58616960799998, -12.366579979999926], [-73.59205311699998, -12.334234659999936], [-73.57432635799995, -12.276842354999928], [-73.46986523299995, -12.236894479999933], [-73.43952110799995, -12.15200772999998], [-73.36109123299997, -12.134292979999941], [-73.35612135799994, -12.111076354999966], [-73.40101548299998, -12.090833604999943], [-73.39788485799994, -12.020943479999971], [-73.43606948299998, -11.995849979999946], [-73.44272373299998, -11.939314604999936], [-73.49902248299998, -11.871017854999934], [-73.55883560799998, -11.850888354999938], [-73.58081660799996, -11.82408060499995], [-73.57193659399996, -11.742627441999957], [-73.61208110799998, -11.679760354999928], [-73.60826960199995, -11.66016009499998], [-73.55965098299998, -11.592050978999964], [-73.50233248299998, -11.563161978999972], [-73.48712623299997, -11.534915978999948], [-73.45040223299998, -11.533067603999939], [-73.47983135799996, -11.469905353999934], [-73.41975335799998, -11.382970228999966], [-73.46786885799997, -11.343651228999931], [-73.48456148299994, -11.350264103999962], [-73.48412885799996, -11.318531228999973], [-73.45919423299995, -11.300924103999932], [-73.44986723299996, -11.225582603999953], [-73.47197360799998, -11.084988728999974], [-73.48260348299993, -11.065242228999978], [-73.54257873299997, -11.047424478999972], [-73.57228673299994, -10.95581397899997], [-73.56026148299998, -10.860609228999976], [-73.61039623299996, -10.846573853999928]]]}}, {"id": "109", "type": "Feature", "properties": {"idProv": "JUNIN - TARMA", "nombdep": "JUNIN", "nombprov": "TARMA"}, "geometry": {"type": "Polygon", "coordinates": [[[-75.45327810999999, -10.901107853999974], [-75.49460360999996, -10.92303510399995], [-75.50281048499994, -10.962070228999949], [-75.53664060999995, -10.948281228999974], [-75.61548035999994, -10.961021478999953], [-75.66768935999994, -10.949249978999944], [-75.73218998499993, -11.001489978999928], [-75.76159760999997, -11.010332478999942], [-75.78406098499994, -10.997493228999929], [-75.81716598499997, -11.034436103999951], [-75.81346373499997, -11.05071997899995], [-75.83276935999999, -11.05230910399996], [-75.83893985999998, -11.119414228999972], [-75.86120135999994, -11.144787978999943], [-75.88431448499995, -11.143544978999955], [-75.90447060999998, -11.175634353999953], [-75.90125948499997, -11.199871228999939], [-75.92203998499997, -11.219749978999971], [-75.97208010999998, -11.213894478999975], [-75.89013548499997, -11.33315547899997], [-75.96018998499994, -11.333323978999942], [-75.88269385999996, -11.403179603999945], [-75.91638285999994, -11.415831978999961], [-75.91496923499994, -11.430509103999952], [-75.87091998499994, -11.507081353999979], [-75.81162098499993, -11.546931853999979], [-75.74946585999999, -11.54236160399995], [-75.73493060999994, -11.52272297899998], [-75.70997635999998, -11.567129603999945], [-75.69167160999996, -11.556296603999954], [-75.63957210999996, -11.564060603999962], [-75.62621935999994, -11.588775478999935], [-75.59930535999996, -11.577163728999949], [-75.55391548499995, -11.601140103999967], [-75.57300998499994, -11.542489978999981], [-75.54740935999996, -11.525988353999935], [-75.54720998499994, -11.503589978999969], [-75.53003248499994, -11.493862103999959], [-75.51138735999996, -11.516660103999982], [-75.47395073499996, -11.521409353999957], [-75.47946485999995, -11.485754353999937], [-75.45746648499994, -11.453432603999943], [-75.46125785999999, -11.428937603999941], [-75.40966635999996, -11.387772103999964], [-75.40381048499995, -11.363591228999951], [-75.40418948499996, -11.340456978999953], [-75.43095998499996, -11.332309978999945], [-75.44365510999995, -11.302017103999958], [-75.44699735999995, -11.271738353999979], [-75.43391710999998, -11.259834353999963], [-75.50555998499993, -11.22427997899996], [-75.58182998499996, -11.22708997899997], [-75.58393548499998, -11.167902978999962], [-75.60220698499995, -11.172492353999928], [-75.62020185999995, -11.155183853999972], [-75.63767598499999, -11.164202103999969], [-75.67090660999997, -11.10375460399996], [-75.60229448499996, -11.074399728999936], [-75.58366973499994, -11.050687228999948], [-75.52869273499994, -11.050570728999958], [-75.49935760999995, -11.022810978999928], [-75.45177623499995, -11.01589047899995], [-75.44054060999997, -10.969214978999958], [-75.42234398499994, -10.957286103999934], [-75.43552435999999, -10.912132353999937], [-75.45327810999999, -10.901107853999974]]]}}, {"id": "110", "type": "Feature", "properties": {"idProv": "JUNIN - YAULI", "nombdep": "JUNIN", "nombprov": "YAULI"}, "geometry": {"type": "Polygon", "coordinates": [[[-76.38286523599999, -11.074896603999946], [-76.44680661099994, -11.07124735399998], [-76.51899798599999, -11.116753853999967], [-76.49207723599994, -11.189313978999962], [-76.49071486099996, -11.246595728999978], [-76.45693248599997, -11.272520603999965], [-76.47847011099998, -11.292045978999965], [-76.45097261099994, -11.34390435399996], [-76.42268361099997, -11.35485547899998], [-76.40141798599996, -11.402851728999963], [-76.41164848599993, -11.41588472899997], [-76.39434061099996, -11.445007478999969], [-76.37740823599995, -11.444220728999937], [-76.37683911099998, -11.501488603999974], [-76.35064586099998, -11.520413603999941], [-76.35000248599994, -11.542297978999954], [-76.30436961099997, -11.567527978999976], [-76.29765036099997, -11.596173853999971], [-76.22874386099994, -11.553810603999978], [-76.18770710999996, -11.592789853999932], [-76.17955073499996, -11.61287310399996], [-76.19890623499998, -11.625938103999943], [-76.18829235999993, -11.642386728999952], [-76.20488273499996, -11.659531103999939], [-76.19329748499996, -11.67348697999995], [-76.20232773499998, -11.728049229999954], [-76.15438085999995, -11.781388604999961], [-76.13732760999994, -11.78051135499993], [-76.05817948499998, -11.879958229999943], [-76.05516373499995, -11.937927229999957], [-76.03523360999998, -11.931497479999962], [-76.02433010999994, -11.897634729999936], [-75.99347598499998, -11.899628479999933], [-75.95574710999995, -11.870492854999952], [-75.90515935999997, -11.872838104999971], [-75.89314448499994, -11.78362885499996], [-75.87770048499993, -11.772400604999973], [-75.83470823499994, -11.768711354999937], [-75.79782035999995, -11.790244104999942], [-75.75521748499995, -11.775354979999975], [-75.70038060999997, -11.712312854999936], [-75.75618498499995, -11.640251603999957], [-75.78742998499996, -11.559237603999975], [-75.87091998499994, -11.507081353999979], [-75.91702798499995, -11.419178228999954], [-75.88269385999996, -11.403179603999945], [-75.96018998499994, -11.333323978999942], [-76.01331248499997, -11.375671853999961], [-76.08239998499994, -11.387959978999959], [-76.16513998499994, -11.270469978999927], [-76.17736998499998, -11.242370728999958], [-76.16756810999993, -11.22133072899993], [-76.19308448499999, -11.201560478999966], [-76.18155335999995, -11.180757853999978], [-76.20887998499995, -11.169209978999959], [-76.20221998499994, -11.149969978999934], [-76.25776998599997, -11.15174997899993], [-76.30790036099995, -11.132664103999957], [-76.31907036099994, -11.09056247899997], [-76.33673823599997, -11.082482478999964], [-76.35095898599997, -11.09419335399997], [-76.38286523599999, -11.074896603999946]]]}}, {"id": "111", "type": "Feature", "properties": {"idProv": "JUNIN - CHUPACA", "nombdep": "JUNIN", "nombprov": "CHUPACA"}, "geometry": {"type": "Polygon", "coordinates": [[[-75.32040204499998, -12.01450385499993], [-75.45991991999995, -12.06672006399998], [-75.47812998499995, -12.104739979999977], [-75.51820998499994, -12.121729979999941], [-75.53520194599997, -12.187002803999974], [-75.58586286199994, -12.14514896999998], [-75.62169710999996, -12.14020722999993], [-75.67001713499997, -12.184792756999968], [-75.58669985999995, -12.299252979999949], [-75.58859648499998, -12.325003229999936], [-75.54870110999997, -12.36424397999997], [-75.56531003999999, -12.413310018999937], [-75.40997998499995, -12.363959979999947], [-75.36009998499998, -12.335569979999946], [-75.35722890099998, -12.308923633999939], [-75.29984760999997, -12.258265604999963], [-75.27157610999996, -12.266619104999961], [-75.26425385999994, -12.248660104999942], [-75.24626598499998, -12.249332979999963], [-75.27592003899997, -12.177290016999962], [-75.24052273499996, -12.149823604999938], [-75.23562985999996, -12.070377729999962], [-75.31477672699998, -12.04262592699996], [-75.32040204499998, -12.01450385499993]]]}}, {"id": "112", "type": "Feature", "properties": {"idProv": "LA LIBERTAD - TRUJILLO", "nombdep": "LA LIBERTAD", "nombprov": "TRUJILLO"}, "geometry": {"type": "Polygon", "coordinates": [[[-78.77365611299996, -7.802253600999961], [-78.83732811299996, -7.803613225999925], [-78.88091711299995, -7.836652225999956], [-78.90382673799996, -7.887681350999969], [-78.95521411299995, -7.902845725999953], [-78.98509136299998, -7.893494600999929], [-79.04000623799999, -7.9883209759999545], [-79.10588798799995, -7.9819774759999405], [-79.12592161299995, -7.936991100999933], [-79.21079722499996, -7.998824274999947], [-79.13007811299997, -8.05984960099994], [-79.11556636299997, -8.096662100999936], [-78.98773731999995, -8.208378868999944], [-78.98108788799993, -8.227320309999925], [-78.99071096699998, -8.225552094999955], [-78.99360029299999, -8.23575946699998], [-78.96256552899996, -8.26186576899994], [-78.95724323799999, -8.292526788999965], [-78.90052998799996, -8.371449975999951], [-78.88236998799994, -8.343339975999982], [-78.81675811299993, -8.309992725999962], [-78.80807298799994, -8.286888225999974], [-78.80301523799994, -8.250821850999955], [-78.83746636299998, -8.229314475999956], [-78.84159848799999, -8.191459100999964], [-78.78158061299996, -8.209552350999957], [-78.77233998799994, -8.176412850999952], [-78.63827611299996, -8.14019510099996], [-78.68179848799997, -8.12542022599996], [-78.68399061299993, -8.09091485099998], [-78.72305448799995, -8.092281725999953], [-78.72010973799996, -8.050020975999928], [-78.70585648799994, -8.038654100999963], [-78.71645386299997, -8.01683510099997], [-78.68227998799995, -7.996659975999933], [-78.68889811299994, -7.947408225999936], [-78.73192748799994, -7.927775975999964], [-78.72722636299994, -7.883363850999956], [-78.78021998799994, -7.883619975999977], [-78.77365611299996, -7.802253600999961]]]}}, {"id": "113", "type": "Feature", "properties": {"idProv": "LA LIBERTAD - ASCOPE", "nombdep": "LA LIBERTAD", "nombprov": "ASCOPE"}, "geometry": {"type": "Polygon", "coordinates": [[[-79.15699036299998, -7.427835725999955], [-79.18732936299995, -7.388664100999961], [-79.19914236299996, -7.393418600999951], [-79.25376939299997, -7.462672191999957], [-79.26178498799999, -7.5047097259999305], [-79.29606448799996, -7.51294735099998], [-79.29171861299994, -7.545474225999953], [-79.31058986299996, -7.578334225999981], [-79.33602148799997, -7.582275350999964], [-79.35843973799996, -7.559088850999956], [-79.38558667399997, -7.597652928999935], [-79.45576312099996, -7.636639354999943], [-79.43485548899997, -7.690771475999952], [-79.46570698899995, -7.7119336009999415], [-79.38956836299997, -7.79121485099995], [-79.37448436299997, -7.84443560099993], [-79.30785548799997, -7.925431600999957], [-79.21079722499996, -7.998824274999947], [-79.12592161299995, -7.936991100999933], [-79.10588798799995, -7.9819774759999405], [-79.04000623799999, -7.9883209759999545], [-78.98509136299998, -7.893494600999929], [-78.95521411299995, -7.902845725999953], [-78.90336686299997, -7.887382975999969], [-78.88091711299995, -7.836652225999956], [-78.81612623799998, -7.795938225999976], [-78.89019848799995, -7.771704850999981], [-78.88786323799997, -7.7523183509999285], [-78.91437011299996, -7.718405225999959], [-78.89597923799994, -7.645388975999936], [-78.81493823799997, -7.639734225999973], [-78.79437748799995, -7.6203247259999785], [-78.79853998799996, -7.586599975999945], [-78.82346598799995, -7.574735975999943], [-78.83828436299996, -7.5898684759999355], [-78.91820411299994, -7.602693475999956], [-78.96150536299996, -7.65840235099995], [-78.99339861299995, -7.660539850999953], [-79.04123248799993, -7.599887475999935], [-79.03860423799995, -7.562062475999937], [-79.05984723799997, -7.546675475999962], [-79.07155186299997, -7.505345725999973], [-79.06542811299994, -7.472708600999965], [-79.15699036299998, -7.427835725999955]]]}}, {"id": "114", "type": "Feature", "properties": {"idProv": "LA LIBERTAD - BOLIVAR", "nombdep": "LA LIBERTAD", "nombprov": "BOLIVAR"}, "geometry": {"type": "Polygon", "coordinates": [[[-77.75753361199997, -6.965793474999941], [-77.77929986199996, -6.9414527249999765], [-77.80193198699999, -6.966144474999965], [-77.83434598699995, -6.9572057249999375], [-77.84219498699997, -6.976884849999976], [-77.88034173699998, -6.962503849999962], [-77.92865023699994, -6.986759349999943], [-77.98605998699998, -6.9629699749999645], [-78.00100261199998, -6.987538724999979], [-77.92974023699998, -7.105546724999954], [-77.92561248699997, -7.154573099999936], [-77.89786898699998, -7.166807224999957], [-77.88200973699998, -7.22054959999997], [-77.84923961199996, -7.235571474999972], [-77.85681086199997, -7.282620974999929], [-77.83282786199999, -7.304550974999927], [-77.82499573699994, -7.378663850999942], [-77.75509448699995, -7.441454225999962], [-77.74377523699997, -7.506829100999937], [-77.69819773699999, -7.564552975999959], [-77.70144561199999, -7.593642600999942], [-77.63297998699994, -7.61451997599994], [-77.60593998699994, -7.647129975999974], [-77.54556098699999, -7.672182475999932], [-77.52270423699997, -7.633407225999974], [-77.52838873699994, -7.615950100999953], [-77.48576361199997, -7.603992225999946], [-77.49694473699998, -7.582741475999967], [-77.54006723699996, -7.577413600999932], [-77.52246823699994, -7.50686185099994], [-77.53907686199994, -7.507385350999925], [-77.55965998699997, -7.46418747599995], [-77.63091773699995, -7.413874600999975], [-77.62167836199995, -7.396994100999962], [-77.63921161199994, -7.343701224999961], [-77.62841923699995, -7.320808724999949], [-77.64735061199997, -7.241514349999932], [-77.60553023699998, -7.219161849999978], [-77.60738236199995, -7.206112599999926], [-77.64129573699995, -7.150709099999972], [-77.71337861199999, -7.107887099999971], [-77.70700598699995, -7.06852484999996], [-77.73998011199996, -7.035422099999948], [-77.75753361199997, -6.965793474999941]]]}}, {"id": "115", "type": "Feature", "properties": {"idProv": "LA LIBERTAD - CHEPEN", "nombdep": "LA LIBERTAD", "nombprov": "CHEPEN"}, "geometry": {"type": "Polygon", "coordinates": [[[-79.45074598899998, -6.947868974999949], [-79.47837673899994, -6.9706452249999415], [-79.50801636399996, -6.97043597499993], [-79.69062111399995, -7.177126974999965], [-79.59972123899996, -7.285750474999929], [-79.55664998899994, -7.287679974999946], [-79.54135736399996, -7.245996599999955], [-79.50916036399997, -7.258793849999961], [-79.48857998899996, -7.2212299749999715], [-79.46215998899999, -7.223679974999925], [-79.42476998799998, -7.254719974999944], [-79.40396998799997, -7.30234997499997], [-79.35909998799997, -7.325239974999931], [-79.30684998799995, -7.283709974999965], [-79.26891998799994, -7.278409974999931], [-79.27555286299997, -7.2155392249999295], [-79.25180373799998, -7.198348599999974], [-79.30530123799997, -7.147146224999972], [-79.29618998799998, -7.129619974999969], [-79.33048836299997, -7.07597334999997], [-79.32258598799996, -7.025683599999979], [-79.40076173799997, -6.956927724999957], [-79.45074598899998, -6.947868974999949]]]}}, {"id": "116", "type": "Feature", "properties": {"idProv": "LA LIBERTAD - JULCAN", "nombdep": "LA LIBERTAD", "nombprov": "JULCAN"}, "geometry": {"type": "Polygon", "coordinates": [[[-78.40614773799996, -7.990096475999962], [-78.46725248799999, -7.993450975999963], [-78.50056323799998, -8.026606600999969], [-78.51358848799998, -8.022898100999953], [-78.53311723799999, -8.042669975999956], [-78.53848323799997, -8.085102725999946], [-78.60235798799994, -8.061024850999956], [-78.63411911299994, -8.09732035099995], [-78.68236961299993, -8.097219725999935], [-78.68179848799997, -8.12542022599996], [-78.63763173799998, -8.130440475999933], [-78.65246661299994, -8.18465597599993], [-78.60697036299996, -8.19539122599997], [-78.59559573799999, -8.236411225999973], [-78.56588836299994, -8.250081975999933], [-78.58829686299998, -8.307498100999965], [-78.48572336299998, -8.346486725999966], [-78.49510998799997, -8.37021997599993], [-78.46967286299997, -8.387407225999937], [-78.44249798799996, -8.38228322599997], [-78.42430336299998, -8.358206225999936], [-78.41251323799997, -8.304377725999927], [-78.37017973799993, -8.30748110099995], [-78.30004773699994, -8.234000600999934], [-78.30350636199995, -8.170247475999929], [-78.32439261199994, -8.15411522599993], [-78.28828336199996, -8.062971975999972], [-78.32819673699998, -8.055426100999966], [-78.40614773799996, -7.990096475999962]]]}}, {"id": "117", "type": "Feature", "properties": {"idProv": "LA LIBERTAD - OTUZCO", "nombdep": "LA LIBERTAD", "nombprov": "OTUZCO"}, "geometry": {"type": "Polygon", "coordinates": [[[-78.44604686299994, -7.634001975999979], [-78.44795536299995, -7.622415100999945], [-78.48969998799998, -7.633889975999978], [-78.45488736299995, -7.65631747599997], [-78.53307998799994, -7.72059997599996], [-78.55148998799996, -7.72629997599995], [-78.58714998799996, -7.702609975999962], [-78.59642998799995, -7.703469975999951], [-78.60097998799995, -7.736229975999947], [-78.66504148799999, -7.796993850999968], [-78.69740561299994, -7.760265100999959], [-78.71252948799997, -7.703548350999938], [-78.79236586299999, -7.640029725999966], [-78.89597923799994, -7.645388975999936], [-78.91437011299996, -7.718405225999959], [-78.88786323799997, -7.7523183509999285], [-78.89019848799995, -7.771704850999981], [-78.77406548799996, -7.80150310099998], [-78.78021998799994, -7.883619975999977], [-78.72722636299994, -7.883363850999956], [-78.73192748799994, -7.927775975999964], [-78.68889811299994, -7.947408225999936], [-78.68227998799995, -7.996659975999933], [-78.71645386299997, -8.01683510099997], [-78.70585648799994, -8.038654100999963], [-78.72010973799996, -8.050020975999928], [-78.72305448799995, -8.092281725999953], [-78.63506048799997, -8.097564475999945], [-78.60235798799994, -8.061024850999956], [-78.53848323799997, -8.085102725999946], [-78.53311723799999, -8.042669975999956], [-78.51358848799998, -8.022898100999953], [-78.50056323799998, -8.026606600999969], [-78.46725248799999, -7.993450975999963], [-78.43059648799994, -8.000271100999953], [-78.38152348799997, -7.978148475999944], [-78.36622311299999, -7.95018347599995], [-78.32445511199995, -7.930074225999931], [-78.32024998699995, -7.905759975999956], [-78.25371373699994, -7.8879864759999805], [-78.25231836199998, -7.837175725999941], [-78.27289648699997, -7.7972324759999765], [-78.26091411199997, -7.755445350999935], [-78.28221273699995, -7.74547260099996], [-78.27620698699997, -7.719557975999976], [-78.34796498699995, -7.685716475999925], [-78.36073048799994, -7.644298850999974], [-78.44604686299994, -7.634001975999979]]]}}, {"id": "118", "type": "Feature", "properties": {"idProv": "LA LIBERTAD - PACASMAYO", "nombdep": "LA LIBERTAD", "nombprov": "PACASMAYO"}, "geometry": {"type": "Polygon", "coordinates": [[[-79.46215998899999, -7.223679974999925], [-79.48857998899996, -7.2212299749999715], [-79.50970048899995, -7.258925849999969], [-79.54135736399996, -7.245996599999955], [-79.55664998899994, -7.287679974999946], [-79.59972123899996, -7.285750474999929], [-79.56975932499995, -7.39000709499993], [-79.58863673899998, -7.4149023509999665], [-79.57661136399997, -7.461509725999974], [-79.45576312099996, -7.636639354999943], [-79.38558667399997, -7.597652928999935], [-79.35843973799996, -7.559088850999956], [-79.33602148799997, -7.582275350999964], [-79.31058986299996, -7.578334225999981], [-79.29171861299994, -7.545474225999953], [-79.29606448799996, -7.51294735099998], [-79.26178498799999, -7.5047097259999305], [-79.25376939299997, -7.462672191999957], [-79.18645086299995, -7.377823100999933], [-79.23147236299997, -7.390929725999968], [-79.28290211299998, -7.348743474999935], [-79.33250473799995, -7.3543492249999645], [-79.40396998799997, -7.30234997499997], [-79.42939998799994, -7.249769974999936], [-79.46215998899999, -7.223679974999925]]]}}, {"id": "119", "type": "Feature", "properties": {"idProv": "LA LIBERTAD - PATAZ", "nombdep": "LA LIBERTAD", "nombprov": "PATAZ"}, "geometry": {"type": "Polygon", "coordinates": [[[-77.69419998699993, -7.594279975999939], [-77.67719248699996, -7.6871476009999355], [-77.65453223699996, -7.7101422259999595], [-77.66885461199996, -7.72220060099994], [-77.65688861199999, -7.79633122599995], [-77.62269048699994, -7.871869600999958], [-77.63578361199995, -7.8914264759999355], [-77.62391673699994, -7.945350100999974], [-77.64048873699994, -7.9605663509999545], [-77.64936998699994, -8.031819975999952], [-77.64468998699994, -8.065709975999937], [-77.61882998699997, -8.079829975999928], [-77.63682888099999, -8.108179924999945], [-77.55699998699998, -8.19424997599998], [-77.57375086199994, -8.232659725999952], [-77.53116998699994, -8.243339975999959], [-77.52768998699997, -8.267079975999934], [-77.49136848699999, -8.282553100999962], [-77.47828473699997, -8.326065100999926], [-77.45889636199996, -8.335655975999941], [-77.43835548699997, -8.422328100999948], [-77.40546061199996, -8.441483350999931], [-77.39836736199999, -8.484596476999968], [-77.33494273699995, -8.532973226999957], [-77.31748636199995, -8.53015235199996], [-77.28277998699997, -8.505889976999981], [-77.26383998599994, -8.467419976999963], [-77.18553998599998, -8.480189976999952], [-77.13384373599996, -8.44002147599997], [-77.10458898599995, -8.444763475999935], [-77.06987698599994, -8.397496100999945], [-77.03401173599997, -8.404706975999943], [-77.00042923599995, -8.382403475999979], [-76.97689861099997, -8.396138725999947], [-76.96837261099995, -8.371241475999966], [-76.92700473599996, -8.359257100999969], [-76.93193023599997, -8.342595100999972], [-76.90124323599997, -8.283466350999959], [-76.92559673599999, -8.21849735099994], [-76.90699798599996, -8.170735600999933], [-76.92916711099997, -8.139355725999962], [-76.98491486099994, -8.113853475999974], [-77.02445898599996, -8.04915035099998], [-77.11052736099998, -8.025226600999929], [-77.15053511099995, -8.032042975999957], [-77.23186523599998, -8.011748100999966], [-77.26007811099998, -8.048439475999942], [-77.29666423699996, -8.062565725999946], [-77.37328386199994, -8.064684725999939], [-77.38574561199994, -8.054714600999944], [-77.37493636199997, -8.03152722599998], [-77.40715498699996, -7.992811475999929], [-77.37690923699995, -7.908821350999972], [-77.41078448699994, -7.900524725999958], [-77.44286111199995, -7.8136417259999575], [-77.52546873699998, -7.768341850999946], [-77.46148998699994, -7.678958475999934], [-77.49788961199994, -7.686354850999976], [-77.51804211199999, -7.654417100999979], [-77.55917973699997, -7.673562725999943], [-77.63297998699994, -7.61451997599994], [-77.69419998699993, -7.594279975999939]]]}}, {"id": "120", "type": "Feature", "properties": {"idProv": "LA LIBERTAD - SANCHEZ CARRION", "nombdep": "LA LIBERTAD", "nombprov": "SANCHEZ CARRION"}, "geometry": {"type": "Polygon", "coordinates": [[[-77.75702923699998, -7.47895510099994], [-77.85685998699995, -7.523529975999963], [-77.86793998699994, -7.5830299759999775], [-77.92241998699996, -7.599739975999967], [-77.91313786199999, -7.625865850999958], [-77.94050323699997, -7.640627350999978], [-77.93658423699998, -7.657477225999969], [-77.96013898699994, -7.655261225999936], [-77.96280223699995, -7.6743136009999375], [-78.04956998699998, -7.678559975999974], [-78.08122111199998, -7.696168850999925], [-78.12816411199998, -7.6531582259999595], [-78.17134511199998, -7.713393850999978], [-78.21935073699996, -7.724458100999925], [-78.21313461199998, -7.757525975999954], [-78.26115436199996, -7.754023975999928], [-78.27289648699997, -7.7972324759999765], [-78.25231836199998, -7.837175725999941], [-78.25300586199995, -7.886529350999979], [-78.21462998699997, -7.8944599759999505], [-78.18932361199995, -7.940809725999941], [-78.14721286199995, -7.9327128509999625], [-78.13286436199996, -7.957348850999949], [-78.07145998699997, -7.943769975999942], [-78.03221273699995, -7.906963100999974], [-78.00710823699995, -7.981227600999944], [-77.98562923699996, -7.982319225999959], [-77.97188461199994, -8.012626225999952], [-77.96063998699998, -7.970639975999973], [-77.91999148699995, -8.000221350999936], [-77.83795461199998, -7.975243975999945], [-77.80356623699998, -8.007533100999979], [-77.75564998699997, -8.002609975999974], [-77.71278698699996, -7.957606225999939], [-77.69126286199997, -7.9759609759999535], [-77.64081598699994, -7.983332975999929], [-77.62391673699994, -7.945350100999974], [-77.63578361199995, -7.8914264759999355], [-77.62269048699994, -7.871869600999958], [-77.65688861199999, -7.79633122599995], [-77.66885461199996, -7.72220060099994], [-77.65453223699996, -7.7101422259999595], [-77.67719248699996, -7.6871476009999355], [-77.69819773699999, -7.564552975999959], [-77.75702923699998, -7.47895510099994]]]}}, {"id": "121", "type": "Feature", "properties": {"idProv": "LA LIBERTAD - SANTIAGO DE CHUCO", "nombdep": "LA LIBERTAD", "nombprov": "SANTIAGO DE CHUCO"}, "geometry": {"type": "Polygon", "coordinates": [[[-78.24136998699998, -7.88376997599994], [-78.30343998699993, -7.894209975999956], [-78.32759148699995, -7.933542725999928], [-78.40614773799996, -7.990096475999962], [-78.32819673699998, -8.055426100999966], [-78.28831411199997, -8.064107475999947], [-78.32439261199994, -8.15411522599993], [-78.30350636199995, -8.170247475999929], [-78.30069998699997, -8.236337725999931], [-78.37017973799993, -8.30748110099995], [-78.41251323799997, -8.304377725999927], [-78.42990998799996, -8.373759975999974], [-78.40723436299999, -8.412312475999954], [-78.37399973799995, -8.404102225999964], [-78.37479001499997, -8.459589995999977], [-78.34274486199996, -8.483675976999962], [-78.33269986199997, -8.46690935199996], [-78.26170561199996, -8.468839726999931], [-78.28088673699995, -8.510537101999944], [-78.26632311199995, -8.536899601999949], [-78.29008986199995, -8.548894476999976], [-78.23556998699996, -8.652919976999954], [-78.20050998699998, -8.622509976999936], [-78.19361998699998, -8.599679976999937], [-78.21688998699994, -8.557259976999944], [-78.15738998699999, -8.478849976999982], [-78.13749998699996, -8.368669975999978], [-78.10838998699995, -8.338109975999942], [-78.11942998699999, -8.313649975999965], [-78.03679998699994, -8.255949975999954], [-78.01862998699994, -8.224319975999947], [-77.93320998699994, -8.197009958999956], [-77.89694048699994, -8.063226225999927], [-77.71801486199996, -8.07336210099993], [-77.64761998699998, -8.05040760099996], [-77.64036673699997, -7.988692225999955], [-77.71278698699996, -7.957606225999939], [-77.75564998699997, -8.002609975999974], [-77.80356623699998, -8.007533100999979], [-77.83795461199998, -7.975243975999945], [-77.91999148699995, -8.000221350999936], [-77.96063998699998, -7.970639975999973], [-77.97188461199994, -8.012626225999952], [-77.98562923699996, -7.982319225999959], [-78.00710823699995, -7.981227600999944], [-78.03221273699995, -7.906963100999974], [-78.07145998699997, -7.943769975999942], [-78.13286436199996, -7.957348850999949], [-78.14721286199995, -7.9327128509999625], [-78.19116998699997, -7.93961997599996], [-78.21183998699996, -7.896849975999942], [-78.24136998699998, -7.88376997599994]]]}}, {"id": "122", "type": "Feature", "properties": {"idProv": "LA LIBERTAD - GRAN CHIMU", "nombdep": "LA LIBERTAD", "nombprov": "GRAN CHIMU"}, "geometry": {"type": "Polygon", "coordinates": [[[-78.78991411299995, -7.395154350999974], [-78.88464048799995, -7.480561100999978], [-78.85108798799996, -7.522117225999978], [-78.91277398799997, -7.551086600999952], [-78.94419223799997, -7.621043100999941], [-78.80724998799997, -7.573599975999969], [-78.79357823799995, -7.608169725999971], [-78.80269773799995, -7.638256475999981], [-78.71252948799997, -7.703548350999938], [-78.69740561299994, -7.760265100999959], [-78.66504148799999, -7.796993850999968], [-78.60097998799995, -7.736229975999947], [-78.59642998799995, -7.703469975999951], [-78.55148998799996, -7.72629997599995], [-78.53307998799994, -7.72059997599996], [-78.45527936299999, -7.657036225999946], [-78.48704998799997, -7.640029975999937], [-78.48969998799998, -7.633889975999978], [-78.44795536299995, -7.622415100999945], [-78.44160773799996, -7.640606350999974], [-78.37606448799994, -7.639958975999946], [-78.37816598799998, -7.5940351009999745], [-78.35656561299999, -7.572940600999971], [-78.36082723799996, -7.52996135099994], [-78.34900198699995, -7.5112461009999265], [-78.32574998699994, -7.509904350999932], [-78.32778711199995, -7.4974687259999655], [-78.41562998799998, -7.485069975999977], [-78.49138998799998, -7.554869975999964], [-78.62456998799996, -7.548559975999979], [-78.65024236299996, -7.527798600999972], [-78.62779473799998, -7.452641850999953], [-78.66399373799999, -7.40362135099997], [-78.73371998799996, -7.420679975999974], [-78.76011998799999, -7.40197997599995], [-78.78128748799998, -7.42366872599996], [-78.78991411299995, -7.395154350999974]]]}}, {"id": "123", "type": "Feature", "properties": {"idProv": "LA LIBERTAD - VIRU", "nombdep": "LA LIBERTAD", "nombprov": "VIRU"}, "geometry": {"type": "Polygon", "coordinates": [[[-78.63660248799994, -8.153960600999937], [-78.66918798799998, -8.14073560099996], [-78.77233998799994, -8.176412850999952], [-78.78158061299996, -8.209552350999957], [-78.84159848799999, -8.191459100999964], [-78.83746636299998, -8.229314475999956], [-78.80301523799994, -8.250821850999955], [-78.81675811299993, -8.309992725999962], [-78.88307998799996, -8.343949975999976], [-78.90052998799996, -8.371449975999951], [-78.90083986299999, -8.414230475999943], [-78.93552148799995, -8.429212850999932], [-78.76108598799993, -8.594847476999973], [-78.73735936299994, -8.711523351999972], [-78.76115823799995, -8.773956976999955], [-78.65445898799999, -8.910080101999938], [-78.64492386299997, -8.969228476999945], [-78.62972861299994, -8.97088985199997], [-78.58994361299995, -8.942622351999944], [-78.57648473799998, -8.88904660199995], [-78.58828111299994, -8.858677476999958], [-78.55160623799998, -8.77503760199994], [-78.43841436299994, -8.732746601999963], [-78.35480998699995, -8.673279976999936], [-78.23556998699996, -8.652919976999954], [-78.29008986199995, -8.548894476999976], [-78.26632311199995, -8.536899601999949], [-78.28088673699995, -8.510537101999944], [-78.26170561199996, -8.468839726999931], [-78.33269986199997, -8.46690935199996], [-78.34274486199996, -8.483675976999962], [-78.37479001499997, -8.459589995999977], [-78.37399973799995, -8.404102225999964], [-78.40723436299999, -8.412312475999954], [-78.42985448799999, -8.36023797599995], [-78.44249798799996, -8.38228322599997], [-78.47150198799994, -8.386970725999959], [-78.49510998799997, -8.37021997599993], [-78.48572336299998, -8.346486725999966], [-78.58795898799997, -8.307781225999975], [-78.56588836299994, -8.250081975999933], [-78.59559573799999, -8.236411225999973], [-78.60697036299996, -8.19539122599997], [-78.65246661299994, -8.18465597599993], [-78.63660248799994, -8.153960600999937]]]}}, {"id": "124", "type": "Feature", "properties": {"idProv": "LAMBAYEQUE - CHICLAYO", "nombdep": "LAMBAYEQUE", "nombprov": "CHICLAYO"}, "geometry": {"type": "Polygon", "coordinates": [[[-79.42441986299997, -6.489448974999959], [-79.43888673899994, -6.481998224999927], [-79.49187223899997, -6.520996724999975], [-79.56158211399998, -6.503859599999942], [-79.62424061399997, -6.513258099999973], [-79.64121436399995, -6.530938599999956], [-79.64226361399994, -6.571064349999972], [-79.58977073899996, -6.632027474999973], [-79.62521836399998, -6.652290599999958], [-79.62490198899997, -6.701959349999981], [-79.65780061399994, -6.69605547499998], [-79.66366973899994, -6.715132224999934], [-79.69954948899993, -6.678245224999955], [-79.72965998899997, -6.6892899749999515], [-79.78142998899995, -6.679589974999942], [-79.83074998899997, -6.7232799749999685], [-79.89378511399997, -6.729126974999929], [-79.94239648899998, -6.8204999749999615], [-79.93184573899998, -6.873306474999936], [-79.68619536399996, -7.120455099999958], [-79.69062111399995, -7.177126974999965], [-79.50801636399996, -6.97043597499993], [-79.46878748899996, -6.966504849999978], [-79.45500536399999, -6.9463135999999395], [-79.40076173799997, -6.956927724999957], [-79.32090723799996, -7.025193974999979], [-79.29665223799998, -7.000738224999964], [-79.31100886299998, -6.901341724999952], [-79.26274036299998, -6.859156224999936], [-79.22479361299997, -6.85837609999993], [-79.20708998799995, -6.821439974999976], [-79.12088386299996, -6.777674599999955], [-79.14272661299998, -6.699895349999963], [-79.18842998799994, -6.716539974999932], [-79.22906036299997, -6.671405974999971], [-79.29558998799996, -6.6761362249999365], [-79.30402336299994, -6.651605349999954], [-79.36249636299993, -6.634765224999967], [-79.33573611299994, -6.602429474999951], [-79.36065998799995, -6.568839974999946], [-79.36961336299998, -6.520802849999939], [-79.41935998799994, -6.536599974999945], [-79.42441986299997, -6.489448974999959]]]}}, {"id": "125", "type": "Feature", "properties": {"idProv": "LAMBAYEQUE - FERREÑAFE", "nombdep": "LAMBAYEQUE", "nombprov": "FERREÑAFE"}, "geometry": {"type": "Polygon", "coordinates": [[[-79.35161411299998, -5.9787314739999715], [-79.39591786299997, -5.977193098999976], [-79.42059048799996, -6.011235598999974], [-79.40308373799996, -6.034022473999926], [-79.40677486299995, -6.083918848999929], [-79.43154223899995, -6.140437348999967], [-79.40184548799994, -6.173506348999979], [-79.43620523899995, -6.211898473999952], [-79.43700586399996, -6.240007848999937], [-79.47186536399994, -6.268715973999974], [-79.47787223899996, -6.32124672499998], [-79.54279123899994, -6.355433599999969], [-79.52833998899996, -6.3998099749999255], [-79.61169998899999, -6.424249974999952], [-79.65190998899999, -6.4553999749999775], [-79.80314998899996, -6.434829974999957], [-79.80552398899994, -6.464039724999964], [-79.78666004699994, -6.475570007999977], [-79.82418998899999, -6.497149974999957], [-79.81412111399999, -6.524357474999931], [-79.85104998899999, -6.643389974999934], [-79.83517286399996, -6.661568099999954], [-79.73092998899995, -6.6892899749999515], [-79.69954948899993, -6.678245224999955], [-79.66366973899994, -6.715132224999934], [-79.65780061399994, -6.69605547499998], [-79.62490198899997, -6.701959349999981], [-79.62521836399998, -6.652290599999958], [-79.61046911399995, -6.655309599999953], [-79.58980011399996, -6.631200474999957], [-79.64147536399997, -6.572899224999958], [-79.64121436399995, -6.530938599999956], [-79.58189036399995, -6.50419409999995], [-79.52434061399998, -6.5201410999999325], [-79.46698961399994, -6.509367349999934], [-79.42269548799999, -6.467488849999938], [-79.45857086399997, -6.372099099999957], [-79.42265773799994, -6.310430099999962], [-79.35277298799997, -6.3039817249999714], [-79.32903486299995, -6.266270223999925], [-79.30048748799999, -6.267469723999966], [-79.27904836299996, -6.229257723999979], [-79.24910286299996, -6.224439348999965], [-79.27338361299996, -6.147727723999935], [-79.23509336299998, -6.093722723999974], [-79.18191673799998, -6.089338723999958], [-79.18893561299996, -6.058923973999981], [-79.17622623799997, -6.037489598999969], [-79.20395998799995, -6.024059973999954], [-79.22493861299995, -6.054705848999959], [-79.24087423799995, -6.028633723999974], [-79.26601248799994, -6.025022723999939], [-79.26330073799994, -6.003262723999967], [-79.30040461299996, -5.98515434899997], [-79.32214111299999, -5.999126098999966], [-79.31911011299997, -6.042544223999926], [-79.35161411299998, -5.9787314739999715]]]}}, {"id": "126", "type": "Feature", "properties": {"idProv": "LAMBAYEQUE - LAMBAYEQUE", "nombdep": "LAMBAYEQUE", "nombprov": "LAMBAYEQUE"}, "geometry": {"type": "Polygon", "coordinates": [[[-79.85399611399998, -5.530744098999946], [-79.90154298899995, -5.481017598999927], [-79.94587298899995, -5.514996098999973], [-79.96052348899997, -5.581623098999955], [-80.00100386399998, -5.585341848999974], [-80.05283694599996, -5.563572662999945], [-80.06995892099997, -5.646170672999972], [-80.06106673899995, -5.684399608999968], [-80.09517055199996, -5.702607987999954], [-80.10293466299998, -5.761498075999953], [-80.09236893999997, -5.7950912649999395], [-80.05599998899999, -5.816351598999972], [-80.12010161399996, -5.872218723999936], [-80.12384761399994, -5.891310598999951], [-80.19617773899995, -5.8920878489999495], [-80.33471286399998, -5.95390434899997], [-80.62713286499996, -6.372080099999948], [-80.17732036399997, -6.606037224999966], [-79.99537498899997, -6.739548849999949], [-79.94239648899998, -6.8204999749999615], [-79.89378511399997, -6.729126974999929], [-79.83074998899997, -6.7232799749999685], [-79.78142998899995, -6.679589974999942], [-79.85104998899999, -6.643389974999934], [-79.81412111399999, -6.524357474999931], [-79.82418998899999, -6.497149974999957], [-79.78666004699994, -6.475570007999977], [-79.80552398899994, -6.464039724999964], [-79.80314998899996, -6.434829974999957], [-79.65190998899999, -6.4553999749999775], [-79.59969998899999, -6.41886997499995], [-79.53198998899995, -6.402449974999968], [-79.54279123899994, -6.355433599999969], [-79.47787223899996, -6.32124672499998], [-79.47186536399994, -6.268715973999974], [-79.43700586399996, -6.240007848999937], [-79.43620523899995, -6.211898473999952], [-79.40184548799994, -6.173506348999979], [-79.43154223899995, -6.140437348999967], [-79.40677486299995, -6.083918848999929], [-79.41860936299997, -5.97009959899998], [-79.49849998899998, -5.915140598999926], [-79.60131998899999, -5.939539973999956], [-79.63740998899993, -5.859419973999934], [-79.62258398899996, -5.797572223999964], [-79.68270998899999, -5.846449973999938], [-79.73687698899994, -5.838197223999941], [-79.73931636399999, -5.799587848999977], [-79.71693748899997, -5.740005848999942], [-79.76641636399995, -5.7082524739999485], [-79.74535548899996, -5.675847598999951], [-79.78693361399996, -5.646587848999957], [-79.81862498899994, -5.664884723999933], [-79.83345898899995, -5.645220723999955], [-79.86441986399996, -5.563419973999942], [-79.85399611399998, -5.530744098999946]]]}}, {"id": "127", "type": "Feature", "properties": {"idProv": "LIMA - LIMA", "nombdep": "LIMA", "nombprov": "LIMA"}, "geometry": {"type": "MultiPolygon", "coordinates": [[[[-77.06516666399995, -11.575122912999973], [-77.10739307199998, -11.626841873999979], [-77.13470482599996, -11.626640906999967], [-77.12206854699997, -11.657363853999982], [-77.15216441399997, -11.67063453399993], [-77.15453205099999, -11.70170014599995], [-77.18211247099998, -11.685908555999958], [-77.19591161899996, -11.69793918299996], [-77.16924249999994, -11.745078428999932], [-77.17799214899998, -11.775037600999951], [-77.19826740199994, -11.768205104999936], [-77.17797661099996, -11.80211522999997], [-77.18817986099998, -11.828353479999976], [-77.12684431999998, -11.818483510999954], [-77.09455808999996, -11.874944156999959], [-77.09524411099994, -11.94965912999993], [-77.12858008199998, -11.93831836299995], [-77.10970976199997, -11.976155881999944], [-77.11804651999995, -11.994862422999972], [-77.08930654299996, -12.011723149999966], [-77.09629531799999, -12.033643508999944], [-77.07773083199999, -12.048886202999938], [-77.11149184799996, -12.079513758999951], [-77.02986472099997, -12.135220448999974], [-77.03788298599994, -12.205593854999961], [-76.85529098599994, -12.300185604999967], [-76.77740757599997, -12.393483034999974], [-76.77539061099998, -12.439271479999945], [-76.80548668099993, -12.495639442999959], [-76.78416423599998, -12.519931604999954], [-76.79080048599997, -12.503120104999937], [-76.75191554899999, -12.463402085999974], [-76.75548361099999, -12.398213354999939], [-76.67647886099996, -12.377640354999926], [-76.67398998599998, -12.319519979999939], [-76.62096198599994, -12.238168229999928], [-76.68791998599994, -12.151829979999945], [-76.67929986099995, -12.130974229999936], [-76.71659811099994, -12.100075354999944], [-76.67339461099994, -12.072826229999976], [-76.72233873599998, -11.99959397999993], [-76.66140873599994, -11.979060854999943], [-76.64696086099997, -11.952875604999974], [-76.72667998599997, -11.874539979999952], [-76.82930998599994, -11.944989979999946], [-76.85031998599999, -11.93515997999998], [-76.91952673599997, -11.95907872999993], [-76.93137311099997, -11.94217397999995], [-76.89492923599994, -11.865749229999949], [-76.93676736099997, -11.869179479999957], [-76.93564311099993, -11.833684479999931], [-76.90382223599994, -11.823724604999938], [-76.90576361099994, -11.795364229999961], [-76.85123773599997, -11.798149729999977], [-76.80486761099996, -11.755873854999948], [-76.90267601499994, -11.728776920999962], [-76.93328825999998, -11.756386662999944], [-76.96069406599997, -11.734139811999967], [-76.99678208199998, -11.752357807999942], [-77.03245311099994, -11.74079297999998], [-77.04433461699995, -11.714706121999939], [-77.02440934999998, -11.691741037999975], [-77.03518947699996, -11.651822186999937], [-77.00476011899997, -11.614269539999952], [-77.06516666399995, -11.575122912999973]]], [[[-76.79723731999997, -12.47705958399996], [-76.79756347799997, -12.476967489999936], [-76.79759131199995, -12.477166719999957], [-76.79723731999997, -12.47705958399996]]], [[[-76.79733948199998, -12.476030546999937], [-76.80284344099994, -12.475591059999942], [-76.79993053099997, -12.479288507999968], [-76.79733948199998, -12.476030546999937]]], [[[-76.78143936099997, -12.40924810499996], [-76.78144723599996, -12.408966852999981], [-76.78182223599998, -12.409193354999957], [-76.78143936099997, -12.40924810499996]]]]}}, {"id": "128", "type": "Feature", "properties": {"idProv": "LIMA - BARRANCA", "nombdep": "LIMA", "nombprov": "BARRANCA"}, "geometry": {"type": "Polygon", "coordinates": [[[-77.69239061199994, -10.320902477999937], [-77.75635548699995, -10.328123102999939], [-77.74987161199994, -10.406796102999976], [-77.79880473699995, -10.477021477999926], [-77.77066986199998, -10.515671852999958], [-77.77137648699994, -10.571614602999944], [-77.79968336199994, -10.585323227999936], [-77.83968843599996, -10.567918823999946], [-77.88627736199999, -10.612548853999954], [-77.76242186199994, -10.762816353999938], [-77.74403511199995, -10.794537103999971], [-77.75082611199997, -10.818806603999974], [-77.70595698699998, -10.853580103999946], [-77.70151561199998, -10.886117353999964], [-77.59590573699995, -10.860057603999962], [-77.54866798699999, -10.890478478999967], [-77.52571098699997, -10.931980478999947], [-77.44429298699998, -10.916097603999958], [-77.46222073699994, -10.87006635399996], [-77.45815423699997, -10.809955103999926], [-77.43877661199997, -10.802981728999953], [-77.42504098699999, -10.76782622899998], [-77.38674223699996, -10.752742228999978], [-77.36550211399998, -10.714407427999959], [-77.38565755699994, -10.707792954999945], [-77.41542998699998, -10.72997997899995], [-77.43613923699996, -10.72364010399997], [-77.49147548699995, -10.746037978999937], [-77.52394711199997, -10.734982103999926], [-77.59225492799999, -10.785450874999981], [-77.56314383099993, -10.70942811499998], [-77.59058111399997, -10.645564024999942], [-77.57425136199998, -10.588413352999964], [-77.60494036199998, -10.590129352999952], [-77.61950846299999, -10.614245597999968], [-77.64533670899993, -10.58285621899995], [-77.60132286399994, -10.509303710999973], [-77.62474190299997, -10.502034567999942], [-77.65139073699999, -10.530133477999925], [-77.69400061199997, -10.539501727999948], [-77.71008343599993, -10.56017040599994], [-77.72755691699996, -10.552705247999938], [-77.73421546299994, -10.568065821999937], [-77.74669361799994, -10.55311314599993], [-77.73794236199996, -10.520786477999934], [-77.71059423699995, -10.503848602999938], [-77.68673611199995, -10.43402072799995], [-77.62323123699997, -10.405462977999946], [-77.59806973699995, -10.365228852999962], [-77.63062873699994, -10.322069602999932], [-77.65125361199995, -10.344611227999962], [-77.69239061199994, -10.320902477999937]]]}}, {"id": "129", "type": "Feature", "properties": {"idProv": "LIMA - CAJATAMBO", "nombdep": "LIMA", "nombprov": "CAJATAMBO"}, "geometry": {"type": "Polygon", "coordinates": [[[-76.90482598599993, -10.277259727999933], [-76.93600923599996, -10.278506102999927], [-76.96545148599995, -10.305378602999951], [-77.00549586099999, -10.28327947799994], [-77.02471148599994, -10.327526602999967], [-77.07161148599994, -10.33810385299995], [-77.11213398599995, -10.404844602999958], [-77.17462473599994, -10.464601602999949], [-77.16730998599996, -10.508139977999974], [-77.19111998599999, -10.55226997799997], [-77.29165998699995, -10.556309977999945], [-77.34416211199994, -10.609783228999959], [-77.30017636199995, -10.659746853999934], [-77.24681836099995, -10.683337853999944], [-77.19722998599997, -10.686829853999939], [-77.12596486099994, -10.646953103999977], [-77.05789636099996, -10.691871478999929], [-77.02584823599994, -10.678360728999962], [-77.01096648599997, -10.695993103999967], [-76.99345361099995, -10.68075947899996], [-76.94988836099998, -10.697998978999976], [-76.87844136099994, -10.655570353999963], [-76.85948236099995, -10.597214978999943], [-76.85720423599997, -10.493358727999976], [-76.84063936099994, -10.473581852999928], [-76.82276448599998, -10.48313785299996], [-76.82903448599995, -10.43005747799998], [-76.79989648599997, -10.419126977999952], [-76.80567573599996, -10.392298852999943], [-76.83167186099996, -10.393074227999932], [-76.84049798599995, -10.363331977999962], [-76.86585161099998, -10.374843727999973], [-76.87466986099997, -10.320861352999941], [-76.90482598599993, -10.277259727999933]]]}}, {"id": "130", "type": "Feature", "properties": {"idProv": "LIMA - CANTA", "nombdep": "LIMA", "nombprov": "CANTA"}, "geometry": {"type": "Polygon", "coordinates": [[[-76.42978186099998, -11.346280603999958], [-76.59702186099997, -11.325074103999953], [-76.60481786099996, -11.34900760399995], [-76.66795311099997, -11.346013728999935], [-76.66740923599997, -11.389292478999948], [-76.69457061099996, -11.42932710399998], [-76.77157823599998, -11.420320603999926], [-76.85610998599998, -11.467819978999955], [-76.89371998599995, -11.461499974999981], [-76.89225361099994, -11.492188603999978], [-76.86089111099994, -11.513762228999951], [-76.87471073599994, -11.537799228999972], [-76.89604623599996, -11.535132228999942], [-76.92378923599995, -11.558649853999952], [-76.93757411099995, -11.550233353999943], [-76.95305623599995, -11.584141478999982], [-77.00223861099994, -11.600143103999926], [-77.03518947699996, -11.651822186999937], [-77.02440934999998, -11.691741037999975], [-77.04433461699995, -11.714706121999939], [-77.03245311099994, -11.74079297999998], [-76.99678208199998, -11.752357807999942], [-76.96069406599997, -11.734139811999967], [-76.93328825999998, -11.756386662999944], [-76.90267601499994, -11.728776920999962], [-76.80356211099996, -11.755662229999928], [-76.75201611099999, -11.730612479999934], [-76.73893836099995, -11.697257604999947], [-76.57367048599997, -11.631624353999939], [-76.53643573599999, -11.561138103999951], [-76.54460023599995, -11.519131353999967], [-76.49721586099997, -11.459312353999962], [-76.45485736099994, -11.462658228999942], [-76.40058498599996, -11.507174353999972], [-76.37683911099998, -11.501488603999974], [-76.37740823599995, -11.444220728999937], [-76.39434061099996, -11.445007478999969], [-76.41164848599993, -11.41588472899997], [-76.40177148599997, -11.401261228999942], [-76.42978186099998, -11.346280603999958]]]}}, {"id": "131", "type": "Feature", "properties": {"idProv": "LIMA - CAÑETE", "nombdep": "LIMA", "nombprov": "CAÑETE"}, "geometry": {"type": "Polygon", "coordinates": [[[-76.55171061099998, -12.280244979999964], [-76.58947561099995, -12.299728854999955], [-76.60871098599995, -12.370066354999949], [-76.66442698599997, -12.357658854999954], [-76.68341148599995, -12.382109729999968], [-76.75548361099999, -12.398213354999939], [-76.75191554899999, -12.463402085999974], [-76.79094136099997, -12.506248479999954], [-76.73415036099993, -12.548441354999966], [-76.67243361099997, -12.627775354999926], [-76.65638086099995, -12.699078104999955], [-76.63009761099994, -12.721035104999942], [-76.63785736099999, -12.745160105999958], [-76.51947848599997, -12.850451230999965], [-76.50578711099996, -12.925814480999975], [-76.51646286099998, -12.95540235599998], [-76.48289448599996, -13.015929730999972], [-76.49039071799996, -13.030223712999941], [-76.24279886099998, -13.323099605999971], [-76.20287998499998, -13.30167998099995], [-76.15525260999993, -13.192200855999943], [-75.96861385999995, -13.040836355999943], [-75.95743098499997, -12.969891355999948], [-75.97266798499999, -12.923998105999942], [-76.00389848499998, -12.922412105999967], [-75.99298848499996, -12.896045105999974], [-76.00846235999995, -12.852989855999965], [-76.00203998499995, -12.840109980999955], [-75.95940998499998, -12.848969980999982], [-75.94253373499998, -12.802141605999964], [-75.98392835999994, -12.782298855999954], [-75.99904935999996, -12.756546730999958], [-76.02162885999996, -12.789354480999975], [-76.07694373499999, -12.786423605999971], [-76.09865010999994, -12.801607480999962], [-76.13953010999995, -12.791573605999929], [-76.15388123499997, -12.837842730999967], [-76.17726948499995, -12.854369105999979], [-76.19936610999997, -12.81345498099995], [-76.24129298599996, -12.790843730999939], [-76.24722536099995, -12.755522605999943], [-76.28250536099995, -12.752486230999978], [-76.29602448599996, -12.733785979999936], [-76.28812886099996, -12.654456979999964], [-76.27041061099999, -12.644821729999933], [-76.25216911099994, -12.590471729999933], [-76.28799598599994, -12.58709497999996], [-76.32321873599994, -12.52829547999994], [-76.36748561099995, -12.532598854999947], [-76.34012336099994, -12.49451010499996], [-76.33156648599999, -12.442367229999945], [-76.31354686099996, -12.430623104999938], [-76.34539586099999, -12.388004104999936], [-76.34599773599996, -12.337726479999958], [-76.38786523599998, -12.317976604999956], [-76.45276561099996, -12.404263729999968], [-76.48328136099997, -12.409801229999971], [-76.52692748599998, -12.365816729999949], [-76.55171061099998, -12.280244979999964]]]}}, {"id": "132", "type": "Feature", "properties": {"idProv": "LIMA - HUARAL", "nombdep": "LIMA", "nombprov": "HUARAL"}, "geometry": {"type": "Polygon", "coordinates": [[[-76.56668536099994, -11.016163853999956], [-76.73451948599995, -11.065451228999962], [-76.74155561099997, -11.037358228999949], [-76.76559798599999, -11.035123228999964], [-76.82575723599996, -11.103684353999938], [-76.94267998599997, -11.078249978999963], [-77.01985998599997, -11.13527997899996], [-77.04640998599996, -11.138369978999947], [-77.05204073599998, -11.095760978999976], [-77.07637586099997, -11.091568478999932], [-77.08581123599998, -11.180580603999942], [-77.06002736099998, -11.195097603999955], [-77.05774223599997, -11.233183728999961], [-77.07815861099994, -11.277092103999962], [-77.13127148599995, -11.298210978999975], [-77.16449948599995, -11.366226103999963], [-77.22477148599995, -11.342040978999933], [-77.24377386099997, -11.30259110399993], [-77.30349223699994, -11.274101603999952], [-77.33284298699994, -11.343132103999949], [-77.32397998699997, -11.385479978999967], [-77.37004998699996, -11.414669978999939], [-77.38269336199994, -11.44717972899997], [-77.30475198699997, -11.51223435399993], [-77.27139843999998, -11.572011725999971], [-77.28279322499998, -11.586818307999977], [-77.20784173599998, -11.648087853999925], [-77.19739939899995, -11.69663277199993], [-77.18211247099998, -11.685908555999958], [-77.15453205099999, -11.70170014599995], [-77.15216441399997, -11.67063453399993], [-77.12206854699997, -11.657363853999982], [-77.13470482599996, -11.626640906999967], [-77.10739307199998, -11.626841873999979], [-77.07725697999996, -11.576782090999927], [-77.04581442999995, -11.57872784899996], [-77.00498276699994, -11.613408601999936], [-76.99981411099998, -11.59809960399997], [-76.94619848599996, -11.57856510399995], [-76.93757411099995, -11.550233353999943], [-76.92378923599995, -11.558649853999952], [-76.89604623599996, -11.535132228999942], [-76.87471073599994, -11.537799228999972], [-76.85952311099999, -11.50405122899997], [-76.89225361099994, -11.492188603999978], [-76.89348998599996, -11.461339978999945], [-76.85610998599998, -11.467819978999955], [-76.77157823599998, -11.420320603999926], [-76.69457061099996, -11.42932710399998], [-76.66740923599997, -11.389292478999948], [-76.66795311099997, -11.346013728999935], [-76.60298911099994, -11.348494228999925], [-76.57982561099999, -11.312529853999933], [-76.48348211099994, -11.34441972899998], [-76.45702348599997, -11.33442772899997], [-76.47859498599996, -11.291275978999977], [-76.45693248599997, -11.272520603999965], [-76.49071486099996, -11.246595728999978], [-76.49207723599994, -11.189313978999962], [-76.51922661099997, -11.118089853999948], [-76.49565911099995, -11.109552978999943], [-76.49121286099995, -11.089441353999973], [-76.53299023599999, -11.03412697899995], [-76.56668536099994, -11.016163853999956]]]}}, {"id": "133", "type": "Feature", "properties": {"idProv": "LIMA - HUAROCHIRI", "nombdep": "LIMA", "nombprov": "HUAROCHIRI"}, "geometry": {"type": "Polygon", "coordinates": [[[-76.45485736099994, -11.462658228999942], [-76.49721586099997, -11.459312353999962], [-76.54460023599995, -11.519131353999967], [-76.53643573599999, -11.561138103999951], [-76.57453911099998, -11.63244135399998], [-76.73893836099995, -11.697257604999947], [-76.75201611099999, -11.730612479999934], [-76.85123773599997, -11.798149729999977], [-76.90576361099994, -11.795364229999961], [-76.90382223599994, -11.823724604999938], [-76.93564311099993, -11.833684479999931], [-76.94227536099999, -11.86086722999994], [-76.89492923599994, -11.865749229999949], [-76.93137311099997, -11.94217397999995], [-76.91828323599998, -11.960040979999974], [-76.85031998599999, -11.93515997999998], [-76.82930998599994, -11.944989979999946], [-76.72667998599997, -11.874539979999952], [-76.66943886099995, -11.921194104999927], [-76.64833411099994, -11.967373104999979], [-76.72233873599998, -11.99959397999993], [-76.67350686099996, -12.073507604999975], [-76.71659811099994, -12.100075354999944], [-76.67929986099995, -12.130974229999936], [-76.68791998599994, -12.151829979999945], [-76.62082436099996, -12.23587447999995], [-76.68169823599999, -12.354306854999948], [-76.60707423599996, -12.36908397999997], [-76.58947561099995, -12.299728854999955], [-76.55565623599995, -12.275937479999982], [-76.51610498599996, -12.385952979999956], [-76.48133673599995, -12.410324729999957], [-76.43487623599998, -12.386840479999933], [-76.38786523599998, -12.317976604999956], [-76.34599773599996, -12.337726479999958], [-76.30046461099994, -12.257350979999956], [-76.27244536099994, -12.302072229999965], [-76.25030161099994, -12.299730354999951], [-76.21547661099999, -12.262784979999935], [-76.17123235999998, -12.259267604999934], [-76.09927560999995, -12.207410979999963], [-76.06946923499999, -12.207410979999963], [-76.08622323499998, -12.160400979999963], [-76.05679298499996, -12.132732479999959], [-76.07254635999993, -12.108940729999972], [-76.02034285999997, -12.063964604999967], [-75.99317973499996, -11.994679729999973], [-76.05258535999997, -11.948236229999964], [-76.05174723499994, -11.89086022999993], [-76.11813985999999, -11.804038104999961], [-76.19871448499998, -11.736986229999957], [-76.20750285999998, -11.69978610499993], [-76.19329748499996, -11.67348697999995], [-76.20488273499996, -11.659531103999939], [-76.18837423499997, -11.643062228999952], [-76.19726410999994, -11.622312853999972], [-76.17955073499996, -11.61287310399996], [-76.19070960999994, -11.588883478999946], [-76.22874386099994, -11.553810603999978], [-76.29765036099997, -11.596173853999971], [-76.30436961099997, -11.567527978999976], [-76.35000248599994, -11.542297978999954], [-76.35064586099998, -11.520413603999941], [-76.37335886099999, -11.502285728999937], [-76.40058498599996, -11.507174353999972], [-76.45485736099994, -11.462658228999942]]]}}, {"id": "134", "type": "Feature", "properties": {"idProv": "LIMA - HUAURA", "nombdep": "LIMA", "nombprov": "HUAURA"}, "geometry": {"type": "Polygon", "coordinates": [[[-77.34617998699997, -10.607629978999967], [-77.40423036199996, -10.686773728999981], [-77.36647073699999, -10.720753853999952], [-77.45815423699997, -10.809955103999926], [-77.46222073699994, -10.87006635399996], [-77.44429298699998, -10.916097603999958], [-77.52571098699997, -10.931980478999947], [-77.54866798699999, -10.890478478999967], [-77.59590573699995, -10.860057603999962], [-77.70151561199998, -10.886117353999964], [-77.65782811199995, -10.946505853999952], [-77.64682423699998, -10.998193353999966], [-77.66187498699998, -11.013476603999948], [-77.63341598699998, -11.05450785399995], [-77.63385761199999, -11.093609353999966], [-77.61310161199998, -11.11216410399993], [-77.62012886199994, -11.126904353999976], [-77.59276948699994, -11.177822228999958], [-77.60171286199994, -11.214019478999944], [-77.64714848699998, -11.221734353999977], [-77.64834573699994, -11.302738228999942], [-77.38409961199994, -11.44660547899997], [-77.37004998699996, -11.414669978999939], [-77.32478998699997, -11.387219978999951], [-77.33119323699998, -11.334289978999948], [-77.30349223699994, -11.274101603999952], [-77.24377386099997, -11.30259110399993], [-77.22477148599995, -11.342040978999933], [-77.16449948599995, -11.366226103999963], [-77.13127148599995, -11.298210978999975], [-77.07604811099998, -11.274888228999941], [-77.05696811099995, -11.230514353999979], [-77.06002736099998, -11.195097603999955], [-77.08581123599998, -11.180580603999942], [-77.07637586099997, -11.091568478999932], [-77.05204073599998, -11.095760978999976], [-77.04640998599996, -11.138369978999947], [-77.01985998599997, -11.13527997899996], [-76.94267998599997, -11.078249978999963], [-76.82575723599996, -11.103684353999938], [-76.76559798599999, -11.035123228999964], [-76.74155561099997, -11.037358228999949], [-76.73451948599995, -11.065451228999962], [-76.57694923599996, -11.016527353999948], [-76.58160348599995, -10.984984353999948], [-76.56502123599995, -10.963932228999965], [-76.58821161099996, -10.84505072899998], [-76.65420998599996, -10.881979978999937], [-76.69760998599997, -10.880429978999928], [-76.74390998599995, -10.935259978999966], [-76.79090998599997, -10.924589978999961], [-76.88975998599994, -10.843809978999957], [-76.96240998599995, -10.861629978999929], [-77.07940998599997, -11.014399978999961], [-77.11841836099995, -10.997974228999965], [-77.13883998599994, -11.01122997899995], [-77.19566148599995, -10.954943853999964], [-77.19420998599998, -10.930019978999951], [-77.16803998599994, -10.918539978999945], [-77.15596748599995, -10.855024103999938], [-77.18802748599995, -10.802916353999933], [-77.16022461099999, -10.765029478999963], [-77.04195311099994, -10.737531353999941], [-77.00799911099995, -10.699910603999967], [-77.02510186099994, -10.678421728999979], [-77.05635786099998, -10.692069603999926], [-77.08436948599996, -10.666753978999964], [-77.10506986099995, -10.672389728999974], [-77.12596486099994, -10.646953103999977], [-77.19722998599997, -10.686829853999939], [-77.24871873599994, -10.68299997899993], [-77.30017636199995, -10.659746853999934], [-77.34617998699997, -10.607629978999967]]]}}, {"id": "135", "type": "Feature", "properties": {"idProv": "LIMA - OYON", "nombdep": "LIMA", "nombprov": "OYON"}, "geometry": {"type": "Polygon", "coordinates": [[[-76.79989648599997, -10.419126977999952], [-76.82903448599995, -10.43005747799998], [-76.82276448599998, -10.48313785299996], [-76.84063936099994, -10.473581852999928], [-76.85720423599997, -10.493358727999976], [-76.85948236099995, -10.597214978999943], [-76.87844136099994, -10.655570353999963], [-76.94988836099998, -10.697998978999976], [-76.99468161099998, -10.681191353999964], [-77.04195311099994, -10.737531353999941], [-77.14028911099996, -10.756103478999933], [-77.17758786099995, -10.779062478999947], [-77.18808448599998, -10.804795603999935], [-77.17351123599997, -10.80862510399993], [-77.15596748599995, -10.855024103999938], [-77.16803998599994, -10.918539978999945], [-77.19420998599998, -10.930019978999951], [-77.19566148599995, -10.954943853999964], [-77.13945998599996, -11.01087997899998], [-77.11841836099995, -10.997974228999965], [-77.07940998599997, -11.014399978999961], [-76.96240998599995, -10.861629978999929], [-76.88975998599994, -10.843809978999957], [-76.79090998599997, -10.924589978999961], [-76.74390998599995, -10.935259978999966], [-76.69760998599997, -10.880429978999928], [-76.65420998599996, -10.881979978999937], [-76.58821161099996, -10.84505072899998], [-76.63348648599998, -10.78452847899996], [-76.62784886099996, -10.765960478999943], [-76.67095386099999, -10.67781397899995], [-76.65565536099996, -10.646781853999926], [-76.68586230799997, -10.581457149999949], [-76.70371970099995, -10.588593548999938], [-76.72878323599997, -10.47646285299993], [-76.77234961099998, -10.464152352999974], [-76.79985336099998, -10.43955847799998], [-76.79989648599997, -10.419126977999952]]]}}, {"id": "136", "type": "Feature", "properties": {"idProv": "LIMA - YAUYOS", "nombdep": "LIMA", "nombprov": "YAUYOS"}, "geometry": {"type": "Polygon", "coordinates": [[[-75.97323373499995, -11.98432235499996], [-75.99943585999995, -11.995499979999977], [-76.02034285999997, -12.063964604999967], [-76.07254635999993, -12.108940729999972], [-76.05679298499996, -12.132732479999959], [-76.08622323499998, -12.160400979999963], [-76.06946923499999, -12.207410979999963], [-76.09927560999995, -12.207410979999963], [-76.17123235999998, -12.259267604999934], [-76.21547661099999, -12.262784979999935], [-76.25030161099994, -12.299730354999951], [-76.27244536099994, -12.302072229999965], [-76.30103523599996, -12.257720104999976], [-76.34599773599996, -12.337726479999958], [-76.34539586099999, -12.388004104999936], [-76.31354686099996, -12.430623104999938], [-76.33156648599999, -12.442367229999945], [-76.34012336099994, -12.49451010499996], [-76.36748561099995, -12.532598854999947], [-76.32321873599994, -12.52829547999994], [-76.28799598599994, -12.58709497999996], [-76.25216911099994, -12.590471729999933], [-76.27041061099999, -12.644821729999933], [-76.28812886099996, -12.654456979999964], [-76.29602448599996, -12.733785979999936], [-76.28250536099995, -12.752486230999978], [-76.24722536099995, -12.755522605999943], [-76.24129298599996, -12.790843730999939], [-76.19936610999997, -12.81345498099995], [-76.17726948499995, -12.854369105999979], [-76.15388123499997, -12.837842730999967], [-76.13953010999995, -12.791573605999929], [-76.09865010999994, -12.801607480999962], [-76.07694373499999, -12.786423605999971], [-76.02162885999996, -12.789354480999975], [-75.99552973499993, -12.756865355999935], [-75.98392835999994, -12.782298855999954], [-75.94127360999994, -12.807239730999981], [-75.95940998499998, -12.848969980999982], [-76.00203998499995, -12.840109980999955], [-76.00846235999995, -12.852989855999965], [-75.99298848499996, -12.896045105999974], [-76.00389848499998, -12.922412105999967], [-75.97266798499999, -12.923998105999942], [-75.96140235999997, -13.001378855999974], [-75.93929748499994, -12.99098823099996], [-75.85221810999997, -13.03531198099995], [-75.82688860999997, -13.029410105999943], [-75.80084173499995, -13.060333980999928], [-75.76458773499996, -13.018236355999932], [-75.70985348499994, -13.040111355999954], [-75.67036123499997, -13.022611730999927], [-75.66704860999994, -12.996556230999943], [-75.61407535999996, -12.964552105999928], [-75.63633635999997, -12.915031480999971], [-75.61271435999998, -12.859151855999926], [-75.57041110999995, -12.842858855999964], [-75.56033210999993, -12.817399730999966], [-75.53022860999994, -12.821619230999943], [-75.50942898499994, -12.78316573099994], [-75.57711710999996, -12.71570122999998], [-75.55365398499998, -12.70424335499996], [-75.55145498499996, -12.683992604999958], [-75.57802673499998, -12.653549104999968], [-75.57937873499998, -12.595081229999948], [-75.53597398499994, -12.51854810499998], [-75.56694003999996, -12.412200018999954], [-75.54870110999997, -12.36424397999997], [-75.67126214699994, -12.192455465999956], [-75.62701498499996, -12.134827729999927], [-75.63456323499997, -12.11463910499998], [-75.68822185999994, -12.082133479999982], [-75.67388998499996, -12.057919979999951], [-75.74203948499996, -12.036547104999954], [-75.76566298499995, -12.059627354999975], [-75.81893685999995, -12.013737229999947], [-75.83236723499994, -12.02505272999997], [-75.84254935999996, -12.006452854999964], [-75.88502698499997, -11.993411229999936], [-75.97323373499995, -11.98432235499996]]]}}, {"id": "137", "type": "Feature", "properties": {"idProv": "LORETO - MAYNAS", "nombdep": "LORETO", "nombprov": "MAYNAS"}, "geometry": {"type": "Polygon", "coordinates": [[[-75.24085998499999, -0.6452799689999438], [-75.25674998499994, -0.6436499689999664], [-75.27229773499994, -0.6660683439999389], [-75.24833235999995, -0.6963373439999714], [-75.27337010999997, -0.7168645939999578], [-75.25093973499997, -0.7625220939999622], [-75.26497035999995, -0.7839384689999633], [-75.24182785999994, -0.798365968999974], [-75.24982010999997, -0.8347025939999639], [-75.22280835999999, -0.87089771899997], [-75.22891023499994, -0.9414933449999694], [-75.18833148499994, -0.97019959499994], [-75.27436710999996, -0.9695965949999277], [-75.30006060999995, -0.9871480949999523], [-75.38669973499998, -0.9297385939999572], [-75.55762523499999, -1.5595065949999594], [-75.58195835999999, -1.546718594999959], [-75.65509573499997, -1.635898094999959], [-75.77836485999995, -1.7939513449999254], [-75.78110073499994, -1.8360594699999524], [-75.74592385999995, -1.9309238449999384], [-75.65059573499997, -1.9458808449999765], [-75.61064448499997, -1.9693574699999772], [-75.57129523499998, -1.963769344999946], [-75.53628910999998, -1.99646096999993], [-75.46569923499999, -2.0068457209999337], [-75.43798048499997, -2.036591845999965], [-75.33755473499997, -2.003201219999937], [-75.28814923499993, -2.008710720999943], [-75.24325235999999, -2.100371720999931], [-75.24618660999994, -2.133828595999944], [-75.16892973499995, -2.1866874709999706], [-75.17220573499998, -2.2191569709999612], [-75.13642023499995, -2.285901595999974], [-75.11124123399998, -2.3018505959999516], [-75.08322848399996, -2.2934707209999488], [-75.01715035899997, -2.351790970999957], [-74.95892373399994, -2.369904970999926], [-74.95413273399998, -2.502289345999941], [-74.99311173399997, -2.5241945959999725], [-74.96201660899999, -2.570373095999969], [-74.95786260899996, -2.61474459599998], [-74.97374810899998, -2.660699220999959], [-75.00992660899993, -2.6846737209999674], [-75.01026948399993, -2.7663574709999352], [-75.05913473399994, -2.962136720999979], [-75.03639323399995, -2.9982264709999527], [-75.01376523399995, -3.0765485959999523], [-75.01677935899994, -3.1345097219999616], [-74.99161148399998, -3.190005471999939], [-74.89290048399994, -3.2098534719999634], [-74.87418910899999, -3.20077822199994], [-74.82047310899998, -3.2335072219999574], [-74.83290035899995, -3.2808222219999266], [-74.75394498399999, -3.3345332219999477], [-74.73175798399996, -3.368299846999946], [-74.71748573399998, -3.4588145969999573], [-74.69193648399994, -3.451029096999946], [-74.67923073399999, -3.5093687219999765], [-74.50401360899997, -3.696505846999969], [-74.47205985899996, -3.6843014719999587], [-74.45863973399997, -3.705488096999943], [-74.37069485899997, -3.715995846999931], [-74.27805285899996, -3.832958221999945], [-74.21190198399995, -3.859010471999966], [-74.13534573399994, -3.9996503469999425], [-74.13543748399997, -4.061880846999941], [-74.08560935899999, -4.2117245979999325], [-74.05870123299997, -4.2476132229999735], [-73.94525973299994, -4.32450197299994], [-73.93700198299996, -4.371898472999931], [-73.88351760799998, -4.388433597999949], [-73.83358148299999, -4.438622222999925], [-73.69192385799994, -4.439775347999955], [-73.54458985799994, -4.337902347999943], [-73.48344135799994, -4.321476597999947], [-73.46821285799996, -4.284902347999946], [-73.40029298299999, -4.238546847999942], [-73.37865323299997, -4.257186847999947], [-73.44992465299998, -4.31990785499994], [-73.42023310799993, -4.37987147299998], [-73.43450235799997, -4.447919472999956], [-73.26966010799998, -4.638835972999971], [-73.15560348299994, -4.709708972999977], [-73.06040235799998, -4.667361347999929], [-73.03524273299996, -4.632538722999925], [-73.02582948299994, -4.529581597999936], [-72.95598373199994, -4.4755193479999775], [-72.90572848199997, -4.468113222999932], [-72.88201748199998, -4.487002097999948], [-72.79577310699995, -4.496193097999935], [-72.76573635699998, -4.446085972999981], [-72.75656248199994, -4.382718722999925], [-72.63269723199994, -4.397788847999948], [-72.60293910699994, -4.355233222999971], [-72.62856060699994, -4.303654347999952], [-72.53978648199995, -4.293883472999937], [-72.49799210699996, -4.319388597999932], [-72.38775660699997, -4.208531347999951], [-72.43663198199994, -4.166772722999951], [-72.39559485699994, -4.057240346999947], [-72.34816410699995, -4.006003846999931], [-72.30601110699996, -3.9942615969999338], [-72.25380760699994, -3.9432749719999265], [-72.28288723199995, -3.83483859699993], [-72.27845460699996, -3.7415579719999528], [-72.30361935699995, -3.687380846999929], [-72.17427348199993, -3.6042812219999405], [-72.14802223199996, -3.528520346999926], [-72.11719298199995, -3.50056709699993], [-72.19175098199997, -3.450104721999935], [-72.19845123199997, -3.404255846999945], [-72.27396285699996, -3.3327832219999323], [-72.29343948199994, -3.292935596999939], [-72.33777435699994, -3.2824465969999324], [-72.36257760699993, -3.247912471999939], [-72.40656760699994, -3.2326283469999453], [-72.41786598199997, -3.1774789719999603], [-72.47461485699995, -3.1231045969999514], [-72.47905660699996, -3.098662096999931], [-72.55277010699996, -3.067543470999965], [-72.57077348199994, -2.8908984709999572], [-72.89123012099998, -2.916377910999927], [-73.06517896099996, -2.780937607999931], [-73.12682801399995, -2.7719536269999594], [-73.14479885199995, -2.7088997349999318], [-73.20880249799995, -2.6985323619999804], [-73.27585885199994, -2.6371683849999386], [-73.36023327599997, -2.6045885389999626], [-73.39591420199997, -2.5354142439999805], [-73.36955291599998, -2.4927761139999802], [-73.37318222899995, -2.4655994239999472], [-73.51667716999998, -2.378606151999975], [-73.56120998299997, -2.367668470999945], [-73.63374698299998, -2.299983845999975], [-73.71081127399998, -2.296781616999965], [-73.73151373299999, -2.2383847209999317], [-73.75564498499995, -2.218054188999929], [-73.73696502799999, -2.1569138499999667], [-73.78739742699997, -2.122356651999951], [-73.80743990699995, -2.0285279669999454], [-73.86422978599995, -2.019365688999926], [-73.92210471799996, -1.9855987149999805], [-73.88117735799995, -1.9355433449999282], [-73.87984606699996, -1.894558161999953], [-73.83716180599998, -1.8493878139999538], [-73.84244535799996, -1.8245367199999691], [-73.81899810799996, -1.7634179699999777], [-73.82449023299995, -1.6963515949999532], [-73.88747560799999, -1.682771344999935], [-73.94096392299997, -1.5877707939999368], [-73.97565234499996, -1.5832865479999327], [-74.00572781199998, -1.5243355989999259], [-74.08770320199994, -1.5206694779999452], [-74.19615235899994, -1.4479628449999495], [-74.22278510899997, -1.4555293449999454], [-74.40405582599993, -1.3944894369999474], [-74.44356448399998, -1.3979199699999754], [-74.54294072399995, -1.3450801459999298], [-74.54889749399996, -1.326995697999962], [-74.58862941399997, -1.3071466459999783], [-74.60289048399994, -1.2552559699999506], [-74.64121512299994, -1.2327278959999717], [-74.71059201099996, -1.1522468799999501], [-74.75951185499997, -1.0563105909999422], [-74.84860994899998, -1.0205100889999699], [-74.88268772599997, -0.9650886899999591], [-74.88734576599995, -0.9196297139999388], [-74.95408825199996, -0.8879813799999283], [-74.98702160899995, -0.8189804689999391], [-75.05840419899994, -0.7812336589999518], [-75.10395962699994, -0.7777443329999301], [-75.13115460899996, -0.7503290939999374], [-75.19279988699998, -0.7366339259999677], [-75.19930977199994, -0.7216191719999756], [-75.18157159399993, -0.7120260239999538], [-75.23079332099996, -0.6885475609999503], [-75.24085998499999, -0.6452799689999438]]]}}, {"id": "138", "type": "Feature", "properties": {"idProv": "LORETO - ALTO AMAZONAS", "nombdep": "LORETO", "nombprov": "ALTO AMAZONAS"}, "geometry": {"type": "Polygon", "coordinates": [[[-76.28293541299996, -3.707821987999978], [-76.32663289599998, -3.6831782709999743], [-76.33614133499998, -3.768970243999945], [-76.38676994099995, -3.786520399999972], [-76.38144114999994, -3.8206326599999443], [-76.39335139599996, -3.852844293999965], [-76.41691502499998, -3.867205055999932], [-76.42262588799997, -3.9237601989999575], [-76.39204741499998, -4.001038807999976], [-76.34997366699997, -4.04388972199996], [-76.33215530599995, -4.112897686999929], [-76.29342084899997, -4.134507940999981], [-76.31090667099994, -4.156769833999931], [-76.23726684699994, -4.186180688999968], [-76.24453760699998, -4.219299343999978], [-76.23056936599994, -4.264947524999968], [-76.29845789999996, -4.320733601999962], [-76.29698555199997, -4.341274771999963], [-76.32097717299996, -4.35986823099995], [-76.30792066099997, -4.390169282999977], [-76.33479436299996, -4.411679331999949], [-76.33817059299997, -4.436121665999963], [-76.29730837199997, -4.517449011999929], [-76.22880974899994, -4.55555652399994], [-76.24691386599994, -4.56133899799994], [-76.19827919799997, -4.62335079099995], [-76.20586373699996, -4.672266626999942], [-76.16339701699997, -4.704614824999965], [-76.16738693899998, -4.779553345999943], [-76.14165339599998, -4.797616994999942], [-76.10181428399994, -4.789299890999928], [-76.07073000299994, -4.833534603999965], [-76.02591989699994, -4.815043093999975], [-76.00713464899997, -4.851984955999967], [-75.92509288399998, -4.911142224999935], [-75.82954001999997, -4.976577812999949], [-75.75461875299999, -5.0042668109999795], [-75.74872727999997, -5.0384477989999255], [-75.80399798499997, -5.018421847999946], [-75.88914698499997, -5.048344972999928], [-75.91921500899997, -5.02138759199994], [-75.91904317899997, -5.0844889319999425], [-75.96407874099998, -5.080913568999961], [-76.02368453199995, -5.100404529999935], [-76.18335542499995, -5.017063886999949], [-76.37094828099998, -5.032456240999977], [-76.42119710499998, -5.052448521999963], [-76.45403511099994, -4.9866034729999456], [-76.44682896399996, -5.064284804999943], [-76.51296534299996, -5.131279443999972], [-76.50488234699998, -5.166167777999931], [-76.52836885499994, -5.18642652799997], [-76.50878861099994, -5.236177598999973], [-76.56228898599994, -5.234357348999936], [-76.58530461099997, -5.2128885979999495], [-76.60552948599997, -5.227767473999961], [-76.57592386099998, -5.33613322399998], [-76.60432611099998, -5.334904223999956], [-76.62539661099999, -5.36742309899995], [-76.64039811499998, -5.462731307999945], [-76.65960062999994, -5.457885885999929], [-76.70285202099996, -5.4920253919999595], [-76.74112681199995, -5.446732190999967], [-76.75933760499998, -5.454928758999927], [-76.75967273599997, -5.436117473999957], [-76.83221473599997, -5.498513598999978], [-76.85081836099994, -5.532111348999933], [-76.81101361099996, -5.59459759899994], [-76.84345136099995, -5.607639223999968], [-76.84544723599998, -5.63879497399995], [-76.81565861099995, -5.637658598999963], [-76.82576921999998, -5.672838957999943], [-76.81033283599999, -5.688511389999974], [-76.86277848599997, -5.694735598999955], [-76.86648636099994, -5.725529348999942], [-76.89453711099998, -5.746232473999953], [-76.84407423599998, -5.742528598999968], [-76.82460423599997, -5.757296098999973], [-76.82065311099996, -5.857872348999933], [-76.74672811099998, -5.954027598999971], [-76.75032386099997, -6.002815473999931], [-76.48092282599998, -6.013962674999959], [-76.43018105999994, -6.00276635299997], [-76.40015805399997, -5.953558717999954], [-76.31533986099998, -6.054066348999925], [-76.31829661099994, -6.086094973999934], [-76.24714937799996, -6.126061411999956], [-76.14598935699996, -6.146673399999941], [-76.08848290899994, -6.107566842999972], [-76.01353003999998, -6.08358001299996], [-75.95845054999995, -6.098380286999941], [-75.92080948699999, -6.140227743999958], [-75.83797836999997, -6.14051479099993], [-75.85152003999997, -6.101750012999958], [-75.82768003999996, -6.098580012999946], [-75.77477998499995, -6.120389848999935], [-75.77115998499994, -6.147649973999933], [-75.72664360199997, -6.144015835999937], [-75.68004998499998, -6.095309973999974], [-75.62920998499999, -6.082989973999929], [-75.62107023499993, -6.029380848999949], [-75.56892961199998, -6.0003886009999405], [-75.56700973499994, -5.9583652239999765], [-75.51240076399995, -5.867093995999937], [-75.53936346099994, -5.794655723999938], [-75.50061527999998, -5.739847993999945], [-75.45424871499995, -5.575268938999955], [-75.51825336599995, -5.587350207999975], [-75.60882945399999, -5.562725449999959], [-75.60107948699994, -5.532950065999955], [-75.63813914699995, -5.505795338999974], [-75.61812582099998, -5.45435522799994], [-75.65227051199997, -5.40185573499997], [-75.65270795599997, -5.364173447999974], [-75.62305202599998, -5.319782420999957], [-75.63257495799996, -5.276244320999979], [-75.59540537199996, -5.274525848999929], [-75.58879408099995, -5.251842275999934], [-75.61795364299996, -5.201397894999957], [-75.51162582299997, -5.113149648999979], [-75.46957268999995, -5.057652517999941], [-75.38582062299997, -5.05316927399997], [-75.42389840299995, -4.988093718999949], [-75.47856234799997, -4.956275341999969], [-75.60409183799999, -4.922492957999964], [-75.67344134399997, -4.924807880999936], [-75.68748444399995, -4.889370808999956], [-75.66429101999995, -4.841238173999955], [-75.72570148099999, -4.813172183999939], [-75.74028214299994, -4.73784789299998], [-75.84305312399994, -4.687086853999972], [-75.85188886599997, -4.599958913999956], [-75.89169387999993, -4.584175193999954], [-75.86785159299995, -4.429948458999945], [-75.97495279999998, -4.372006228999965], [-76.02524309699999, -4.323403866999968], [-76.03021394599995, -4.296832019999954], [-76.00941232099996, -4.257849573999977], [-76.02185484099994, -4.220402501999956], [-76.07030766699995, -4.179696919999969], [-76.06127122399994, -4.122204800999953], [-76.07847787799994, -4.049389165999969], [-76.12002233899995, -4.035595680999961], [-76.14451125099998, -3.9590354269999466], [-76.20430777799999, -3.923883536999938], [-76.21182919299997, -3.8345610539999484], [-76.24764231399996, -3.787843948999978], [-76.24886737399999, -3.744766340999945], [-76.27583497199998, -3.7617421379999314], [-76.28293541299996, -3.707821987999978]]]}}, {"id": "139", "type": "Feature", "properties": {"idProv": "LORETO - LORETO", "nombdep": "LORETO", "nombprov": "LORETO"}, "geometry": {"type": "Polygon", "coordinates": [[[-75.74592385999995, -1.9309238449999384], [-75.77896098499997, -1.8497440949999486], [-75.77836485999995, -1.7939513449999254], [-76.04342573499997, -2.1270934709999665], [-76.53432436099996, -2.512278470999945], [-76.50333161099996, -2.532156845999964], [-76.50637536099998, -2.5828353459999676], [-76.38636911099996, -2.697529220999968], [-76.39547461099994, -2.726033220999966], [-76.36531148599994, -2.740104720999966], [-76.34420686099998, -2.800070345999927], [-76.31783598599998, -2.807718720999958], [-76.30734236099994, -2.834851470999979], [-76.31686523599996, -2.8975605959999484], [-76.35123111099995, -2.946427595999978], [-76.33792823599998, -2.9886135959999365], [-76.35347073599996, -3.0904199719999497], [-76.38926561099998, -3.1276777219999303], [-76.34878123599998, -3.16649997199994], [-76.36388086099998, -3.1809804719999306], [-76.35182673599996, -3.205981721999933], [-76.36729098599994, -3.2178300969999327], [-76.35427348599995, -3.2363613469999564], [-76.32803211099997, -3.219306721999942], [-76.33765836099997, -3.251548846999981], [-76.27002673599998, -3.3611340969999333], [-76.26146286099998, -3.4752187219999655], [-76.20617973499998, -3.5280565969999316], [-76.26053448599998, -3.5729217219999327], [-76.23408300299997, -3.6348233999999593], [-76.32378511099995, -3.6853493349999553], [-76.28984376299996, -3.6966152419999503], [-76.27583497199998, -3.7617421379999314], [-76.24886737399999, -3.744766340999945], [-76.24764231399996, -3.787843948999978], [-76.21182919299997, -3.8345610539999484], [-76.20430777799999, -3.923883536999938], [-76.14451125099998, -3.9590354269999466], [-76.12002233899995, -4.035595680999961], [-76.07847787799994, -4.049389165999969], [-76.06127122399994, -4.122204800999953], [-76.07030766699995, -4.179696919999969], [-76.02185484099994, -4.220402501999956], [-76.00941232099996, -4.257849573999977], [-76.03021394599995, -4.296832019999954], [-76.02524309699999, -4.323403866999968], [-75.97495279999998, -4.372006228999965], [-75.86785159299995, -4.429948458999945], [-75.89169387999993, -4.584175193999954], [-75.85188886599997, -4.599958913999956], [-75.84305312399994, -4.687086853999972], [-75.74028214299994, -4.73784789299998], [-75.72570148099999, -4.813172183999939], [-75.66429101999995, -4.841238173999955], [-75.68748444399995, -4.889370808999956], [-75.67344134399997, -4.924807880999936], [-75.60409183799999, -4.922492957999964], [-75.58107778599998, -4.93902841299996], [-75.49011157099994, -4.951190781999969], [-75.42389840299995, -4.988093718999949], [-75.38680920299998, -5.050078851999956], [-75.46957268999995, -5.057652517999941], [-75.51162582299997, -5.113149648999979], [-75.61355392399997, -5.194221871999957], [-75.59004183799993, -5.25844701099993], [-75.59749157299996, -5.2755450479999695], [-75.63257495799996, -5.276244320999979], [-75.62305202599998, -5.319782420999957], [-75.65376712999995, -5.372118434999948], [-75.65227051199997, -5.40185573499997], [-75.61869598699997, -5.451386801999945], [-75.63981273899998, -5.498763244999964], [-75.60028262599997, -5.534640076999949], [-75.61077957299995, -5.560767518999967], [-75.51825336599995, -5.587350207999975], [-75.45439122099998, -5.574191766999945], [-75.49747949999994, -5.728031899999962], [-75.43713435999996, -5.725416723999956], [-75.38375785999995, -5.688921848999939], [-75.30493385999995, -5.686214973999938], [-75.20809998499993, -5.617099973999927], [-75.18157998499998, -5.623229973999969], [-75.06598760899993, -5.499397598999963], [-75.01946610899995, -5.496929598999941], [-74.96009760899994, -5.519859348999944], [-74.90208985899994, -5.470304348999946], [-74.82899410899995, -5.453708973999937], [-74.63801435899995, -5.354012848999957], [-74.61517023399995, -5.3043298489999415], [-74.57292198399995, -5.264320098999974], [-74.41833785899996, -5.206929722999973], [-74.35062798399997, -5.153484597999977], [-74.24551360899994, -5.136191347999954], [-74.17878335899997, -5.086976222999965], [-74.17390623399996, -5.034894472999952], [-74.06709460899998, -4.95663497299995], [-74.04167185799997, -4.946513722999953], [-74.00016010799999, -4.957675722999966], [-73.92763473299993, -5.009668097999963], [-73.89300098299998, -4.9555754729999535], [-73.90181998299994, -4.928739972999949], [-73.87435160799998, -4.88280859799994], [-73.81028710799995, -4.843185597999934], [-73.71172648299995, -4.735543347999965], [-73.65371323299996, -4.72280447299994], [-73.58198248299993, -4.6186815979999665], [-73.46725973299993, -4.518681597999944], [-73.45730960799995, -4.462069472999929], [-73.42056148299997, -4.42419334799996], [-73.42164473299994, -4.368578347999971], [-73.44879448299997, -4.3150482229999625], [-73.37823199299999, -4.254097083999966], [-73.40029298299999, -4.238546847999942], [-73.46821285799996, -4.284902347999946], [-73.48344135799994, -4.321476597999947], [-73.54458985799994, -4.337902347999943], [-73.70509435799994, -4.444870097999967], [-73.82223435799995, -4.442613222999967], [-73.88351760799998, -4.388433597999949], [-73.93700198299996, -4.371898472999931], [-73.94525973299994, -4.32450197299994], [-74.05870123299997, -4.2476132229999735], [-74.08560935899999, -4.2117245979999325], [-74.13543748399997, -4.061880846999941], [-74.13534573399994, -3.9996503469999425], [-74.21190198399995, -3.859010471999966], [-74.27805285899996, -3.832958221999945], [-74.37069485899997, -3.715995846999931], [-74.45863973399997, -3.705488096999943], [-74.47205985899996, -3.6843014719999587], [-74.50401360899997, -3.696505846999969], [-74.67923073399999, -3.5093687219999765], [-74.69193648399994, -3.451029096999946], [-74.71748573399998, -3.4588145969999573], [-74.73175798399996, -3.368299846999946], [-74.75394498399999, -3.3345332219999477], [-74.83290035899995, -3.2808222219999266], [-74.82047310899998, -3.2335072219999574], [-74.87418910899999, -3.20077822199994], [-74.96741410899995, -3.1971777219999353], [-75.00037485899998, -3.1741510969999354], [-75.01779285899994, -3.129399846999945], [-75.01399898399995, -3.075554845999932], [-75.05913473399994, -2.962136720999979], [-75.01026948399993, -2.7663574709999352], [-75.00992660899993, -2.6846737209999674], [-74.97374810899998, -2.660699220999959], [-74.95786260899996, -2.61474459599998], [-74.96201660899999, -2.570373095999969], [-74.99311173399997, -2.5241945959999725], [-74.95413273399998, -2.502289345999941], [-74.95892373399994, -2.369904970999926], [-75.01715035899997, -2.351790970999957], [-75.08322848399996, -2.2934707209999488], [-75.11124123399998, -2.3018505959999516], [-75.13642023499995, -2.285901595999974], [-75.17220573499998, -2.2191569709999612], [-75.16892973499995, -2.1866874709999706], [-75.24618660999994, -2.133828595999944], [-75.24325235999999, -2.100371720999931], [-75.28814923499993, -2.008710720999943], [-75.33755473499997, -2.003201219999937], [-75.43798048499997, -2.036591845999965], [-75.46569923499999, -2.0068457209999337], [-75.53628910999998, -1.99646096999993], [-75.57129523499998, -1.963769344999946], [-75.61064448499997, -1.9693574699999772], [-75.65059573499997, -1.9458808449999765], [-75.74592385999995, -1.9309238449999384]]]}}, {"id": "140", "type": "Feature", "properties": {"idProv": "LORETO - MARISCAL RAMON CASTILLA", "nombdep": "LORETO", "nombprov": "MARISCAL RAMON CASTILLA"}, "geometry": {"type": "Polygon", "coordinates": [[[-72.08996379399997, -2.840140521999956], [-72.18095506599997, -2.799827316999938], [-72.24702283299996, -2.8394358679999527], [-72.30736686899996, -2.8323243209999305], [-72.38879189599999, -2.85484024699997], [-72.43237973199996, -2.8418224709999436], [-72.57077348199994, -2.8908984709999572], [-72.55277010699996, -3.067543470999965], [-72.47905660699996, -3.098662096999931], [-72.47461485699995, -3.1231045969999514], [-72.41786598199997, -3.1774789719999603], [-72.40656760699994, -3.2326283469999453], [-72.36257760699993, -3.247912471999939], [-72.33777435699994, -3.2824465969999324], [-72.29343948199994, -3.292935596999939], [-72.27396285699996, -3.3327832219999323], [-72.19845123199997, -3.404255846999945], [-72.19175098199997, -3.450104721999935], [-72.11719298199995, -3.50056709699993], [-72.14802223199996, -3.528520346999926], [-72.17427348199993, -3.6042812219999405], [-72.30441885699997, -3.689607971999976], [-72.27845460699996, -3.7415579719999528], [-72.28288723199995, -3.83483859699993], [-72.25380760699994, -3.9432749719999265], [-72.30601110699996, -3.9942615969999338], [-72.34816410699995, -4.006003846999931], [-72.39559485699994, -4.057240346999947], [-72.43663198199994, -4.166772722999951], [-72.38775660699997, -4.208531347999951], [-72.49799210699996, -4.319388597999932], [-72.53978648199995, -4.293883472999937], [-72.62856060699994, -4.303654347999952], [-72.60293910699994, -4.355233222999971], [-72.63269723199994, -4.397788847999948], [-72.75656248199994, -4.382718722999925], [-72.78789235699998, -4.492366972999946], [-72.82258598199996, -4.498095722999949], [-72.93467773199995, -4.467095722999943], [-73.01469923299999, -4.515316347999942], [-73.03500198299997, -4.554062472999931], [-73.03524273299996, -4.632538722999925], [-73.06325773299994, -4.669731347999971], [-73.12943948299994, -4.695544972999926], [-73.10215235799996, -4.789773472999968], [-73.23624410799994, -4.970566347999977], [-73.16991798299995, -4.99800197299993], [-73.09810060799998, -5.00079647299998], [-73.05386685799994, -5.037248722999948], [-72.98485548199994, -5.052566222999928], [-72.91278748199994, -5.119895972999927], [-72.82347948199998, -5.144036722999942], [-72.81831160699994, -5.102775597999937], [-72.78594698199998, -5.113441972999965], [-72.78418873199996, -5.0933128479999255], [-72.76802435699994, -5.099224222999965], [-72.75636685699999, -5.076617347999957], [-72.73986010699997, -5.088593347999961], [-72.72764823199998, -5.051992847999941], [-72.69245185699998, -5.060901097999931], [-72.67082798199993, -5.047255347999965], [-72.65737348199997, -5.06362672299997], [-72.64201123199996, -5.044972472999973], [-72.64142123199997, -5.062989472999959], [-72.62880810699994, -5.038353222999945], [-72.62119785699997, -5.051804097999934], [-72.59850573199998, -5.0010529729999575], [-72.60913260699994, -4.994175972999926], [-72.59461485699995, -4.982925972999965], [-72.58397310699996, -4.997653347999972], [-72.55193648199997, -4.955560722999962], [-72.52216848199998, -4.960019097999975], [-72.52115885699999, -4.932871722999948], [-72.49677673199994, -4.949989722999931], [-72.48773110699995, -4.933385097999974], [-72.48202898199997, -4.950801722999927], [-72.47373335699996, -4.9245540979999305], [-72.45134848199996, -4.915687972999933], [-72.47042735699995, -4.89112597299993], [-72.43120185699996, -4.91087684799993], [-72.41465848199994, -4.899704597999971], [-72.42185598199995, -4.875994347999949], [-72.40611048199997, -4.888655222999944], [-72.38201660699997, -4.872955722999961], [-72.37534098199995, -4.83756697299998], [-72.38944435699995, -4.834252097999979], [-72.35884360699998, -4.823386847999927], [-72.36805185699995, -4.802928597999937], [-72.34483923199997, -4.806709722999926], [-72.33775248199998, -4.793461972999978], [-72.32487748199998, -4.813216347999969], [-72.32804098199995, -4.781001222999976], [-72.31049685699998, -4.774439472999973], [-72.30650448199998, -4.790422597999964], [-72.27970460699999, -4.770889097999941], [-72.28292323199997, -4.797315972999968], [-72.25514273199997, -4.792080347999956], [-72.25572285699997, -4.765460097999949], [-72.24351098199998, -4.78136047299995], [-72.20927910699999, -4.747459972999934], [-72.19236473199999, -4.762948347999952], [-72.19322673199997, -4.7458160979999775], [-72.14035623199999, -4.711507972999925], [-72.12511048199997, -4.733600597999953], [-72.08028073199995, -4.668669847999979], [-72.05966960699993, -4.6733529729999645], [-72.06819310699996, -4.659234847999926], [-72.03793973199998, -4.642823222999937], [-72.04244323199998, -4.6229029729999525], [-72.00598710699995, -4.645282222999981], [-72.00218810699994, -4.629050347999964], [-71.98120410699994, -4.626011222999978], [-71.99373373199995, -4.6090194729999325], [-71.94653010699994, -4.607831472999976], [-71.94999760699994, -4.5802857229999745], [-71.91910860699994, -4.5634459729999435], [-71.91818310699995, -4.52885484799998], [-71.88458660599997, -4.537088222999955], [-71.90644085599996, -4.515192472999956], [-71.86499785599995, -4.526451097999939], [-71.83913735599998, -4.504527847999952], [-71.83015798099996, -4.514432847999956], [-71.83211973099998, -4.495838722999963], [-71.80653548099997, -4.504389597999932], [-71.79379873099998, -4.483654347999959], [-71.78336885599998, -4.496598347999964], [-71.78532885599998, -4.48231784799998], [-71.76764810599997, -4.503698972999928], [-71.74895735599995, -4.491321222999943], [-71.75072560599995, -4.467422472999942], [-71.73685585599998, -4.495562222999979], [-71.70679598099997, -4.509887722999963], [-71.65793460599997, -4.500936097999954], [-71.65428760599997, -4.4711384729999395], [-71.64790535599997, -4.502731972999925], [-71.61617385599999, -4.466980347999936], [-71.63345560599998, -4.512332847999971], [-71.60281535599995, -4.528454222999926], [-71.56692573099997, -4.505757222999932], [-71.55837460599997, -4.477603597999973], [-71.53624398099998, -4.481692847999966], [-71.53727735599995, -4.4630840979999675], [-71.51741498099994, -4.461219847999928], [-71.49397210599994, -4.485201472999961], [-71.50687473099998, -4.437348597999971], [-71.48261410599997, -4.456597097999975], [-71.47768498099998, -4.433549597999956], [-71.45085748099996, -4.431712347999962], [-71.43817248099998, -4.449054097999976], [-71.43629460599993, -4.427685097999927], [-71.41225248099994, -4.435391347999939], [-71.43094148099993, -4.4466797229999315], [-71.43360998099996, -4.47596297299998], [-71.39061310599993, -4.427231722999977], [-71.34590298099994, -4.4255422229999795], [-71.34026373099994, -4.440223597999932], [-71.31347098099997, -4.442721972999948], [-71.30821235599996, -4.46225734799998], [-71.30085985599999, -4.444435347999956], [-71.31911023099997, -4.417809097999964], [-71.27480473099996, -4.43848659799994], [-71.26086110599994, -4.425113972999952], [-71.26067073099995, -4.394228597999927], [-71.27956360599995, -4.396917347999931], [-71.26920573099994, -4.383757472999946], [-71.23026323099998, -4.3830664729999285], [-71.22240898099994, -4.406173472999967], [-71.21538960599997, -4.378452722999953], [-71.20139835599997, -4.378238597999939], [-71.19368885599994, -4.423067597999932], [-71.18188673099996, -4.3938954729999296], [-71.14978185599995, -4.402250347999939], [-71.14764035599995, -4.3807757229999424], [-71.11504173099996, -4.408139472999949], [-71.10811160599997, -4.378693722999969], [-71.09103085599997, -4.372502722999968], [-71.07744623099995, -4.3742024729999684], [-71.07841548099998, -4.39435459799995], [-71.05067735599994, -4.367480472999944], [-71.03999948099994, -4.399186722999957], [-71.01789273099996, -4.37998684799993], [-70.99651485599998, -4.38580234799997], [-70.99449235599997, -4.344756597999947], [-70.96903210599999, -4.377593222999963], [-70.93803960599996, -4.38309572299994], [-70.93351860599995, -4.356059097999946], [-70.91543473099995, -4.360014847999935], [-70.90005385599994, -4.325880722999955], [-70.87638185599997, -4.321646097999974], [-70.87661973099995, -4.291456722999953], [-70.84625185599998, -4.279381097999931], [-70.86388960599999, -4.250648972999954], [-70.83438435499994, -4.2540990979999265], [-70.81677635499994, -4.22944197299995], [-70.82605635499993, -4.2193292229999315], [-70.84458198099998, -4.230820347999952], [-70.84323860599994, -4.217138847999934], [-70.75775060499996, -4.1585190979999425], [-70.72394760499998, -4.185987097999941], [-70.69036747999996, -4.188188097999955], [-70.68227735499994, -4.206926222999925], [-70.66993385499995, -4.1443762219999485], [-70.65018435499996, -4.164125722999927], [-70.64462235499997, -4.126946721999957], [-70.61737747999996, -4.129177471999981], [-70.63520197999998, -4.173488847999977], [-70.62210160499995, -4.192134722999981], [-70.56446422999994, -4.174119472999962], [-70.57189122999995, -4.211251222999977], [-70.54101072999998, -4.154795597999964], [-70.55110947999998, -4.136315846999935], [-70.50824947999996, -4.151187596999932], [-70.50557260499994, -4.199133597999946], [-70.48522822999996, -4.160794597999939], [-70.46491360499994, -4.175874347999979], [-70.45423572999994, -4.158920722999937], [-70.43490260499993, -4.1627278479999745], [-70.43282060499996, -4.131289221999964], [-70.37681397999995, -4.135007096999971], [-70.33853447999996, -4.179146222999975], [-70.31970697999998, -4.143394721999925], [-70.28660272999997, -4.167367847999969], [-70.27853410499995, -4.228927972999941], [-70.30739322999995, -4.258530847999964], [-70.28434222999994, -4.2725102229999266], [-70.28978522999995, -4.2880065979999245], [-70.24838260499996, -4.272837347999939], [-70.26810235499994, -4.29579922299996], [-70.25995747999997, -4.308601597999939], [-70.22542085499998, -4.317035847999932], [-70.21379122999997, -4.29844634799997], [-70.19633035499999, -4.360337222999931], [-70.15260922999994, -4.330033722999929], [-70.17063372999996, -4.305227847999959], [-70.15638672999995, -4.27474097299995], [-70.12099222999996, -4.285418847999949], [-70.10936260499994, -4.256151472999932], [-70.09604235499995, -4.287765472999979], [-70.04026897999995, -4.294787972999927], [-70.07907647999997, -4.312057597999967], [-70.04295560499997, -4.332185347999939], [-70.04441497999994, -4.373742222999965], [-69.97441797999994, -4.332777472999965], [-69.94959185499994, -4.279382722999969], [-69.95568947999993, -4.20764259799995], [-70.03407947999995, -4.134412721999979], [-70.06778160499994, -4.075982096999951], [-70.11440410499995, -4.049547846999928], [-70.17428110499998, -3.97005609699994], [-70.18669922999999, -3.9183457219999696], [-70.25351947999997, -3.884499971999958], [-70.29227535499996, -3.821191346999967], [-70.35406447999998, -3.799287096999933], [-70.38759572999999, -3.828503846999979], [-70.41375785499997, -3.822033221999959], [-70.44981172999996, -3.8566780969999286], [-70.51063072999995, -3.8754663469999286], [-70.57727472999994, -3.8280103469999744], [-70.61901997999996, -3.840059971999949], [-70.65251747999997, -3.8288787219999563], [-70.68519072999999, -3.7933395969999424], [-70.71313197999996, -3.7964252219999253], [-70.47792218499995, -3.4242193099999554], [-70.52955790199996, -3.3956657259999474], [-70.63023169299998, -3.41743913199997], [-70.69068611299997, -3.366529990999936], [-70.79834716399995, -3.3752995439999722], [-70.87053469099999, -3.355406883999933], [-70.94863167799997, -3.3144651829999248], [-70.98114848099993, -3.276324221999971], [-71.05331322899997, -3.2479627859999596], [-71.06811873499998, -3.2124973019999743], [-71.24125567199997, -3.224488107999946], [-71.35403648499994, -3.172025721999944], [-71.37942899099994, -3.193357912999943], [-71.43840831299997, -3.199982023999951], [-71.44442581899995, -3.165834287999928], [-71.47701833999997, -3.150999879999972], [-71.51394574099999, -3.1016632389999472], [-71.66023085999996, -3.0415158859999565], [-71.71556158499999, -3.0449008559999697], [-71.75762061799998, -3.028938195999956], [-71.78747496799997, -2.980857088999926], [-71.78689524299995, -2.929792172999953], [-71.80669609899996, -2.911254572999951], [-71.98063952799998, -2.87748838899995], [-72.03273612999999, -2.816117439999971], [-72.08996379399997, -2.840140521999956]]]}}, {"id": "141", "type": "Feature", "properties": {"idProv": "LORETO - REQUENA", "nombdep": "LORETO", "nombprov": "REQUENA"}, "geometry": {"type": "Polygon", "coordinates": [[[-73.26236323299997, -4.645373097999936], [-73.43521773299994, -4.4463562229999525], [-73.45641010799994, -4.461018597999953], [-73.46725973299993, -4.518681597999944], [-73.58198248299993, -4.6186815979999665], [-73.64423348299994, -4.714238347999981], [-73.71172648299995, -4.735543347999965], [-73.81028710799995, -4.843185597999934], [-73.87435160799998, -4.88280859799994], [-73.90181998299994, -4.928739972999949], [-73.89300098299998, -4.9555754729999535], [-73.92763473299993, -5.009668097999963], [-74.00016010799999, -4.957675722999966], [-74.04167185799997, -4.946513722999953], [-74.06709460899998, -4.95663497299995], [-74.17390623399996, -5.034894472999952], [-74.17878335899997, -5.086976222999965], [-74.24551360899994, -5.136191347999954], [-74.35062798399997, -5.153484597999977], [-74.41833785899996, -5.206929722999973], [-74.57292198399995, -5.264320098999974], [-74.61517023399995, -5.3043298489999415], [-74.63801435899995, -5.354012848999957], [-74.82899410899995, -5.453708973999937], [-74.90208985899994, -5.470304348999946], [-74.96009760899994, -5.519859348999944], [-75.01946610899995, -5.496929598999941], [-75.06598760899993, -5.499397598999963], [-75.18157998499998, -5.623229973999969], [-75.20809998499993, -5.617099973999927], [-75.32608010999996, -5.693890723999971], [-75.38375785999995, -5.688921848999939], [-75.41392660999998, -5.720147848999943], [-75.49747949999994, -5.728031899999962], [-75.53936346099994, -5.794655723999938], [-75.51240076399995, -5.867093995999937], [-75.56700973499994, -5.9583652239999765], [-75.56892961199998, -6.0003886009999405], [-75.52937335999997, -6.122162598999978], [-75.39307948499999, -6.0817113489999315], [-75.32030910999998, -6.0997502239999335], [-75.18481223499998, -6.072297848999938], [-75.13830523499996, -6.034528848999969], [-75.04113810899997, -6.004480723999961], [-74.96169135899999, -5.901494098999933], [-74.90125148399994, -5.868256598999949], [-74.84783198399998, -5.890019348999942], [-74.83518048399998, -5.919875348999938], [-74.80963435899997, -5.923327098999948], [-74.82923273399996, -5.958011598999974], [-74.78687348399995, -6.012953598999957], [-74.76082610899994, -5.999326223999958], [-74.78456773399995, -5.951621473999978], [-74.77524610899997, -5.924479973999951], [-74.68956173399994, -5.957589473999974], [-74.69232710899996, -6.033964223999931], [-74.70805485899996, -6.032381598999962], [-74.72912698399995, -6.080794973999957], [-74.77571448399993, -6.10513597399995], [-74.79336823399996, -6.161542848999943], [-74.86957823399996, -6.225687473999926], [-74.86505860899996, -6.27285934899993], [-74.89360748399997, -6.338287099999945], [-74.89852585899996, -6.406403974999932], [-74.97356635899996, -6.527970724999932], [-74.95603123399997, -6.685486349999962], [-74.90075660899998, -6.733874974999935], [-74.88958010899995, -6.852550724999958], [-74.79849285899996, -6.980200224999976], [-74.83660698399996, -7.07166559999996], [-74.87686923399997, -7.119341599999927], [-74.85236323399994, -7.158140599999967], [-74.88128710899997, -7.234177724999938], [-74.83445835899994, -7.2932767249999415], [-74.71990160899998, -7.321773099999973], [-74.64987298399996, -7.304322099999979], [-74.62247698399995, -7.257698974999926], [-74.64880710899996, -7.24119184999995], [-74.64132985899994, -7.185713849999956], [-74.55038035899997, -7.166110099999969], [-74.50009123399997, -7.262049474999969], [-74.47204498399998, -7.275466474999973], [-74.46352085899997, -7.298596849999967], [-74.37017798399995, -7.317272099999968], [-74.36156685899994, -7.336606724999967], [-74.32935685899997, -7.348479724999947], [-74.25526260899994, -7.34349734999995], [-74.23372660899997, -7.36001559999994], [-74.18085685899996, -7.358747224999945], [-74.03910948299995, -7.448879475999945], [-74.03647385799997, -7.481244475999972], [-74.01046598299996, -7.5150808509999365], [-73.98303323299996, -7.534361350999973], [-73.94216073299998, -7.533654225999953], [-73.90971498299996, -7.468818475999967], [-73.95117223299997, -7.357483474999981], [-73.93496573299996, -7.377257975999953], [-73.92175948299996, -7.361760474999926], [-73.90386585799996, -7.385697725999933], [-73.86354785799995, -7.389246975999981], [-73.85366248299994, -7.354309599999965], [-73.82252848299999, -7.3392045999999596], [-73.76162623299996, -7.336904349999941], [-73.75463998299995, -7.353785974999937], [-73.69562498299996, -7.3114755999999375], [-73.71599673299994, -7.273710974999972], [-73.71661910799997, -7.227558224999939], [-73.74245923299998, -7.21949372499995], [-73.75610610799998, -7.174129974999971], [-73.79986235799998, -7.117095474999928], [-73.75996998299996, -7.0575699749999785], [-73.76127998299995, -6.9777299749999315], [-73.74388998299997, -6.964159974999973], [-73.76154998299995, -6.938669974999925], [-73.71045998299996, -6.84018997499993], [-73.66636998299998, -6.805549974999963], [-73.63825998299995, -6.754149974999962], [-73.56179223299995, -6.722033099999976], [-73.53639260799997, -6.683399724999958], [-73.39114973299996, -6.641928474999929], [-73.35280885799995, -6.593267474999948], [-73.22741273299994, -6.5888427249999495], [-73.22179123299998, -6.564428599999928], [-73.20669223299996, -6.577112849999935], [-73.19953410799997, -6.54670509999994], [-73.18167698299999, -6.545779224999933], [-73.18796660799995, -6.523016349999978], [-73.17032898299993, -6.51793884999995], [-73.16338748299995, -6.531325224999932], [-73.13522610799998, -6.510461349999957], [-73.14253223299994, -6.490765974999931], [-73.11116760799996, -6.453566724999973], [-73.12119023299994, -6.431741224999939], [-73.10472598299998, -6.406663974999958], [-73.13557598299997, -6.380259224999975], [-73.16070473299999, -6.276667723999935], [-73.22028510799998, -6.219577473999948], [-73.21627185799997, -6.183180973999981], [-73.24663835799998, -6.149624598999935], [-73.24819210799996, -6.10802122399997], [-73.22746760799998, -6.07669784899997], [-73.22754385799993, -6.043580848999966], [-73.23821273299995, -6.0439924739999356], [-73.20898123299997, -6.00863759899994], [-73.18680248299995, -6.005125348999968], [-73.18694973299995, -5.944716348999975], [-73.15206798299994, -5.86795959899996], [-73.11701973299995, -5.864329348999945], [-73.11421610799994, -5.833184348999964], [-73.08909023299998, -5.830234598999937], [-73.07978923299999, -5.8012023489999365], [-73.05302910799998, -5.795169973999975], [-73.04639873299993, -5.759347973999979], [-73.01918673299997, -5.74052009899998], [-73.02753110799995, -5.733411473999979], [-73.00046523299994, -5.7285218489999465], [-72.98557035699997, -5.661275848999935], [-72.95911573199999, -5.6568910989999495], [-72.97367835699998, -5.61291072399996], [-72.93857385699994, -5.541279973999963], [-72.95285748199996, -5.544867473999943], [-72.96059373199995, -5.521978098999966], [-72.94904273199995, -5.479878098999961], [-72.95888473199994, -5.466128848999972], [-72.92028323199997, -5.375952598999959], [-72.89029185699997, -5.350844973999926], [-72.90416135699996, -5.33380909899995], [-72.86052460699995, -5.27116684899994], [-72.86223798199995, -5.247500348999949], [-72.87327060699994, -5.248893473999942], [-72.86902723199995, -5.17906297299993], [-72.87999023199995, -5.186890597999934], [-72.88788998199993, -5.165820597999925], [-72.85496835699996, -5.138695347999942], [-72.91278748199994, -5.119895972999927], [-72.98485548199994, -5.052566222999928], [-73.05386685799994, -5.037248722999948], [-73.09810060799998, -5.00079647299998], [-73.16991798299995, -4.99800197299993], [-73.23624410799994, -4.970566347999977], [-73.10215235799996, -4.789773472999968], [-73.12943948299994, -4.695544972999926], [-73.16034335799998, -4.708424097999966], [-73.26236323299997, -4.645373097999936]]]}}, {"id": "142", "type": "Feature", "properties": {"idProv": "LORETO - UCAYALI", "nombdep": "LORETO", "nombprov": "UCAYALI"}, "geometry": {"type": "Polygon", "coordinates": [[[-74.80817385899996, -5.929359348999981], [-74.84783198399998, -5.890019348999942], [-74.90125148399994, -5.868256598999949], [-74.96169135899999, -5.901494098999933], [-75.04113810899997, -6.004480723999961], [-75.13830523499996, -6.034528848999969], [-75.18481223499998, -6.072297848999938], [-75.32030910999998, -6.0997502239999335], [-75.39307948499999, -6.0817113489999315], [-75.52937335999997, -6.122162598999978], [-75.52555498499999, -6.165125598999964], [-75.48718760999998, -6.203415348999954], [-75.49634373499998, -6.281025348999947], [-75.55009498499999, -6.347707974999935], [-75.50298348499996, -6.552228724999964], [-75.50043548499997, -6.759353474999955], [-75.51273498499995, -6.786465724999971], [-75.61688835999996, -6.841188724999938], [-75.63344223499996, -6.843062349999968], [-75.64269610999997, -6.815560724999955], [-75.65967198499999, -6.81933209999994], [-75.70080560999997, -6.869113974999948], [-75.72479585999997, -6.850874474999955], [-75.78053910999995, -6.848412099999962], [-75.79418335999998, -6.821401599999945], [-75.81397185999998, -6.825477974999956], [-75.84387535999997, -6.797261724999942], [-75.96495110999996, -6.788406599999973], [-76.05205923499994, -6.812733974999958], [-76.01064673499997, -6.89042134999994], [-76.01573585999995, -6.9137009749999265], [-76.05184423499998, -6.937871599999937], [-76.03564010999997, -6.993146474999946], [-76.00811323499994, -7.002220724999972], [-76.01071710999997, -7.078379849999976], [-76.05994498499996, -7.1613012249999315], [-76.14352523499997, -7.203962474999969], [-76.16666148499996, -7.2675963499999625], [-76.21311136099996, -7.310142599999949], [-76.19591823499997, -7.334402849999947], [-76.21540811099999, -7.395333100999949], [-76.16727535999996, -7.493017600999963], [-76.12191085999996, -7.525992350999957], [-76.11445935999996, -7.563896100999955], [-76.09137360999995, -7.560355725999955], [-76.07971860999999, -7.584335975999977], [-76.09387148499997, -7.609725975999936], [-76.08237498499994, -7.631888725999943], [-76.10133210999999, -7.650456350999946], [-76.10159260999995, -7.7226639759999784], [-76.08667385999996, -7.729231725999966], [-76.08443510999996, -7.762560975999975], [-76.04380298499996, -7.7923436009999705], [-76.00849173499995, -7.856042600999956], [-76.00603973499994, -7.890586850999966], [-75.97566148499999, -7.908968100999971], [-75.99350973499998, -7.9535663509999495], [-75.96697948499997, -7.9603593509999655], [-75.93945560999998, -7.946120100999963], [-75.92783785999995, -7.957255975999942], [-75.85879323499995, -7.921125350999944], [-75.82949285999996, -7.973495850999939], [-75.84493273499999, -8.059638100999962], [-75.92098848499995, -8.073119350999946], [-75.95180298499997, -8.101295225999934], [-75.93402698499995, -8.134428475999925], [-75.94116485999996, -8.186183975999938], [-75.91288585999996, -8.256099975999973], [-75.92709323499997, -8.306762100999947], [-75.98600475899997, -8.323651673999962], [-75.94633721199995, -8.399123335999946], [-75.96755473499996, -8.459925726999927], [-75.95453123499993, -8.499486351999963], [-75.97072660999999, -8.51240035199993], [-75.96502348499996, -8.579974601999936], [-75.97975973499996, -8.636001976999978], [-75.94600720199998, -8.715191382999933], [-75.89132125299994, -8.66021737699998], [-75.83366897499997, -8.652161503999935], [-75.81680134299995, -8.636021220999964], [-75.77826027399993, -8.546410833999971], [-75.79922247299999, -8.512155829999926], [-75.78454889899996, -8.49432582199995], [-75.71646102799997, -8.486894886999949], [-75.68731931899998, -8.423294341999963], [-75.61807960999994, -8.40832285099998], [-75.57228944799994, -8.44458183599994], [-75.51083505699995, -8.43204458599996], [-75.41956456899999, -8.451533548999976], [-75.47718132099999, -8.386368507999975], [-75.48267397099994, -8.34547688999993], [-75.51005366099997, -8.334816901999943], [-75.49384410999994, -8.328650975999949], [-75.50287723499997, -8.289411850999954], [-75.43768285999994, -8.194973475999973], [-75.43923885999999, -8.174874600999942], [-75.39813148499996, -8.168468725999958], [-75.37614698499993, -8.13877710099996], [-75.34553773499994, -8.129410350999933], [-75.32352598499995, -8.13930985099995], [-75.28789223499996, -8.125490725999953], [-75.23540623499997, -8.150501850999945], [-75.18932148499994, -8.07904422599995], [-75.18569735999995, -8.018442600999947], [-75.14943473499994, -8.001818850999939], [-75.14410985999996, -7.979091725999979], [-75.03334960899997, -7.950054725999962], [-74.98225973399997, -7.9689863509999554], [-74.88439960899996, -8.083901725999965], [-74.77902598399999, -8.042376350999973], [-74.72794448399998, -7.981008975999941], [-74.66844048399997, -7.945642100999976], [-74.62798423399994, -7.939828100999932], [-74.56974510899994, -7.815980475999936], [-74.51668948399998, -7.783513475999939], [-74.51954798399998, -7.7609837259999495], [-74.55788873399996, -7.748482475999936], [-74.57128648399998, -7.7275482259999535], [-74.58403223399995, -7.698493725999981], [-74.57622710899994, -7.637229850999972], [-74.64467810899998, -7.553889725999966], [-74.64290210899998, -7.500086475999979], [-74.61607385899998, -7.435037600999976], [-74.57952135899995, -7.409929475999945], [-74.53552285899997, -7.293768849999935], [-74.50058135899997, -7.2640992249999385], [-74.51451710899994, -7.217849099999967], [-74.54050085899996, -7.200088849999929], [-74.53890185899996, -7.176560724999945], [-74.55162110899994, -7.1659277249999604], [-74.64031948399997, -7.184397599999954], [-74.64880710899996, -7.24119184999995], [-74.62396173399998, -7.24667734999997], [-74.62510385899998, -7.270490974999973], [-74.64987298399996, -7.304322099999979], [-74.70762360899994, -7.321544724999967], [-74.83445835899994, -7.2932767249999415], [-74.88128710899997, -7.234177724999938], [-74.85236323399994, -7.158140599999967], [-74.87686923399997, -7.119341599999927], [-74.83660698399996, -7.07166559999996], [-74.79849285899996, -6.980200224999976], [-74.88958010899995, -6.852550724999958], [-74.90075660899998, -6.733874974999935], [-74.95603123399997, -6.685486349999962], [-74.97356635899996, -6.527970724999932], [-74.89852585899996, -6.406403974999932], [-74.89360748399997, -6.338287099999945], [-74.86505860899996, -6.27285934899993], [-74.86957823399996, -6.225687473999926], [-74.79336823399996, -6.161542848999943], [-74.77571448399993, -6.10513597399995], [-74.72912698399995, -6.080794973999957], [-74.70805485899996, -6.032381598999962], [-74.69190310899995, -6.032997473999956], [-74.69339310299995, -5.95142412499996], [-74.77896810899995, -5.926620973999945], [-74.78456773399995, -5.951621473999978], [-74.76058823399995, -5.997142973999928], [-74.78196898399995, -6.014583848999962], [-74.82877169899996, -5.959065653999971], [-74.80817385899996, -5.929359348999981]]]}}, {"id": "143", "type": "Feature", "properties": {"idProv": "LORETO - DATEM DEL MARAÑON", "nombdep": "LORETO", "nombprov": "DATEM DEL MARAÑON"}, "geometry": {"type": "Polygon", "coordinates": [[[-76.49832048599995, -2.593223845999944], [-76.50333161099996, -2.532156845999964], [-76.53432436099996, -2.512278470999945], [-76.63186511099997, -2.589689220999958], [-77.80861598699994, -2.9861250959999666], [-77.81725098699997, -3.000792095999941], [-77.78766411199996, -3.074775345999967], [-77.77254323699998, -3.428809471999955], [-77.71513123699998, -3.5148535969999557], [-77.71645961199994, -3.5423050969999395], [-77.66667298699997, -3.57187197199994], [-77.64300961199996, -3.6193463469999756], [-77.61996673699997, -3.622408221999933], [-77.61562298699994, -3.7077187219999246], [-77.65191411199999, -3.780562346999943], [-77.56149361199994, -3.8761658469999247], [-77.56901861199998, -3.893073971999968], [-77.53787736199996, -3.9618994719999705], [-77.54840536199998, -4.105404846999932], [-77.58555073699995, -4.25133397299993], [-77.56827536199995, -4.420919972999968], [-77.58908786199999, -4.48046484799994], [-77.64063086199997, -4.496515597999974], [-77.65545698699998, -4.518544972999962], [-77.65261323699997, -4.574570347999952], [-77.67257173699994, -4.630480347999935], [-77.78972523699997, -4.744543847999978], [-77.79911348699994, -4.824592847999952], [-77.76015173699994, -4.90934509799996], [-77.75844548699996, -4.950052722999942], [-77.82461961199994, -5.031778722999945], [-77.81181738199996, -5.056345318999945], [-77.82080998699996, -5.08880572299995], [-77.77428673699995, -5.09717797299993], [-77.69528098699999, -5.1647403479999525], [-77.73970786199999, -5.21185659799994], [-77.69909048699998, -5.253975973999957], [-77.68414823699999, -5.29588122399997], [-77.69764673699996, -5.40946084899997], [-77.67186973699995, -5.408771223999963], [-77.59481011199995, -5.464224223999963], [-77.55811911199999, -5.425578098999949], [-77.49227148699998, -5.51970447399998], [-77.50446761199998, -5.555613598999969], [-77.47275173699995, -5.554786848999925], [-77.46194348699998, -5.584140098999967], [-77.43734373699994, -5.592435473999956], [-77.37182036199994, -5.567105473999959], [-77.33702623699998, -5.60402634899998], [-77.27990986099996, -5.601084973999946], [-77.26580098599999, -5.61396947399993], [-77.23194136099994, -5.595460973999934], [-77.20216123599994, -5.634464473999969], [-77.17867248599998, -5.6414240989999485], [-77.14235186099995, -5.625438598999949], [-77.12691023599996, -5.650993598999946], [-76.99560561099997, -5.667119098999933], [-76.97290823599997, -5.698953098999937], [-76.89453711099998, -5.746232473999953], [-76.86648636099994, -5.725529348999942], [-76.86277848599997, -5.694735598999955], [-76.81033283599999, -5.688511389999974], [-76.82576921999998, -5.672838957999943], [-76.81565861099995, -5.637658598999963], [-76.84544723599998, -5.63879497399995], [-76.84345136099995, -5.607639223999968], [-76.81101361099996, -5.59459759899994], [-76.85081836099994, -5.532111348999933], [-76.83221473599997, -5.498513598999978], [-76.75967273599997, -5.436117473999957], [-76.75933760499998, -5.454928758999927], [-76.74112681199995, -5.446732190999967], [-76.70285202099996, -5.4920253919999595], [-76.65960062999994, -5.457885885999929], [-76.64039811499998, -5.462731307999945], [-76.62539661099999, -5.36742309899995], [-76.60432611099998, -5.334904223999956], [-76.57592386099998, -5.33613322399998], [-76.60552948599997, -5.227767473999961], [-76.58530461099997, -5.2128885979999495], [-76.56228898599994, -5.234357348999936], [-76.50878861099994, -5.236177598999973], [-76.52836885499994, -5.18642652799997], [-76.50488234699998, -5.166167777999931], [-76.51296534299996, -5.131279443999972], [-76.44682896399996, -5.064284804999943], [-76.45403511099994, -4.9866034729999456], [-76.42119710499998, -5.052448521999963], [-76.37094828099998, -5.032456240999977], [-76.18335542499995, -5.017063886999949], [-76.02368453199995, -5.100404529999935], [-75.96407874099998, -5.080913568999961], [-75.91904317899997, -5.0844889319999425], [-75.91921500899997, -5.02138759199994], [-75.88914698499997, -5.048344972999928], [-75.80399798499997, -5.018421847999946], [-75.74872727999997, -5.0384477989999255], [-75.75461875299999, -5.0042668109999795], [-75.82954001999997, -4.976577812999949], [-75.92509288399998, -4.911142224999935], [-76.00713464899997, -4.851984955999967], [-76.02591989699994, -4.815043093999975], [-76.07073000299994, -4.833534603999965], [-76.10181428399994, -4.789299890999928], [-76.14165339599998, -4.797616994999942], [-76.16738693899998, -4.779553345999943], [-76.16339701699997, -4.704614824999965], [-76.20586373699996, -4.672266626999942], [-76.19827919799997, -4.62335079099995], [-76.24691386599994, -4.56133899799994], [-76.22880974899994, -4.55555652399994], [-76.29730837199997, -4.517449011999929], [-76.33817059299997, -4.436121665999963], [-76.33479436299996, -4.411679331999949], [-76.30792066099997, -4.390169282999977], [-76.31978045799997, -4.356047745999945], [-76.29698555199997, -4.341274771999963], [-76.29718572799999, -4.319063382999957], [-76.23398968699996, -4.270676116999937], [-76.22752709099996, -4.247431530999961], [-76.24453760699998, -4.219299343999978], [-76.23805680799995, -4.184108796999965], [-76.31090667099994, -4.156769833999931], [-76.29342084899997, -4.134507940999981], [-76.33164725699999, -4.113699011999927], [-76.35062680999994, -4.042572485999926], [-76.41361317099995, -3.9619329309999785], [-76.41789410099994, -3.8705811359999416], [-76.39104444299994, -3.849114762999932], [-76.38619334499998, -3.785632436999947], [-76.33108596199997, -3.7614222919999634], [-76.32663289599998, -3.6831782709999743], [-76.23408300299997, -3.6348233999999593], [-76.26053448599998, -3.5729217219999327], [-76.20617973499998, -3.5280565969999316], [-76.26146286099998, -3.4752187219999655], [-76.27002673599998, -3.3611340969999333], [-76.33765836099997, -3.251548846999981], [-76.32803211099997, -3.219306721999942], [-76.35427348599995, -3.2363613469999564], [-76.36729098599994, -3.2178300969999327], [-76.35182673599996, -3.205981721999933], [-76.36388086099998, -3.1809804719999306], [-76.34878123599998, -3.16649997199994], [-76.38926561099998, -3.1276777219999303], [-76.35347073599996, -3.0904199719999497], [-76.33792823599998, -2.9886135959999365], [-76.35123111099995, -2.946427595999978], [-76.31686523599996, -2.8975605959999484], [-76.30734236099994, -2.834851470999979], [-76.31783598599998, -2.807718720999958], [-76.34420686099998, -2.800070345999927], [-76.36531148599994, -2.740104720999966], [-76.39547461099994, -2.726033220999966], [-76.38636911099996, -2.697529220999968], [-76.47064298599997, -2.6043148459999657], [-76.49832048599995, -2.593223845999944]]]}}, {"id": "144", "type": "Feature", "properties": {"idProv": "LORETO - PUTUMAYO", "nombdep": "LORETO", "nombprov": "PUTUMAYO"}, "geometry": {"type": "Polygon", "coordinates": [[[-75.07736335899995, -0.08420484399994166], [-75.18359648499995, -0.03860596899994562], [-75.21548798499998, -0.04868646899996065], [-75.22575948499997, -0.08602921899995408], [-75.28794860999994, -0.15396359399994708], [-75.35217210999997, -0.1638162189999548], [-75.36402210999995, -0.14611021899997922], [-75.36821323499998, -0.16323271899995007], [-75.40512935999999, -0.17026759399993807], [-75.51607123499997, -0.11447484399997165], [-75.56875998499999, -0.13107996899992713], [-75.60564010999997, -0.10962996899996824], [-75.61061885999999, -0.19244921899996825], [-75.54804998499998, -0.1780799689999526], [-75.51526998499997, -0.1959599689999436], [-75.48221998499997, -0.23695996899994043], [-75.45742998499998, -0.32840996899994934], [-75.38784998499995, -0.4341198439999516], [-75.34909998499995, -0.4635399689999531], [-75.32484998499996, -0.4531400939999344], [-75.31275760999995, -0.4942412189999459], [-75.26965348499994, -0.5025912189999531], [-75.26415998499994, -0.5334365939999657], [-75.24140148499998, -0.5238387189999685], [-75.24407998499998, -0.5469498439999256], [-75.22748985999993, -0.5507599689999552], [-75.22447998499996, -0.5706399689999557], [-75.23986998499998, -0.6015599689999362], [-75.22300998499998, -0.6240699689999474], [-75.24082201799996, -0.6572145509999245], [-75.22963194199997, -0.6896611159999679], [-75.18201401599998, -0.7111908809999363], [-75.19691769899998, -0.7327259069999741], [-74.98702160899995, -0.8189804689999391], [-74.95408825199996, -0.8879813799999283], [-74.88734576599995, -0.9196297139999388], [-74.88268772599997, -0.9650886899999591], [-74.84860994899998, -1.0205100889999699], [-74.75797336299996, -1.0581282199999578], [-74.71059201099996, -1.1522468799999501], [-74.58948823399999, -1.2723808449999296], [-74.58618837499995, -1.3099221219999322], [-74.49418160899995, -1.378443344999937], [-74.46417814199998, -1.3762824129999558], [-74.44356448399998, -1.3979199699999754], [-74.40405582599993, -1.3944894369999474], [-74.22278510899997, -1.4555293449999454], [-74.20140035899993, -1.4462440949999404], [-74.09237987199998, -1.5190298959999495], [-74.00572781199998, -1.5243355989999259], [-73.97565234499996, -1.5832865479999327], [-73.94096392299997, -1.5877707939999368], [-73.88747560799999, -1.682771344999935], [-73.82449023299995, -1.6963515949999532], [-73.81899810799996, -1.7634179699999777], [-73.84244535799996, -1.8245367199999691], [-73.83777227199994, -1.8511891309999555], [-73.87863389899996, -1.892656762999934], [-73.88117735799995, -1.9355433449999282], [-73.92268780799998, -1.9840907519999291], [-73.86422978599995, -2.019365688999926], [-73.80743990699995, -2.0285279669999454], [-73.78739742699997, -2.122356651999951], [-73.73696502799999, -2.1569138499999667], [-73.75657522299997, -2.2130726449999543], [-73.73151373299999, -2.2383847209999317], [-73.71589265499995, -2.2913636619999806], [-73.63374698299998, -2.299983845999975], [-73.56120998299997, -2.367668470999945], [-73.40577157099995, -2.439927581999939], [-73.36910425799994, -2.4746001189999447], [-73.39591420199997, -2.5354142439999805], [-73.36023327599997, -2.6045885389999626], [-73.27585885199994, -2.6371683849999386], [-73.20880249799995, -2.6985323619999804], [-73.14479885199995, -2.7088997349999318], [-73.12682801399995, -2.7719536269999594], [-73.06517896099996, -2.780937607999931], [-72.89123012099998, -2.916377910999927], [-72.54422052099994, -2.8875194849999275], [-72.43237973199996, -2.8418224709999436], [-72.38879189599999, -2.85484024699997], [-72.30736686899996, -2.8323243209999305], [-72.25076652499996, -2.8400724539999374], [-72.18095506599997, -2.799827316999938], [-72.09855063199996, -2.8393775039999696], [-72.03273612999999, -2.816117439999971], [-71.98063952799998, -2.87748838899995], [-71.80251296599994, -2.91364465099997], [-71.78582010999997, -2.9327915959999586], [-71.78520416099997, -2.9881455769999548], [-71.75762061799998, -3.028938195999956], [-71.71556158499999, -3.0449008559999697], [-71.66023085999996, -3.0415158859999565], [-71.51394574099999, -3.1016632389999472], [-71.47701833999997, -3.150999879999972], [-71.44442581899995, -3.165834287999928], [-71.43840831299997, -3.199982023999951], [-71.37942899099994, -3.193357912999943], [-71.35403648499994, -3.172025721999944], [-71.24125567199997, -3.224488107999946], [-71.06811873499998, -3.2124973019999743], [-71.05331322899997, -3.2479627859999596], [-70.98114848099993, -3.276324221999971], [-70.94863167799997, -3.3144651829999248], [-70.87053469099999, -3.355406883999933], [-70.79834716399995, -3.3752995439999722], [-70.69068611299997, -3.366529990999936], [-70.63023169299998, -3.41743913199997], [-70.52955790199996, -3.3956657259999474], [-70.47792218499995, -3.4242193099999554], [-70.07360860499995, -2.7906620959999486], [-70.06005960499994, -2.758917470999961], [-70.06603935499999, -2.6840955959999633], [-70.08494422999996, -2.6490313459999584], [-70.10103335499997, -2.6538568459999397], [-70.11843160499996, -2.6986328459999527], [-70.14054660499994, -2.7005389709999577], [-70.16206185499993, -2.6878490959999795], [-70.15420985499998, -2.656875720999949], [-70.16615960499996, -2.6363910959999544], [-70.18216185499995, -2.634609095999963], [-70.19630472999995, -2.658982470999945], [-70.21682810499993, -2.648523470999976], [-70.24531122999997, -2.550415720999979], [-70.26787447999999, -2.54360309599997], [-70.31786847999996, -2.578539345999957], [-70.35651085499995, -2.564213845999973], [-70.35211135499998, -2.543539095999961], [-70.30179685499996, -2.5282207209999683], [-70.30097760499996, -2.5025773459999527], [-70.36200672999996, -2.489869470999963], [-70.42861910499994, -2.5248749709999743], [-70.46928072999998, -2.4558848459999467], [-70.51055272999997, -2.471755845999951], [-70.55870897999995, -2.419980470999974], [-70.59641997999995, -2.4259120959999336], [-70.55759372999995, -2.4430819709999696], [-70.55435022999995, -2.4677483459999507], [-70.59930435499996, -2.484436470999981], [-70.62722647999993, -2.476382095999952], [-70.64136522999996, -2.4555097209999417], [-70.62785060499994, -2.3950297209999576], [-70.66487722999995, -2.4104060959999742], [-70.67843547999996, -2.4021387209999716], [-70.66592385499996, -2.353773470999954], [-70.75123635499995, -2.3282695959999273], [-70.77776185499994, -2.292990220999968], [-70.83595310499999, -2.2908145959999615], [-70.85496485599998, -2.2370117209999307], [-70.87938673099995, -2.220892595999942], [-70.93734760599995, -2.2544843459999697], [-70.97270110599999, -2.2142225959999564], [-71.00461610599996, -2.2088063459999603], [-71.01843748099998, -2.237441470999954], [-70.99041785599997, -2.287092970999936], [-70.99614423099996, -2.303487595999968], [-71.05332948099993, -2.2706198459999314], [-71.11992810599997, -2.2805037209999455], [-71.14337685599997, -2.3015948459999436], [-71.13032248099995, -2.33749484599997], [-71.16683735599997, -2.3377674709999496], [-71.17577985599996, -2.3790287209999406], [-71.20017573099994, -2.3745573459999605], [-71.23476935599996, -2.336747720999938], [-71.26810785599997, -2.3577707209999517], [-71.27218698099995, -2.333453095999971], [-71.30709435599994, -2.3474159709999753], [-71.32074348099997, -2.377773470999955], [-71.39471573099996, -2.4070330959999637], [-71.40656248099998, -2.388251845999946], [-71.39639573099998, -2.3471147209999685], [-71.45825498099998, -2.274149720999958], [-71.49480598099996, -2.277995720999968], [-71.47938398099996, -2.3400642209999774], [-71.50046310599998, -2.3522093459999383], [-71.51983310599996, -2.302075595999952], [-71.51889185599998, -2.248969345999967], [-71.58716273099998, -2.2382817209999644], [-71.64768160599994, -2.2000565959999676], [-71.72299998099999, -2.226552720999962], [-71.71892285599995, -2.159935970999925], [-71.73248248099998, -2.1401425959999756], [-71.76693198099997, -2.1584997209999415], [-71.79913285599997, -2.2043690959999367], [-71.83276948099996, -2.1904159709999362], [-71.88475585599997, -2.3115937209999515], [-71.93491423199998, -2.312349595999933], [-71.92243748199996, -2.378152345999979], [-71.94978210699998, -2.35635859599995], [-72.01010935699998, -2.368951220999975], [-72.04874123199994, -2.3349360959999785], [-72.14528073199995, -2.406248595999955], [-72.13714298199994, -2.449421470999937], [-72.14982073199997, -2.4700228459999494], [-72.16635323199995, -2.4644120959999327], [-72.16946810699994, -2.431901970999945], [-72.22036223199996, -2.4483507209999402], [-72.24854460699999, -2.430661845999964], [-72.26216460699999, -2.4355015959999378], [-72.25955198199995, -2.4585229709999794], [-72.28627810699999, -2.4541828459999806], [-72.29752823199993, -2.473599220999972], [-72.37176735699995, -2.4891894709999747], [-72.40865860699995, -2.414493345999972], [-72.42815435699998, -2.4374335959999485], [-72.47159048199995, -2.4200328459999696], [-72.51699060699997, -2.426365970999939], [-72.61969723199996, -2.3562812209999606], [-72.64079873199995, -2.36326259599997], [-72.63731523199993, -2.3887894709999387], [-72.68128760699994, -2.4516642209999304], [-72.70775410699997, -2.3890728459999764], [-72.72692885699996, -2.3909060959999806], [-72.74579498199995, -2.426765595999939], [-72.77645123199994, -2.384367220999934], [-72.85179885699995, -2.4357832209999515], [-72.89512698199997, -2.4336738459999765], [-72.93380398199997, -2.454868595999926], [-72.92263085699994, -2.419496095999932], [-72.95173435699996, -2.400958970999966], [-72.96449898199995, -2.341154220999954], [-73.00488460799994, -2.357609095999976], [-73.03379660799999, -2.31465009599998], [-73.04423473299994, -2.352789720999965], [-73.06235548299998, -2.3589687209999397], [-73.06829885799993, -2.315140595999935], [-73.12292835799997, -2.3239435959999355], [-73.11767573299994, -2.2870058459999427], [-73.16766623299998, -2.2290180959999475], [-73.17046248299994, -2.1916077209999685], [-73.13003510799996, -2.1815975959999605], [-73.11418823299994, -2.1308742209999423], [-73.06978510799996, -2.087880845999962], [-73.10674998299999, -2.0749512209999352], [-73.09373073299997, -2.035457595999958], [-73.12031535799997, -2.0131637209999553], [-73.12337173299994, -1.9812169699999345], [-73.10745323299994, -1.8860623449999707], [-73.15028348299995, -1.861363469999958], [-73.14728535799998, -1.8026859699999704], [-73.18602923299994, -1.8079184699999473], [-73.22086785799996, -1.748669844999938], [-73.23434510799996, -1.8017223449999733], [-73.25678810799997, -1.8025218449999443], [-73.24986198299996, -1.7803877199999647], [-73.29459298299997, -1.776538094999978], [-73.31738285799997, -1.8261895949999598], [-73.32697285799998, -1.8048632199999588], [-73.38333735799995, -1.7747107199999732], [-73.43159285799999, -1.7887019699999769], [-73.45928160799997, -1.7363965949999738], [-73.49994998299996, -1.7311950949999755], [-73.52953148299997, -1.7072672199999488], [-73.53666985799998, -1.6859092199999282], [-73.50366198299997, -1.6225774699999533], [-73.45734810799996, -1.5743219699999713], [-73.49029898299995, -1.5692965949999689], [-73.47841398299994, -1.5304250949999414], [-73.49510335799994, -1.5101477199999636], [-73.48901073299999, -1.4830418449999456], [-73.52630660799997, -1.4680038449999415], [-73.53432423299995, -1.432845719999932], [-73.58535835799995, -1.4230679699999769], [-73.55021685799994, -1.4068808449999324], [-73.57915660799995, -1.359577594999962], [-73.56978510799996, -1.3224257199999556], [-73.61080110799998, -1.319025844999942], [-73.62109373299995, -1.2595957199999361], [-73.64701173299994, -1.2671894699999484], [-73.68093160799998, -1.2380214699999783], [-73.73231448299998, -1.2456328449999319], [-73.74512498299998, -1.199662094999951], [-73.77433010799996, -1.2590918449999435], [-73.78815423299994, -1.2396797199999696], [-73.80961523299999, -1.2491152199999647], [-73.85713285799994, -1.23177934499995], [-73.90947023299998, -1.1216409699999303], [-73.96165435799998, -1.1290683449999506], [-73.95059173299995, -1.0979120949999697], [-73.96166985799994, -1.0826269699999784], [-73.98803698299997, -1.1031622199999447], [-74.01096898299994, -1.0928117199999292], [-74.02276873299996, -1.004879844999948], [-74.06391685899996, -1.052953094999964], [-74.26721773399998, -0.98235571999993], [-74.27829685899997, -0.899855468999931], [-74.31287310899995, -0.8953828439999256], [-74.31995310899998, -0.8796464689999652], [-74.30546485899998, -0.8651679689999696], [-74.26917185899998, -0.8792909689999533], [-74.26815035899995, -0.8470097189999706], [-74.24533010899995, -0.8184023439999351], [-74.28492773399995, -0.8248437189999436], [-74.28334185899996, -0.7778593439999781], [-74.31665823399999, -0.7930273439999382], [-74.31255273399995, -0.7562675939999508], [-74.34428323399999, -0.7590293439999414], [-74.37258985899996, -0.7347949689999496], [-74.37555660899994, -0.716988343999958], [-74.34537473399996, -0.7054382189999728], [-74.33756860899996, -0.6829348439999308], [-74.37282610899996, -0.6528867189999801], [-74.36093323399996, -0.623823343999959], [-74.38772335899995, -0.5907098439999459], [-74.39450560899996, -0.5419827189999751], [-74.42397485899994, -0.553460093999945], [-74.42295198399995, -0.49892446899997367], [-74.47640235899996, -0.4741034689999424], [-74.49756398399995, -0.4883387189999553], [-74.49896798399999, -0.46161634399993545], [-74.52794723399995, -0.4667460939999728], [-74.57622223399994, -0.39227596899996797], [-74.61505298399999, -0.3775063439999258], [-74.60933598399998, -0.35139459399994166], [-74.66130873399999, -0.37433009399995854], [-74.68386548399997, -0.3592603439999493], [-74.68191598399994, -0.3304218439999431], [-74.71064848399999, -0.35024421899993285], [-74.72667973399996, -0.3435605939999391], [-74.73147460899997, -0.29006296899996187], [-74.78245735899998, -0.20135746899995866], [-74.80898235899997, -0.18902146899995387], [-74.84808723399993, -0.2335840939999798], [-74.89228810899994, -0.23689634399994475], [-74.91067648399996, -0.20354584399996156], [-74.92825885899998, -0.22021471899995504], [-74.95861598399995, -0.19384221899997556], [-74.97280073399997, -0.1535253439999451], [-75.01689060899997, -0.14568559399992864], [-75.07736335899995, -0.08420484399994166]]]}}, {"id": "145", "type": "Feature", "properties": {"idProv": "MADRE DE DIOS - TAMBOPATA", "nombdep": "MADRE DE DIOS", "nombprov": "TAMBOPATA"}, "geometry": {"type": "Polygon", "coordinates": [[[-71.79122598099997, -11.078197603999968], [-71.86957923099999, -11.033672853999974], [-71.86181285599997, -11.053439478999962], [-71.89931385599994, -11.067012353999928], [-71.91185023099996, -11.040858853999964], [-71.94108160699994, -11.061758478999934], [-71.99972173199995, -11.054130853999936], [-72.05280335699996, -11.071338478999962], [-72.07878673199997, -11.054759353999941], [-72.09686998199999, -11.083569978999947], [-72.13850998199996, -11.083579978999978], [-72.16093998199995, -11.050529978999975], [-72.19048269799998, -11.04359849399998], [-72.18108923499994, -11.095538818999955], [-72.14815084599996, -11.087776177999956], [-72.12024623099995, -11.11810547899995], [-72.20678076499996, -11.172294632999979], [-72.18652348099994, -11.184888728999965], [-72.21888468299994, -11.29686068899997], [-72.20392760699997, -11.351706728999943], [-72.18589060699998, -11.352349603999926], [-72.18199998199998, -11.326910103999978], [-72.15930273199996, -11.319968728999982], [-72.11042160699998, -11.332562103999976], [-72.11280360699993, -11.366059603999929], [-72.09687373199995, -11.37759760399996], [-72.03598273199998, -11.383031603999939], [-72.00121985699997, -11.368962728999975], [-71.97689235699994, -11.38922047899996], [-71.93973335699997, -11.383403853999937], [-71.90533223099999, -11.35123922899993], [-71.85387498099993, -11.368154353999955], [-71.82613098099995, -11.315101978999962], [-71.79016073099996, -11.316228603999946], [-71.76383198099995, -11.340810603999955], [-71.75021098099995, -11.329896478999956], [-71.72156448099997, -11.33905072899995], [-71.68989648099995, -11.37445122899993], [-71.66002735599994, -11.352498103999949], [-71.64742973099999, -11.384800728999949], [-71.66284010599998, -11.421057728999926], [-71.59114060599995, -11.431128853999951], [-71.57872548099994, -11.469628728999965], [-71.55433773099998, -11.487068603999944], [-71.49441948099997, -11.48864135399998], [-71.46018073099998, -11.512510478999957], [-71.42424023099994, -11.503484353999966], [-71.39869935599995, -11.553065728999968], [-71.41098298099996, -11.579517478999946], [-71.38524798099996, -11.57637847899997], [-71.36751560599998, -11.61397935399998], [-71.33862248099996, -11.629689603999964], [-71.34200998099993, -11.647439978999955], [-71.31649998099994, -11.653069978999952], [-71.31758998099997, -11.68472997999993], [-71.24718998099996, -11.70863997999993], [-71.19719710599998, -11.763603479999972], [-71.15203785599994, -11.748106979999932], [-71.07770710599993, -11.775374729999953], [-71.04482885599998, -11.872941854999965], [-71.02138835599999, -11.865008854999928], [-71.02562598099996, -11.888993979999952], [-70.99130448099999, -11.91403960499997], [-70.95628035599998, -11.915888604999964], [-70.95201310599998, -11.929072104999932], [-70.89695385599998, -11.91571760499994], [-70.86042323099997, -11.965216729999952], [-70.82579147999996, -11.965785979999964], [-70.77917335499995, -11.998362854999982], [-70.73362672999997, -11.983593854999981], [-70.68347310499996, -12.007357354999954], [-70.67407997999999, -11.993687979999947], [-70.64560822999994, -12.001783604999957], [-70.64018060499995, -12.037473854999973], [-70.62101060499998, -12.051887104999935], [-70.60521660499995, -12.037256229999969], [-70.59817372999998, -12.069365104999974], [-70.56539160499995, -12.080937229999961], [-70.53452722999998, -12.119050354999956], [-70.49355347999995, -12.107096354999953], [-70.46099885499996, -12.14203047999996], [-70.37529797999997, -12.166629604999969], [-70.37410910499995, -12.19282885499996], [-70.34696022999998, -12.19826160499997], [-70.33866935499998, -12.230749854999942], [-70.33445347999998, -12.220107104999954], [-70.31615010499996, -12.228873229999977], [-70.31987760499999, -12.252937479999957], [-70.29373360499994, -12.29676797999997], [-70.28041735499994, -12.293271854999944], [-70.27409347999998, -12.344428604999962], [-70.24846360499998, -12.361652354999933], [-70.26374260499995, -12.423609479999982], [-70.24999135499996, -12.448189604999982], [-70.12561785499997, -12.513635604999934], [-70.10450660499998, -12.507334604999926], [-70.09676710499997, -12.54925647999994], [-70.09094647999996, -12.545108479999953], [-70.07888160499994, -12.54912285499995], [-70.09279747999994, -12.557441104999953], [-70.03940597999997, -12.590943229999937], [-70.03838835499994, -12.608708729999933], [-70.07687222999994, -12.640691354999944], [-70.13339660499997, -12.659120979999955], [-70.19585397999998, -12.720935354999938], [-70.24708197999996, -12.739453104999939], [-70.29147660499996, -12.84408035599995], [-70.32435960499998, -12.85993948099997], [-70.35479847999994, -12.916524605999939], [-70.36010972999998, -13.012258355999961], [-70.40286810499998, -13.114412855999944], [-69.64985997899998, -13.341719980999926], [-68.86798485399999, -12.998999355999956], [-68.87696435399994, -12.987792355999943], [-68.86385472899997, -12.973012230999927], [-68.87482972899994, -12.979880355999967], [-68.88216172899996, -12.957628730999943], [-68.87817097899995, -12.940760355999942], [-68.86021185399994, -12.947767605999957], [-68.87663047899997, -12.928677230999938], [-68.86130897899994, -12.926630855999974], [-68.87487272899995, -12.919232480999938], [-68.87054385399995, -12.870093355999927], [-68.83479885399998, -12.857838855999944], [-68.83937285399998, -12.823896605999948], [-68.82435097899997, -12.804832105999935], [-68.80763110399994, -12.808618230999969], [-68.81801522899997, -12.790763230999971], [-68.80395297899997, -12.756566480999936], [-68.72790747899995, -12.713389104999976], [-68.74237060399997, -12.707991854999932], [-68.71192822899997, -12.68011160499998], [-68.72830160399997, -12.671318354999926], [-68.71954735399999, -12.661224729999958], [-68.73380772899998, -12.667383729999926], [-68.74058560399993, -12.632759479999947], [-68.70141597899993, -12.579107354999962], [-68.69386347899996, -12.586605729999974], [-68.69148135299997, -12.557262229999935], [-68.67447897799997, -12.552973604999977], [-68.68137735299996, -12.52535697999997], [-68.65551997799997, -12.53459335499997], [-68.65227910299996, -12.502740354999958], [-68.97281997899995, -11.909419979999939], [-69.01876997899996, -11.919909979999943], [-69.08201997899994, -11.90610997999994], [-69.11580997899995, -11.93183997999995], [-69.23580997899995, -11.882609979999927], [-69.28178997899994, -11.904909979999957], [-69.33612997899996, -11.908039979999955], [-69.41395997899997, -11.866759979999927], [-69.46737997899999, -11.872339979999936], [-69.62660997899997, -11.760219979999931], [-69.69420997899994, -11.769679979999978], [-69.72502997899994, -11.80623997999993], [-69.82938997999997, -11.789849979999929], [-69.89705997999994, -11.760729979999951], [-69.92293997999997, -11.726989979999928], [-69.93648997999998, -11.735249979999935], [-69.96077997999998, -11.709579979999944], [-69.99570997999996, -11.701409979999937], [-70.03098997999996, -11.709979979999957], [-70.07735997999998, -11.670219979999956], [-70.11581997999997, -11.666599978999955], [-70.17805997999994, -11.626519978999966], [-70.24004997999998, -11.558439978999957], [-70.28986997999993, -11.461189978999926], [-70.41312185499999, -11.43089260399995], [-70.47570872999995, -11.35250810399998], [-70.76881660499998, -11.384337603999938], [-70.79423322999997, -11.34116535399994], [-70.79355722999998, -11.360993978999943], [-70.81861335499997, -11.347699853999927], [-70.81266485499998, -11.324311103999946], [-70.87603310599997, -11.31237922899993], [-70.86722610599998, -11.27297122899995], [-70.91108398099993, -11.294168103999937], [-70.90743810599997, -11.276796728999955], [-70.92392085599994, -11.290399603999958], [-70.93158023099994, -11.275632478999967], [-70.94233385599995, -11.29095110399993], [-71.00127985599994, -11.253726853999979], [-71.01494398099999, -11.264235478999979], [-71.01844973099998, -11.245736103999945], [-71.03688685599997, -11.260168603999944], [-71.03409785599996, -11.245325728999944], [-71.05855435599995, -11.237877728999933], [-71.06831573099998, -11.251556978999929], [-71.06865685599996, -11.235466353999982], [-71.09139985599995, -11.229951228999937], [-71.09543673099995, -11.24098147899997], [-71.10078135599997, -11.220285353999941], [-71.12078060599998, -11.239414228999976], [-71.13329948099994, -11.221095103999971], [-71.15585235599997, -11.22670372899995], [-71.16134285599998, -11.20973010399996], [-71.17707685599999, -11.229242478999936], [-71.22016848099997, -11.200295978999975], [-71.23626285599994, -11.218710353999938], [-71.24696585599997, -11.180356853999967], [-71.26217023099997, -11.193261603999929], [-71.27836485599994, -11.179750103999936], [-71.31110535599998, -11.185882978999928], [-71.30992335599996, -11.168985728999928], [-71.33135710599998, -11.171167103999949], [-71.33595285599995, -11.15500910399993], [-71.37208198099995, -11.164689228999976], [-71.37472198099994, -11.178524978999974], [-71.38391323099995, -11.148555728999952], [-71.43748985599996, -11.139412103999973], [-71.43961635599999, -11.123068603999968], [-71.45109923099994, -11.132303603999958], [-71.44238073099996, -11.103201353999964], [-71.47464223099996, -11.106269728999962], [-71.49226160599994, -11.090290728999946], [-71.49684860599996, -11.10666447899996], [-71.52765885599996, -11.085642853999957], [-71.53945573099998, -11.099967478999929], [-71.54608685599999, -11.081612853999957], [-71.55803010599993, -11.093336353999973], [-71.56942398099994, -11.083481353999957], [-71.58396848099994, -11.104070728999943], [-71.59532560599996, -11.090295603999948], [-71.63000410599994, -11.10556222899993], [-71.63780148099994, -11.088960603999965], [-71.67993735599998, -11.107242478999979], [-71.72409660599999, -11.064515103999952], [-71.75161848099998, -11.086745478999944], [-71.75609585599994, -11.072968853999953], [-71.79122598099997, -11.078197603999968]]]}}, {"id": "146", "type": "Feature", "properties": {"idProv": "MADRE DE DIOS - MANU", "nombdep": "MADRE DE DIOS", "nombprov": "MANU"}, "geometry": {"type": "Polygon", "coordinates": [[[-71.82350185599995, -11.316395478999937], [-71.85387498099993, -11.368154353999955], [-71.90533223099999, -11.35123922899993], [-71.93973335699997, -11.383403853999937], [-71.97689235699994, -11.38922047899996], [-72.00121985699997, -11.368962728999975], [-72.03598273199998, -11.383031603999939], [-72.09687373199995, -11.37759760399996], [-72.11280360699993, -11.366059603999929], [-72.11042160699998, -11.332562103999976], [-72.15930273199996, -11.319968728999982], [-72.18199998199998, -11.326910103999978], [-72.19050023199998, -11.35522960399993], [-72.23925835699998, -11.345060979999971], [-72.24789448199994, -11.385005853999928], [-72.29255073199994, -11.433273103999966], [-72.30789448199994, -11.587537103999978], [-72.35562310699999, -11.635025353999936], [-72.37564235699995, -11.633173728999964], [-72.42873873199994, -11.708971854999959], [-72.42332685699995, -11.737818354999945], [-72.37076798199996, -11.784967354999935], [-72.39075685699999, -11.827556854999955], [-72.33183973199993, -11.85608622999996], [-72.34751423199998, -11.891267479999954], [-72.34048973199998, -11.965767729999982], [-72.28622173199994, -11.975316354999961], [-72.28154448199996, -11.995797229999937], [-72.25916460699995, -12.005723479999972], [-72.26893285699998, -12.054375354999934], [-72.17373298199993, -12.059810354999968], [-72.09444660699995, -12.085190979999936], [-72.08755860699995, -12.142690354999957], [-72.10561135699999, -12.238792979999971], [-72.04335885699999, -12.254884354999945], [-72.02893573199998, -12.287234354999953], [-71.94589035699994, -12.330223604999958], [-71.96717898199995, -12.347641979999935], [-71.97664685699993, -12.399453729999948], [-72.06055760699996, -12.438361479999969], [-72.07896160699994, -12.498627229999954], [-72.02883198199999, -12.526371729999937], [-71.98139610699997, -12.58049047999998], [-71.98421298199997, -12.608166604999951], [-71.96530548199996, -12.614533104999964], [-71.95613235699994, -12.654458229999932], [-71.97859548199995, -12.68333135499995], [-71.91778210699994, -12.698914479999928], [-71.90035160599996, -12.733355479999943], [-71.81223998099995, -12.743859980999957], [-71.79950998099997, -12.765559980999967], [-71.76465998099997, -12.767459980999945], [-71.74755998099994, -12.79615998099996], [-71.70808998099994, -12.772919980999973], [-71.69496998099999, -12.738789979999979], [-71.63895998099997, -12.709439979999956], [-71.55270098099999, -12.708705104999979], [-71.54659135599996, -12.73541647999997], [-71.51313573099998, -12.744386730999963], [-71.44648285599999, -12.827215980999938], [-71.44887223099994, -12.863340605999952], [-71.41636723099998, -12.894062480999935], [-71.39684285599998, -12.882633105999957], [-71.37505835599995, -12.900546105999979], [-71.35898873099995, -12.880754230999969], [-71.27100998099996, -12.962489980999976], [-71.16206310599995, -12.966768480999974], [-71.17939510599996, -12.998342230999981], [-71.16652973099997, -13.017670230999954], [-71.17379885599996, -13.055007855999975], [-71.13153660599994, -13.220017105999943], [-71.03626123099997, -13.27049485599997], [-71.01200198099997, -13.264962855999954], [-70.97723623099995, -13.169682980999937], [-70.94219023099998, -13.156498855999928], [-70.92139285599995, -13.110830980999935], [-70.88729110599996, -13.103364480999971], [-70.89926623099996, -13.06968485599998], [-70.86311035599994, -13.080324355999949], [-70.81735347999995, -13.069851480999944], [-70.75994122999998, -13.108095980999963], [-70.62782172999994, -13.09231660599994], [-70.58608572999998, -13.104141855999956], [-70.54942522999994, -13.15317098099996], [-70.46424772999995, -13.15969060599997], [-70.38846997999997, -13.192389980999963], [-70.38557685499995, -13.167038980999962], [-70.40122710499998, -13.153229980999981], [-70.38966210499996, -13.131538355999965], [-70.41769510499995, -13.133089980999955], [-70.36010972999998, -13.012258355999961], [-70.35528572999993, -12.917823730999942], [-70.33784572999997, -12.877972730999943], [-70.29147660499996, -12.84408035599995], [-70.24708197999996, -12.739453104999939], [-70.19585397999998, -12.720935354999938], [-70.13339660499997, -12.659120979999955], [-70.07687222999994, -12.640691354999944], [-70.03745347999995, -12.596910854999976], [-70.09279747999994, -12.557441104999953], [-70.07888160499994, -12.54912285499995], [-70.09676710499997, -12.54925647999994], [-70.10450660499998, -12.507334604999926], [-70.12561785499997, -12.513635604999934], [-70.24999135499996, -12.448189604999982], [-70.26374260499995, -12.423609479999982], [-70.24846360499998, -12.361652354999933], [-70.27409347999998, -12.344428604999962], [-70.28041735499994, -12.293271854999944], [-70.29373360499994, -12.29676797999997], [-70.31987760499999, -12.252937479999957], [-70.31615010499996, -12.228873229999977], [-70.33445347999998, -12.220107104999954], [-70.33866935499998, -12.230749854999942], [-70.34696022999998, -12.19826160499997], [-70.37364260499999, -12.193596354999954], [-70.37424447999996, -12.16768310499998], [-70.39444072999999, -12.166825229999972], [-70.39684622999994, -12.153259229999946], [-70.43682910499996, -12.154019854999945], [-70.49355347999995, -12.107096354999953], [-70.53452722999998, -12.119050354999956], [-70.56539160499995, -12.080937229999961], [-70.59817372999998, -12.069365104999974], [-70.60521660499995, -12.037256229999969], [-70.62101060499998, -12.051887104999935], [-70.64018060499995, -12.037473854999973], [-70.64560822999994, -12.001783604999957], [-70.67407997999999, -11.993687979999947], [-70.68347310499996, -12.007357354999954], [-70.73362672999997, -11.983593854999981], [-70.77917335499995, -11.998362854999982], [-70.82579147999996, -11.965785979999964], [-70.86042323099997, -11.965216729999952], [-70.89695385599998, -11.91571760499994], [-70.95201310599998, -11.929072104999932], [-70.95628035599998, -11.915888604999964], [-70.99130448099999, -11.91403960499997], [-71.02562598099996, -11.888993979999952], [-71.02138835599999, -11.865008854999928], [-71.04482885599998, -11.872941854999965], [-71.07770710599993, -11.775374729999953], [-71.15203785599994, -11.748106979999932], [-71.19719710599998, -11.763603479999972], [-71.24718998099996, -11.70863997999993], [-71.31758998099997, -11.68472997999993], [-71.31649998099994, -11.653069978999952], [-71.34200998099993, -11.647439978999955], [-71.33862248099996, -11.629689603999964], [-71.36751560599998, -11.61397935399998], [-71.38524798099996, -11.57637847899997], [-71.41098298099996, -11.579517478999946], [-71.39869935599995, -11.553065728999968], [-71.42424023099994, -11.503484353999966], [-71.46018073099998, -11.512510478999957], [-71.49441948099997, -11.48864135399998], [-71.55433773099998, -11.487068603999944], [-71.57872548099994, -11.469628728999965], [-71.59114060599995, -11.431128853999951], [-71.66469848099996, -11.419385103999957], [-71.64742973099999, -11.384800728999949], [-71.66002735599994, -11.352498103999949], [-71.68989648099995, -11.37445122899993], [-71.72156448099997, -11.33905072899995], [-71.75021098099995, -11.329896478999956], [-71.76383198099995, -11.340810603999955], [-71.79016073099996, -11.316228603999946], [-71.82350185599995, -11.316395478999937]]]}}, {"id": "147", "type": "Feature", "properties": {"idProv": "MADRE DE DIOS - TAHUAMANU", "nombdep": "MADRE DE DIOS", "nombprov": "TAHUAMANU"}, "geometry": {"type": "Polygon", "coordinates": [[[-70.61375385499997, -11.000167978999968], [-70.61380449399996, -9.873393332999967], [-70.63953932499999, -9.884375986999942], [-70.64852147999994, -9.951576227999965], [-70.66762748099995, -9.970693102999974], [-70.65689285499997, -9.99972947799995], [-70.67231835499996, -10.023134727999945], [-70.65205855199997, -10.040059991999954], [-70.64989978199998, -10.07947457399996], [-70.69817385499994, -10.11803122799995], [-70.70644335599997, -10.161357477999957], [-70.80320133399994, -10.25115440899998], [-70.88083327499999, -10.261970186999974], [-70.87399258499994, -10.300695979999944], [-70.88945882099995, -10.33513861299997], [-70.96801200599998, -10.33555137199994], [-70.95841480199994, -10.38957678199995], [-71.00497245999998, -10.430818518999956], [-71.02453348099993, -10.47820010299995], [-71.12851435499994, -10.504735852999943], [-71.14680014699996, -10.530984022999974], [-71.16457085599995, -10.531261477999976], [-71.16529310599998, -10.569643852999945], [-71.19621285599999, -10.579861352999956], [-71.22080273099994, -10.636734352999952], [-71.20629098099994, -10.652160103999961], [-71.23131265299997, -10.685238530999982], [-71.21553682699994, -10.714948481999954], [-71.22156377299996, -10.776698440999951], [-71.25872332499995, -10.784934501999942], [-71.27272701199996, -10.852818727999932], [-71.30833698099997, -10.877813853999953], [-71.35521810599994, -10.950616728999933], [-71.50813248099996, -10.966092228999969], [-71.53197710599994, -10.952138478999927], [-71.66171910599996, -10.983183852999957], [-71.70169398199994, -10.97383860399998], [-71.71600260599996, -10.997850227999947], [-71.72928285599994, -10.98367572899997], [-71.78022848099994, -10.987814478999951], [-71.82846250099993, -11.011867835999965], [-71.84700848899996, -10.995678519999956], [-71.93837658099994, -11.003895174999968], [-72.01083257099998, -10.987746869999967], [-72.05441310699996, -11.011073603999932], [-72.12503458999998, -10.99562352099997], [-72.12793021099998, -10.979842446999953], [-72.15825022699994, -11.005287898999939], [-72.17851063699999, -10.999393961999942], [-72.17760889599998, -11.04067454799997], [-72.13850998199996, -11.083579978999978], [-72.09686998199999, -11.083569978999947], [-72.07878673199997, -11.054759353999941], [-72.05280335699996, -11.071338478999962], [-71.99972173199995, -11.054130853999936], [-71.94108160699994, -11.061758478999934], [-71.91246623099994, -11.040837228999976], [-71.89810410599995, -11.066818978999947], [-71.86181285599997, -11.053439478999962], [-71.86916785599993, -11.033527728999957], [-71.79122598099997, -11.078197603999968], [-71.75609585599994, -11.072968853999953], [-71.75262035599997, -11.086557478999964], [-71.72409660599999, -11.064515103999952], [-71.67993735599998, -11.107242478999979], [-71.63780148099994, -11.088960603999965], [-71.63000410599994, -11.10556222899993], [-71.59532560599996, -11.090295603999948], [-71.58396848099994, -11.104070728999943], [-71.56942398099994, -11.083481353999957], [-71.55803010599993, -11.093336353999973], [-71.54608685599999, -11.081612853999957], [-71.53945573099998, -11.099967478999929], [-71.52765885599996, -11.085642853999957], [-71.49684860599996, -11.10666447899996], [-71.49226160599994, -11.090290728999946], [-71.47464223099996, -11.106269728999962], [-71.44238073099996, -11.103201353999964], [-71.45109923099994, -11.132303603999958], [-71.43961635599999, -11.123068603999968], [-71.43748985599996, -11.139412103999973], [-71.38391323099995, -11.148555728999952], [-71.37472198099994, -11.178524978999974], [-71.37208198099995, -11.164689228999976], [-71.33595285599995, -11.15500910399993], [-71.33135710599998, -11.171167103999949], [-71.30992335599996, -11.168985728999928], [-71.31110535599998, -11.185882978999928], [-71.27836485599994, -11.179750103999936], [-71.26217023099997, -11.193261603999929], [-71.24696585599997, -11.180356853999967], [-71.23626285599994, -11.218710353999938], [-71.22016848099997, -11.200295978999975], [-71.17707685599999, -11.229242478999936], [-71.16134285599998, -11.20973010399996], [-71.15585235599997, -11.22670372899995], [-71.13329948099994, -11.221095103999971], [-71.12078060599998, -11.239414228999976], [-71.10078135599997, -11.220285353999941], [-71.09543673099995, -11.24098147899997], [-71.09139985599995, -11.229951228999937], [-71.06865685599996, -11.235466353999982], [-71.06831573099998, -11.251556978999929], [-71.05855435599995, -11.237877728999933], [-71.03409785599996, -11.245325728999944], [-71.03688685599997, -11.260168603999944], [-71.01844973099998, -11.245736103999945], [-71.01494398099999, -11.264235478999979], [-71.00127985599994, -11.253726853999979], [-70.94233385599995, -11.29095110399993], [-70.93158023099994, -11.275632478999967], [-70.92392085599994, -11.290399603999958], [-70.90743810599997, -11.276796728999955], [-70.91108398099993, -11.294168103999937], [-70.86487223099994, -11.273803228999952], [-70.87603310599997, -11.31237922899993], [-70.81266485499998, -11.324311103999946], [-70.81861335499997, -11.347699853999927], [-70.79355722999998, -11.360993978999943], [-70.79423322999997, -11.34116535399994], [-70.76881660499998, -11.384337603999938], [-70.47636210499996, -11.352315978999968], [-70.41312185499999, -11.43089260399995], [-70.28986997999993, -11.461189978999926], [-70.24004997999998, -11.558439978999957], [-70.17805997999994, -11.626519978999966], [-70.11581997999997, -11.666599978999955], [-70.07735997999998, -11.670219979999956], [-70.03098997999996, -11.709979979999957], [-69.99570997999996, -11.701409979999937], [-69.96077997999998, -11.709579979999944], [-69.93648997999998, -11.735249979999935], [-69.92293997999997, -11.726989979999928], [-69.86071997999994, -11.779279979999956], [-69.72502997899994, -11.80623997999993], [-69.69420997899994, -11.769679979999978], [-69.62660997899997, -11.760219979999931], [-69.46737997899999, -11.872339979999936], [-69.41395997899997, -11.866759979999927], [-69.33612997899996, -11.908039979999955], [-69.28178997899994, -11.904909979999957], [-69.23580997899995, -11.882609979999927], [-69.11580997899995, -11.93183997999995], [-69.08201997899994, -11.90610997999994], [-68.97089997899997, -11.914099979999946], [-69.10344722899998, -11.68134772999997], [-69.57698710399995, -10.941247103999956], [-69.73764085399995, -10.974966603999974], [-69.76953772999997, -10.929936978999933], [-69.85827197999998, -10.934337353999979], [-69.90122172999997, -10.920561103999944], [-69.92067810499998, -10.933814978999976], [-69.93330085499997, -10.922221728999943], [-70.06458710499999, -10.993875353999954], [-70.09284972999995, -10.98711697899995], [-70.15826810499993, -11.041872228999978], [-70.24154147999997, -11.047062353999934], [-70.30842997999997, -11.070589978999976], [-70.43775997999995, -11.038799978999975], [-70.45173997999996, -10.996759978999933], [-70.52166997999996, -10.934209978999945], [-70.61375385499997, -11.000167978999968]]]}}, {"id": "148", "type": "Feature", "properties": {"idProv": "MOQUEGUA - MARISCAL NIETO", "nombdep": "MOQUEGUA", "nombprov": "MARISCAL NIETO"}, "geometry": {"type": "Polygon", "coordinates": [[[-70.31293947999995, -16.461577983999973], [-70.35974810499994, -16.47763860899994], [-70.39663272999996, -16.52376335899993], [-70.43121635499995, -16.525842483999952], [-70.47041997999997, -16.556379983999932], [-70.57636997999998, -16.56574998399998], [-70.60331997999998, -16.547969983999963], [-70.63371997999997, -16.557849983999972], [-70.68067997999998, -16.546389983999973], [-70.69964997999995, -16.569279983999934], [-70.72784372999996, -16.572841858999936], [-70.70318560499999, -16.598640608999972], [-70.72926997999997, -16.62582998399995], [-70.76370997999999, -16.63418998399993], [-70.77918310499996, -16.71990035899995], [-70.82647697999994, -16.761972483999955], [-70.95574998099994, -16.778269983999962], [-71.06091573099997, -16.758603733999962], [-71.15488998099994, -16.87003998399996], [-71.16459998099998, -16.90418998399997], [-71.19460998099999, -16.90253998399993], [-71.30367998099996, -16.958199983999975], [-71.34068998099997, -16.944379983999966], [-71.35519998099994, -16.97766998399993], [-71.39091998099997, -16.980489983999973], [-71.38538360599995, -17.02094835899993], [-71.33942410599997, -17.021758983999973], [-71.31905360599995, -17.041454359999932], [-71.32469185599996, -17.06030848499995], [-71.30284123099995, -17.097396859999947], [-71.44095610599999, -17.25171660999996], [-71.38541210599993, -17.265072234999934], [-71.39548660599996, -17.304518359999975], [-71.36621098099994, -17.314355484999965], [-71.37633548099996, -17.351283859999967], [-71.34475785599994, -17.388345734999973], [-71.31984760599994, -17.392042984999932], [-71.33068235599995, -17.398049234999974], [-71.31154685599995, -17.44956448499994], [-71.27624410599998, -17.427080109999963], [-71.17356060599997, -17.453484359999948], [-71.14448635599996, -17.436759609999967], [-71.11588998099995, -17.474819984999954], [-71.07395123099997, -17.48746673499994], [-71.07254885599997, -17.525802859999942], [-71.03778910599993, -17.555331984999953], [-71.02277610599998, -17.59774248499997], [-70.99454498099993, -17.621972609999943], [-70.90781498099994, -17.64721960999998], [-70.87995998099996, -17.555669984999952], [-70.73671997999998, -17.40827998499998], [-70.75240410499998, -17.38057335999997], [-70.74670285499997, -17.351353609999933], [-70.70565222999994, -17.291179734999957], [-70.71591710499996, -17.273652109999944], [-70.68409072999998, -17.224264734999963], [-70.55505047999998, -17.197663234999936], [-70.49131360499996, -17.09020848499995], [-70.44873935499999, -17.080669109999974], [-70.43920122999998, -17.050363234999963], [-70.46315847999995, -17.004367483999943], [-70.44319922999995, -16.964277358999936], [-70.46501685499999, -16.94443410899993], [-70.44157422999996, -16.892404358999954], [-70.44068935499996, -16.840046858999926], [-70.35608597999999, -16.790263608999965], [-70.26657497999997, -16.77083348399998], [-70.24730047999998, -16.80246485899994], [-70.18130072999998, -16.817874983999957], [-70.18406722999998, -16.83468748399997], [-70.24376760499996, -16.86024223399994], [-70.25936460499997, -16.903654108999945], [-70.24718185499995, -16.952443983999956], [-70.22703335499995, -16.95935535899997], [-70.19253497999995, -16.94102260899996], [-70.17368935499996, -16.912232358999972], [-70.14837222999995, -16.921869733999927], [-70.14662497999996, -16.93873048399996], [-70.11634972999997, -16.922163483999952], [-70.09427885499997, -16.890924858999938], [-70.09031385499998, -16.810854733999975], [-70.05781635499994, -16.78781248399997], [-70.03554197999995, -16.74288973399996], [-69.99556310499997, -16.729775983999957], [-70.01176672999998, -16.688483858999973], [-70.00147172999993, -16.656573983999976], [-70.04861160499996, -16.627707983999926], [-70.08784510499999, -16.655232233999982], [-70.16570597999998, -16.61332410899996], [-70.18477797999998, -16.53760860899996], [-70.31293947999995, -16.461577983999973]]]}}, {"id": "149", "type": "Feature", "properties": {"idProv": "MOQUEGUA - GENERAL SANCHEZ CERRO", "nombdep": "MOQUEGUA", "nombprov": "GENERAL SANCHEZ CERRO"}, "geometry": {"type": "Polygon", "coordinates": [[[-70.77596997999996, -16.013399983999932], [-70.82019810499997, -15.978467983999963], [-70.82910160499995, -15.995490108999945], [-70.80451197999997, -16.05513398399995], [-70.85673523099996, -16.05633735899994], [-70.89570610599998, -16.106281233999937], [-70.86711123099997, -16.128484733999926], [-70.87859348099994, -16.166616483999974], [-70.85388948099995, -16.196687733999966], [-70.86695860599997, -16.224584608999976], [-70.84447473099993, -16.235877983999956], [-70.88080598099998, -16.28454398399998], [-70.91578673099997, -16.28240010899998], [-70.94361110599993, -16.314405483999963], [-70.98628998099997, -16.309949983999957], [-70.95543673099996, -16.471626233999928], [-71.01256560599995, -16.49857898399995], [-71.03725785599994, -16.485685608999972], [-71.04719548099996, -16.454402983999955], [-71.12472535599994, -16.46107298399994], [-71.13951873099995, -16.474973733999946], [-71.24210360599994, -16.463064233999944], [-71.23749548099994, -16.514591233999965], [-71.26040648099996, -16.605201733999934], [-71.27915185599994, -16.615821858999936], [-71.28909298099995, -16.726457608999965], [-71.32717135599995, -16.752445233999936], [-71.36943048099994, -16.719676983999932], [-71.42549998099997, -16.740639983999927], [-71.44419485599997, -16.815699733999963], [-71.42406235599998, -16.919297608999955], [-71.45984998099993, -16.937359983999954], [-71.46137998099994, -16.959732108999958], [-71.41009523099996, -16.954349483999977], [-71.39091998099997, -16.980489983999973], [-71.35640998099996, -16.978289983999957], [-71.34399998099997, -16.94552998399996], [-71.30367998099996, -16.958199983999975], [-71.19460998099999, -16.90253998399993], [-71.16870998099995, -16.906739983999955], [-71.15488998099994, -16.87003998399996], [-71.06091573099997, -16.758603733999962], [-70.95574998099994, -16.778269983999962], [-70.82647697999994, -16.761972483999955], [-70.77918310499996, -16.71990035899995], [-70.76370997999999, -16.63418998399993], [-70.72926997999997, -16.62582998399995], [-70.70318560499999, -16.598640608999972], [-70.72784372999996, -16.572841858999936], [-70.69964997999995, -16.569279983999934], [-70.68067997999998, -16.546389983999973], [-70.63371997999997, -16.557849983999972], [-70.60331997999998, -16.547969983999963], [-70.57636997999998, -16.56574998399998], [-70.47041997999997, -16.556379983999932], [-70.43121635499995, -16.525842483999952], [-70.39663272999996, -16.52376335899993], [-70.35974810499994, -16.47763860899994], [-70.31293947999995, -16.461577983999973], [-70.30631385499998, -16.44720560899998], [-70.32505172999998, -16.417524983999954], [-70.36088760499996, -16.41083135899993], [-70.35655372999997, -16.40027060899996], [-70.38237347999996, -16.385425733999966], [-70.34561072999998, -16.348139483999944], [-70.34513485499997, -16.25610198399994], [-70.32452860499995, -16.215912983999942], [-70.33459660499994, -16.201568108999936], [-70.36227935499994, -16.206498608999937], [-70.40194210499993, -16.149029733999953], [-70.40322872999997, -16.08723135899993], [-70.43428222999995, -16.061878358999934], [-70.44012472999998, -16.03675148399998], [-70.46577897999998, -16.050369108999973], [-70.50732422999994, -16.03814448399993], [-70.56288997999997, -15.982499983999958], [-70.62476997999994, -16.003019983999934], [-70.64081997999995, -15.98763998399994], [-70.72210997999997, -16.034189983999966], [-70.77596997999996, -16.013399983999932]]]}}, {"id": "150", "type": "Feature", "properties": {"idProv": "MOQUEGUA - ILO", "nombdep": "MOQUEGUA", "nombprov": "ILO"}, "geometry": {"type": "Polygon", "coordinates": [[[-71.38541210599993, -17.265072234999934], [-71.46554998099998, -17.25450273499996], [-71.49079685599997, -17.28500710999998], [-71.47253710599995, -17.297158234999927], [-71.47688473099998, -17.322810484999934], [-71.44471473099998, -17.332236359999968], [-71.43279098099998, -17.366648484999928], [-71.39435548099993, -17.389412109999967], [-71.36295310599996, -17.48878510999998], [-71.36554685599998, -17.545363234999968], [-71.34149999999994, -17.636894535999943], [-71.38137645399996, -17.707347609999943], [-71.34918895399994, -17.693449234999946], [-71.19115970299998, -17.777347609999936], [-71.13944148099995, -17.821482859999946], [-71.08219135599995, -17.71668360999996], [-71.01711323099994, -17.709210859999928], [-70.99299623099995, -17.67911910999993], [-70.91249998099994, -17.687369984999975], [-70.90781498099994, -17.64721960999998], [-70.99454498099993, -17.621972609999943], [-71.02277610599998, -17.59774248499997], [-71.03778910599993, -17.555331984999953], [-71.07254885599997, -17.525802859999942], [-71.07395123099997, -17.48746673499994], [-71.11588998099995, -17.474819984999954], [-71.14219773099995, -17.437916234999932], [-71.17356060599997, -17.453484359999948], [-71.27624410599998, -17.427080109999963], [-71.31154685599995, -17.44956448499994], [-71.33068235599995, -17.398049234999974], [-71.31984760599994, -17.392042984999932], [-71.34475785599994, -17.388345734999973], [-71.37633548099996, -17.351283859999967], [-71.36621098099994, -17.314355484999965], [-71.39548660599996, -17.304518359999975], [-71.38541210599993, -17.265072234999934]]]}}, {"id": "151", "type": "Feature", "properties": {"idProv": "PASCO - PASCO", "nombdep": "PASCO", "nombprov": "PASCO"}, "geometry": {"type": "Polygon", "coordinates": [[[-75.85878898499999, -10.310624977999964], [-75.92441010999994, -10.35603122799995], [-75.92953898499997, -10.415179602999956], [-75.97581010999994, -10.479336352999951], [-76.00279098499993, -10.488890727999944], [-76.01133473499993, -10.454897477999964], [-76.05703710999995, -10.465419977999943], [-76.07828323499996, -10.451988227999948], [-76.07826873499994, -10.434153727999956], [-76.17194923499994, -10.411546852999948], [-76.20716998499995, -10.388709977999952], [-76.20416985999998, -10.376865227999929], [-76.23088861099995, -10.371790977999979], [-76.22632998599994, -10.396929977999946], [-76.26947686099999, -10.368988227999978], [-76.28528748599996, -10.416419977999965], [-76.30556998599997, -10.414149977999955], [-76.24512323599998, -10.48086060299994], [-76.25363823599997, -10.498477227999956], [-76.23841998599994, -10.538439977999928], [-76.27126998599994, -10.560489977999964], [-76.29316998599995, -10.60163997899997], [-76.33454561099995, -10.590112352999938], [-76.36253998599994, -10.627289978999954], [-76.37308998599997, -10.620089978999943], [-76.41960998599995, -10.653169978999927], [-76.45636298599999, -10.647425478999935], [-76.50688798599998, -10.746511603999977], [-76.53851048599995, -10.704351728999939], [-76.57305048599994, -10.708986228999947], [-76.59432648599994, -10.67694397899993], [-76.65565536099996, -10.646781853999926], [-76.67067286099996, -10.67871660399993], [-76.62784886099996, -10.765960478999943], [-76.62653923599999, -10.799721603999956], [-76.60157673599997, -10.815868353999974], [-76.58058298599997, -10.866905978999966], [-76.56499411099998, -10.96524610399996], [-76.58160348599995, -10.984984353999948], [-76.57789173599997, -11.015941978999933], [-76.53299023599999, -11.03412697899995], [-76.49352348599996, -11.088599603999967], [-76.44680661099994, -11.07124735399998], [-76.38949611099997, -11.070988228999965], [-76.35095898599997, -11.09419335399997], [-76.33550973599995, -11.082533228999978], [-76.31807023599998, -11.091642603999958], [-76.30790036099995, -11.132664103999957], [-76.22715998599995, -11.155769978999956], [-76.21462998599998, -11.15031010399997], [-76.25014998599994, -11.105199978999963], [-76.23957036099995, -11.049199103999968], [-76.25966786099997, -11.027401853999947], [-76.28054298599994, -10.913191353999935], [-76.20979686099997, -10.918966728999976], [-76.19090423499995, -10.96031047899993], [-76.14623823499994, -10.945814478999978], [-76.12292998499998, -10.962639853999974], [-76.08213998499997, -10.895139978999964], [-76.04550998499997, -10.88073997899994], [-75.99476098499997, -10.820957353999972], [-75.93714648499997, -10.871507853999958], [-75.93592385999995, -10.889722603999928], [-75.87606998499996, -10.867495228999928], [-75.83696798499994, -10.886036728999954], [-75.78914060999995, -10.82527147899998], [-75.75857023499998, -10.830089853999937], [-75.73280685999998, -10.809264478999978], [-75.69325260999994, -10.817219353999974], [-75.67854873499994, -10.840179603999957], [-75.59005023499998, -10.81133972899994], [-75.56835423499996, -10.72744135399995], [-75.55366010999995, -10.745249978999937], [-75.52186910999995, -10.739031228999977], [-75.51155248499998, -10.68280335399993], [-75.54851685999995, -10.673149603999946], [-75.54310110999995, -10.63941897899997], [-75.58118148499995, -10.649152103999938], [-75.61236648499994, -10.620555228999933], [-75.65242448499998, -10.630697353999949], [-75.67836810999995, -10.611930603999951], [-75.66098373499995, -10.552245852999931], [-75.67653785999994, -10.518432977999964], [-75.66482048499995, -10.47040560299996], [-75.69278085999997, -10.441097727999932], [-75.76683060999994, -10.432477477999953], [-75.79798735999998, -10.437441727999953], [-75.80821510999994, -10.457376852999971], [-75.81916235999995, -10.439646727999957], [-75.86989635999998, -10.45537335299997], [-75.85536910999997, -10.405929602999947], [-75.85878898499999, -10.310624977999964]]]}}, {"id": "152", "type": "Feature", "properties": {"idProv": "PASCO - DANIEL ALCIDES CARRION", "nombdep": "PASCO", "nombprov": "DANIEL ALCIDES CARRION"}, "geometry": {"type": "Polygon", "coordinates": [[[-76.33816998599997, -10.286789977999945], [-76.36449998599994, -10.299469977999934], [-76.38721998599993, -10.289289977999942], [-76.42493998599997, -10.319219977999978], [-76.49397611099994, -10.310531227999945], [-76.47280436099999, -10.337767602999975], [-76.49094111099998, -10.378896477999945], [-76.55824373599995, -10.393429727999944], [-76.57925361099996, -10.37587485299997], [-76.59335898599994, -10.401493977999962], [-76.69681998599998, -10.442486352999936], [-76.72915071799997, -10.479066057999944], [-76.70371970099995, -10.588593548999938], [-76.68586230799997, -10.581457149999949], [-76.65565536099996, -10.646781853999926], [-76.59432648599994, -10.67694397899993], [-76.57305048599994, -10.708986228999947], [-76.53851048599995, -10.704351728999939], [-76.51331786099996, -10.744749228999979], [-76.45636298599999, -10.647425478999935], [-76.41960998599995, -10.653169978999927], [-76.37308998599997, -10.620089978999943], [-76.36253998599994, -10.627289978999954], [-76.33454561099995, -10.590112352999938], [-76.29316998599995, -10.60163997899997], [-76.27126998599994, -10.560489977999964], [-76.23823998599994, -10.538019977999966], [-76.25363823599997, -10.498477227999956], [-76.24512323599998, -10.48086060299994], [-76.28333336099996, -10.452196477999962], [-76.30884998599998, -10.406899977999956], [-76.33816998599997, -10.286789977999945]]]}}, {"id": "153", "type": "Feature", "properties": {"idProv": "PASCO - OXAPAMPA", "nombdep": "PASCO", "nombprov": "OXAPAMPA"}, "geometry": {"type": "Polygon", "coordinates": [[[-74.68004760899998, -9.447271976999957], [-74.72882073399995, -9.472412101999964], [-74.75052285899994, -9.524607102999937], [-74.73559373399996, -9.574445227999945], [-74.77248573399999, -9.612379102999967], [-74.76481485899996, -9.635716102999936], [-74.78747798399996, -9.66576972799993], [-74.82188273399998, -9.677188102999935], [-74.81684360899999, -9.736433602999966], [-74.84379885899995, -9.749148477999938], [-74.84707135899998, -9.780477477999966], [-74.81559960899995, -9.795428352999977], [-74.83623898399998, -9.820048352999947], [-74.83500260899996, -9.847105977999945], [-74.88235148399997, -9.819738102999963], [-74.98555285899994, -9.864063727999962], [-74.99361598399997, -9.839797227999952], [-75.05778923399998, -9.81891860299993], [-75.09446785899996, -9.844477727999958], [-75.16012498499998, -9.839974602999973], [-75.25465035999997, -9.779002227999968], [-75.31063860999996, -9.774671852999973], [-75.27582160999998, -9.849764102999927], [-75.28822435999996, -9.870699602999935], [-75.39959585999998, -9.878455602999964], [-75.41118160999997, -9.888426102999972], [-75.39554723499998, -9.912776852999968], [-75.40478360999998, -9.930212102999974], [-75.44555048499996, -9.937889477999931], [-75.47322823499997, -9.991940977999946], [-75.50858448499997, -9.976916477999964], [-75.54837860999999, -9.984414977999961], [-75.56038235999995, -9.964135727999974], [-75.59516823499996, -9.952613227999962], [-75.60207948499993, -10.02477485299994], [-75.64517960999996, -10.026927727999976], [-75.67646873499996, -10.05427535299998], [-75.70942960999997, -10.215070227999945], [-75.73195898499995, -10.233999977999929], [-75.84274023499995, -10.261929602999942], [-75.85986123499998, -10.30333785299996], [-75.85536910999997, -10.405929602999947], [-75.86989635999998, -10.45537335299997], [-75.81916235999995, -10.439646727999957], [-75.80821510999994, -10.457376852999971], [-75.79798735999998, -10.437441727999953], [-75.72618873499994, -10.429257727999982], [-75.66910410999998, -10.457540352999956], [-75.67653785999994, -10.518432977999964], [-75.66098373499995, -10.552245852999931], [-75.67836810999995, -10.611930603999951], [-75.65242448499998, -10.630697353999949], [-75.61236648499994, -10.620555228999933], [-75.58118148499995, -10.649152103999938], [-75.53952148499997, -10.641062603999956], [-75.54851685999995, -10.673149603999946], [-75.51138148499996, -10.684552478999933], [-75.53041010999993, -10.747579978999966], [-75.49024998499993, -10.756829978999974], [-75.48008973499998, -10.780160103999947], [-75.46078898499997, -10.749771478999946], [-75.39481048499994, -10.759140603999981], [-75.39075985999995, -10.832259853999972], [-75.41072198499995, -10.861700603999964], [-75.36273773499994, -10.85011247899996], [-75.34541985999994, -10.799490228999957], [-75.28307998499997, -10.841031228999952], [-75.24795898499997, -10.803101478999963], [-75.24390035999994, -10.763880853999979], [-75.20418398499999, -10.764676228999974], [-75.18994898499994, -10.780401978999976], [-75.17664585999995, -10.74990172899993], [-75.15707998499994, -10.76198047899993], [-75.10963985899997, -10.723993353999958], [-75.06507285899994, -10.65289447899994], [-75.03563923399997, -10.682317728999976], [-75.01172948399994, -10.679525603999934], [-75.00648960899997, -10.718802228999948], [-74.98281760899994, -10.74978710399995], [-74.95648160899998, -10.73282372899996], [-74.88523873399998, -10.770597603999931], [-74.86593623399995, -10.758972103999952], [-74.88753935899996, -10.710735978999935], [-74.87857098399996, -10.700463228999979], [-74.79482685899995, -10.829872353999974], [-74.73316898399997, -10.833917978999978], [-74.69084560899995, -10.886795353999958], [-74.64261223399996, -10.867962228999943], [-74.61410248399994, -10.904625478999947], [-74.57037160899995, -10.915777478999928], [-74.54978310899997, -10.891569853999954], [-74.48708310899997, -10.889033478999977], [-74.48267560899995, -10.835391228999981], [-74.43105635899997, -10.812957228999949], [-74.38676485899998, -10.813115853999932], [-74.37439648399999, -10.788568353999949], [-74.38389985899994, -10.747480478999933], [-74.35029910899993, -10.754733853999937], [-74.28688110899998, -10.670412103999979], [-74.25892048399999, -10.680431978999934], [-74.25280935899997, -10.659479978999968], [-74.22757810899998, -10.651839853999945], [-74.22966498399995, -10.634598353999934], [-74.15985573399996, -10.64059135399998], [-74.13551560899998, -10.671477353999933], [-74.13267348399995, -10.604910853999968], [-74.17871935899996, -10.488645352999981], [-74.25288360899998, -10.417136727999946], [-74.24200460899993, -10.383165102999953], [-74.26274235899996, -10.36366110299997], [-74.23691410899994, -10.321605727999952], [-74.25219498399997, -10.305131102999951], [-74.22715773399995, -10.277329727999927], [-74.23060673399993, -10.186316602999966], [-74.30287323399995, -10.164837727999952], [-74.31501898399995, -10.11315622799998], [-74.36696673399996, -10.112896477999982], [-74.38989898399996, -10.051349477999963], [-74.41882810899995, -10.025749977999965], [-74.41098885899999, -9.914670227999977], [-74.45330085899997, -9.863636227999962], [-74.44724023399993, -9.777149852999969], [-74.49014035899995, -9.68519572799994], [-74.49382935899996, -9.592224852999948], [-74.57484998399997, -9.572717602999944], [-74.59349435899998, -9.507361851999974], [-74.58109248399995, -9.476601726999945], [-74.68004760899998, -9.447271976999957]]]}}, {"id": "154", "type": "Feature", "properties": {"idProv": "PIURA - PIURA", "nombdep": "PIURA", "nombprov": "PIURA"}, "geometry": {"type": "Polygon", "coordinates": [[[-80.24679686399998, -4.586092257999951], [-80.33680003999996, -4.628084659999956], [-80.34859710999996, -4.658291818999942], [-80.38843004399996, -4.666900009999949], [-80.40669998899995, -4.700729972999966], [-80.34756998899996, -4.792519972999969], [-80.41972998899996, -4.8293699729999275], [-80.52200998999996, -4.8260599729999285], [-80.57327998999995, -4.899449972999946], [-80.60528998999996, -4.918009972999926], [-80.65688146599996, -5.023554297999965], [-80.70032423999999, -5.0176230979999445], [-80.74160379999995, -5.123639388999948], [-80.80508302899995, -5.2219342589999656], [-80.82889998999997, -5.22661997299997], [-80.84909054499997, -5.293211455999938], [-80.93767386499997, -5.237822223999956], [-80.99862998999998, -5.2308699739999724], [-81.02250645499998, -5.242092695999929], [-81.01714463799993, -5.266544928999963], [-80.96169163799993, -5.310176215999945], [-80.96119272399994, -5.3504241869999305], [-80.85101994499996, -5.406045055999925], [-80.75190519699999, -5.402663590999964], [-80.64431699499994, -5.436732857999971], [-80.64519005399995, -5.487112324999941], [-80.59146230799996, -5.479368981999926], [-80.55258011499996, -5.492269473999954], [-80.53462951899996, -5.601606252999943], [-80.25339483499994, -5.694421729999931], [-80.09213441899999, -5.7950731219999625], [-80.09517055199996, -5.702607987999954], [-80.06106673899995, -5.684399608999968], [-80.06995892099997, -5.646170672999972], [-80.05257941299999, -5.555599885999925], [-80.08287286199999, -5.560409119999974], [-80.25913375899995, -5.330330318999927], [-80.33029038599994, -5.2840605649999475], [-80.35140520799996, -5.259830736999959], [-80.34665925299998, -5.233203484999933], [-80.36414647399994, -5.230492308999942], [-80.35372008499996, -5.140145547999964], [-80.28706048899994, -5.0684824729999605], [-80.22176173899999, -5.052720722999936], [-80.23264461399998, -5.010802722999927], [-80.25896863599996, -5.00377151999993], [-80.22828913199999, -4.98967171399994], [-80.20408855799997, -5.003459599999928], [-80.11618534699994, -4.932710619999966], [-80.10928711399998, -4.906351597999958], [-80.12194536399994, -4.89152347299995], [-80.09340423899994, -4.843527347999952], [-80.11476173899996, -4.804968722999945], [-80.07680473899995, -4.77885347299997], [-80.09638673899997, -4.747431597999935], [-80.02662111399997, -4.7194569729999785], [-80.00882036399997, -4.678173847999972], [-80.03761911399994, -4.655693347999943], [-80.10122661399998, -4.663462722999952], [-80.11361323899996, -4.67759947299993], [-80.15341986399994, -4.604191347999972], [-80.20123243299997, -4.610414480999964], [-80.24679686399998, -4.586092257999951]]]}}, {"id": "155", "type": "Feature", "properties": {"idProv": "PIURA - AYABACA", "nombdep": "PIURA", "nombprov": "AYABACA"}, "geometry": {"type": "Polygon", "coordinates": [[[-80.13463286399997, -4.2867558479999275], [-80.15541411399994, -4.304339847999927], [-80.17132036399994, -4.289994097999966], [-80.18685548899998, -4.335113222999951], [-80.20547848899997, -4.338671847999933], [-80.19573436399997, -4.349765597999976], [-80.21828911399996, -4.3534668479999254], [-80.22048236399996, -4.378121097999951], [-80.23122861399997, -4.372398472999976], [-80.24893361399995, -4.401099597999973], [-80.27708398899995, -4.404099597999959], [-80.29564648899998, -4.424769472999969], [-80.23569723899999, -4.437035097999967], [-80.21224998899999, -4.463159972999961], [-80.22505998899999, -4.47601997299995], [-80.21261998899996, -4.5060199729999795], [-80.22336998899993, -4.532269972999927], [-80.20158998899996, -4.573849972999938], [-80.22142573899998, -4.595451222999941], [-80.20123243299997, -4.610414480999964], [-80.15341986399994, -4.604191347999972], [-80.11361323899996, -4.67759947299993], [-80.10122661399998, -4.663462722999952], [-80.03761911399994, -4.655693347999943], [-80.00882036399997, -4.678173847999972], [-80.03219723899997, -4.723857597999938], [-80.09343161399994, -4.742831972999966], [-80.07779098899994, -4.782810722999955], [-80.11476173899996, -4.804968722999945], [-80.09425198899999, -4.858447222999928], [-80.12198636399995, -4.892494097999929], [-80.07866023899999, -4.941066347999936], [-80.08339648899994, -5.0036484729999415], [-80.03880073899995, -5.026359347999971], [-80.00082223899994, -5.015724597999963], [-79.95663998899994, -5.0366099729999405], [-79.90916798899997, -5.019400472999962], [-79.85334761399997, -4.9534998479999786], [-79.83091211399994, -4.9942890979999675], [-79.78848436399994, -4.990822222999952], [-79.75462998899997, -5.024839972999928], [-79.73150998899996, -5.017779972999961], [-79.72674998899998, -5.055289972999958], [-79.67480998899998, -5.09558997299996], [-79.62161911399994, -5.1011288479999735], [-79.60003511399998, -5.084376972999962], [-79.59524998899997, -5.056649972999935], [-79.48781836399996, -5.110787097999946], [-79.48063610399998, -5.01810209599995], [-79.45108634199994, -4.96740202999996], [-79.40480582599997, -4.944939918999978], [-79.41720281899995, -4.884787144999962], [-79.39354538499998, -4.836168839999971], [-79.45742786399995, -4.702521597999976], [-79.46414098899999, -4.65213147299994], [-79.48870886399999, -4.625314972999945], [-79.49415261399997, -4.581784847999927], [-79.47659386399994, -4.569981847999941], [-79.49011398899995, -4.527962972999944], [-79.51228848899996, -4.517466597999942], [-79.54298473899996, -4.527142097999956], [-79.58082448899995, -4.4991967229999545], [-79.60026161399998, -4.456486347999942], [-79.64461473899996, -4.433762472999945], [-79.70643323899998, -4.471572097999967], [-79.81301761399999, -4.491101597999943], [-79.87064448899997, -4.413310597999953], [-79.91927998899996, -4.38542997299993], [-79.96297848899997, -4.3944842229999495], [-80.03449998899998, -4.3487460979999355], [-80.06147648899997, -4.310220722999929], [-80.13463286399997, -4.2867558479999275]]]}}, {"id": "156", "type": "Feature", "properties": {"idProv": "PIURA - HUANCABAMBA", "nombdep": "PIURA", "nombprov": "HUANCABAMBA"}, "geometry": {"type": "Polygon", "coordinates": [[[-79.37803516799994, -4.832579136999925], [-79.40485341599998, -4.848450394999929], [-79.41708384599997, -4.883811564999974], [-79.40480582599997, -4.944939918999978], [-79.45108634199994, -4.96740202999996], [-79.48063610399998, -5.01810209599995], [-79.48781836399996, -5.110787097999946], [-79.59524998899997, -5.056649972999935], [-79.60003511399998, -5.084376972999962], [-79.65492998899998, -5.121429972999977], [-79.64675198899994, -5.137779347999981], [-79.66090623899998, -5.151181597999937], [-79.68407823899997, -5.099140597999963], [-79.71491598899996, -5.126632847999929], [-79.72032998899994, -5.182089972999961], [-79.69998998899996, -5.203369972999951], [-79.72003711399998, -5.215253847999975], [-79.64735161399994, -5.336230473999933], [-79.67574223899999, -5.380630723999957], [-79.73831448899995, -5.37979297399994], [-79.76858998899996, -5.425029973999926], [-79.74998636399994, -5.446435598999926], [-79.64446486399999, -5.474966848999941], [-79.64981848899998, -5.5206074739999735], [-79.68325998899996, -5.530479973999945], [-79.72963473899995, -5.473478473999933], [-79.75833198899994, -5.541033223999932], [-79.77704686399994, -5.56191597399993], [-79.80073636399999, -5.5622637239999335], [-79.83943748899998, -5.630027348999931], [-79.81900961399998, -5.664822223999977], [-79.79025973899996, -5.645726598999943], [-79.74444911399996, -5.677113223999925], [-79.76641636399995, -5.7082524739999485], [-79.71662298899997, -5.741556598999978], [-79.73931636399999, -5.799587848999977], [-79.73687698899994, -5.838197223999941], [-79.68270998899999, -5.846449973999938], [-79.62258398899996, -5.797572223999964], [-79.63740998899993, -5.859419973999934], [-79.60131998899999, -5.939539973999956], [-79.49849998899998, -5.915140598999926], [-79.41860936299997, -5.97009959899998], [-79.36189061299996, -5.932759723999936], [-79.33543748799997, -5.893968723999933], [-79.39924561299995, -5.771214723999947], [-79.39925973799996, -5.702542973999925], [-79.37112098799997, -5.6025637239999355], [-79.39862298799994, -5.53348047399993], [-79.27596086299997, -5.519740223999975], [-79.30785736299998, -5.365277348999939], [-79.32605273799999, -5.348037098999953], [-79.32807223799995, -5.31591409899994], [-79.35904886299994, -5.288626973999953], [-79.34818948799995, -5.233660098999962], [-79.37840811299998, -5.18997847299994], [-79.34185736299997, -5.163999972999932], [-79.33035123799993, -5.124428472999966], [-79.29602611299998, -5.111980222999932], [-79.27300811299995, -5.058521722999956], [-79.22624804299994, -5.047857386999965], [-79.21004348799994, -4.96871884799998], [-79.26581854299997, -4.967445636999969], [-79.30685366799997, -4.898573511999928], [-79.35068329299997, -4.882238511999958], [-79.37803516799994, -4.832579136999925]]]}}, {"id": "157", "type": "Feature", "properties": {"idProv": "PIURA - MORROPON", "nombdep": "PIURA", "nombprov": "MORROPON"}, "geometry": {"type": "Polygon", "coordinates": [[[-80.07835161399998, -4.942162097999926], [-80.11054437199994, -4.91235811599995], [-80.17611501999994, -4.98809104399993], [-80.25896863599996, -5.00377151999993], [-80.23264461399998, -5.010802722999927], [-80.22176173899999, -5.052720722999936], [-80.28706048899994, -5.0684824729999605], [-80.35372008499996, -5.140145547999964], [-80.36426490699995, -5.232497916999932], [-80.34665925299998, -5.233203484999933], [-80.35140520799996, -5.259830736999959], [-80.33029038599994, -5.2840605649999475], [-80.25913375899995, -5.330330318999927], [-80.08287286199999, -5.560409119999974], [-80.05515204799997, -5.55382859499997], [-80.00647073899995, -5.583951223999975], [-79.96052348899997, -5.581623098999955], [-79.94587298899995, -5.514996098999973], [-79.89835173899996, -5.48038672399997], [-79.85399611399998, -5.530744098999946], [-79.86441986399996, -5.563419973999942], [-79.83943748899998, -5.630027348999931], [-79.80073636399999, -5.5622637239999335], [-79.77704686399994, -5.56191597399993], [-79.75833198899994, -5.541033223999932], [-79.72963473899995, -5.473478473999933], [-79.68325998899996, -5.530479973999945], [-79.64981848899998, -5.5206074739999735], [-79.64446486399999, -5.474966848999941], [-79.74998636399994, -5.446435598999926], [-79.76858998899996, -5.425029973999926], [-79.73831448899995, -5.37979297399994], [-79.67574223899999, -5.380630723999957], [-79.64735161399994, -5.336230473999933], [-79.72003711399998, -5.215253847999975], [-79.69998998899996, -5.203369972999951], [-79.72032998899994, -5.177229972999953], [-79.71491598899996, -5.126632847999929], [-79.68840623899996, -5.098164097999927], [-79.66294536399994, -5.126724722999938], [-79.66433986399994, -5.152744097999971], [-79.64220898899998, -5.1072168479999505], [-79.64882998899998, -5.090589972999965], [-79.67480998899998, -5.09558997299996], [-79.72528036399996, -5.056799722999926], [-79.73150998899996, -5.017779972999961], [-79.75462998899997, -5.024839972999928], [-79.78848436399994, -4.990822222999952], [-79.83091211399994, -4.9942890979999675], [-79.85281048899998, -4.95360347299993], [-79.90916798899997, -5.019400472999962], [-79.95931998899994, -5.036699972999941], [-80.00082223899994, -5.015724597999963], [-80.03880073899995, -5.026359347999971], [-80.08256236399995, -5.004466847999936], [-80.09028711399998, -4.96944334799997], [-80.07835161399998, -4.942162097999926]]]}}, {"id": "158", "type": "Feature", "properties": {"idProv": "PIURA - PAITA", "nombdep": "PIURA", "nombprov": "PAITA"}, "geometry": {"type": "Polygon", "coordinates": [[[-80.95375586499995, -4.863189472999977], [-80.93192973999999, -4.804921847999935], [-80.96825786499994, -4.771792972999947], [-81.21055273999997, -4.81640234799994], [-81.08650598999998, -4.967062472999942], [-81.06028923999997, -5.03400972299994], [-81.09066986499994, -5.081738222999945], [-81.13238673999996, -5.069705097999929], [-81.16783598999996, -5.08097072299995], [-81.16046673999995, -5.123408222999956], [-81.17961523999998, -5.132939472999965], [-81.16736136499998, -5.167121097999939], [-81.19278511499994, -5.216951222999967], [-81.13812111499999, -5.263617223999972], [-81.10777148999995, -5.315242223999974], [-81.07816811499998, -5.313212848999967], [-80.99395111499996, -5.3884609739999405], [-80.96108224999995, -5.3504466769999794], [-80.96169163799993, -5.310176215999945], [-81.01714463799993, -5.266544928999963], [-81.01985748999994, -5.236269473999926], [-80.93767386499997, -5.237822223999956], [-80.85954782199997, -5.280638760999977], [-80.85081548999995, -4.950607472999934], [-80.82511898999996, -4.931384722999951], [-80.82924023999999, -4.903640597999981], [-80.92429886499997, -4.8933905979999395], [-80.95375586499995, -4.863189472999977]]]}}, {"id": "159", "type": "Feature", "properties": {"idProv": "PIURA - SULLANA", "nombdep": "PIURA", "nombprov": "SULLANA"}, "geometry": {"type": "Polygon", "coordinates": [[[-80.48552148899995, -4.08442772199993], [-80.51734173999995, -4.098162096999943], [-80.58981998999997, -4.214119972999981], [-80.62268998999997, -4.231889972999966], [-80.73513998999994, -4.17802997299998], [-80.88187111499997, -4.192800722999948], [-80.92367573999996, -4.169480472999965], [-80.93638473999994, -4.178242222999927], [-80.90892773999997, -4.2245234729999765], [-80.93693173999998, -4.29552522299997], [-80.91518948999999, -4.317949222999971], [-80.86728711499995, -4.316580097999974], [-80.87718161499998, -4.3647225979999575], [-80.82851561499996, -4.384453097999938], [-80.85113286499995, -4.409087847999956], [-80.85029098999996, -4.456277347999958], [-80.91943998999994, -4.520329972999946], [-80.88849411499996, -4.59198822299993], [-80.93675973999996, -4.618752097999959], [-80.87247998999999, -4.688429972999927], [-80.84820998999999, -4.748369972999967], [-80.96825786499994, -4.771792972999947], [-80.93192973999999, -4.804921847999935], [-80.95375586499995, -4.863189472999977], [-80.93353911499997, -4.888685597999938], [-80.82643998999998, -4.909329972999956], [-80.82801761499996, -4.939621097999975], [-80.85081548999995, -4.950607472999934], [-80.85954782199997, -5.280638760999977], [-80.84909054499997, -5.293211455999938], [-80.82889998999997, -5.22661997299997], [-80.80508302899995, -5.2219342589999656], [-80.74160379999995, -5.123639388999948], [-80.70032423999999, -5.0176230979999445], [-80.65688146599996, -5.023554297999965], [-80.64528565399996, -4.9785823189999405], [-80.62995506799996, -4.974927224999931], [-80.59568998999998, -4.906059972999969], [-80.55339998999995, -4.876169972999946], [-80.54004998999994, -4.839789972999938], [-80.50742998999993, -4.823369972999956], [-80.41972998899996, -4.8293699729999275], [-80.34756998899996, -4.792519972999969], [-80.40612004399998, -4.708410009999966], [-80.38862004399994, -4.667090009999981], [-80.34907389399996, -4.658621359999927], [-80.33680003999996, -4.628084659999956], [-80.29610207899998, -4.606008111999927], [-80.25023249499998, -4.585090640999965], [-80.22142573899998, -4.595451222999941], [-80.20158998899996, -4.573849972999938], [-80.22336998899993, -4.532269972999927], [-80.21261998899996, -4.5060199729999795], [-80.22505998899999, -4.47601997299995], [-80.21224998899999, -4.463159972999961], [-80.23569723899999, -4.437035097999967], [-80.28375586399994, -4.425767597999936], [-80.33587298899994, -4.467396472999951], [-80.38954298899995, -4.486111347999952], [-80.44913473899999, -4.447611222999967], [-80.44578511399999, -4.367804722999949], [-80.30957998899999, -4.205619847999969], [-80.35267973899994, -4.220701222999935], [-80.36778123899995, -4.19743159799998], [-80.40927736399993, -4.218535097999961], [-80.43113861399996, -4.1960644729999785], [-80.44931248899996, -4.209335972999952], [-80.44700998899998, -4.121149971999955], [-80.46696273899994, -4.127859346999969], [-80.48552148899995, -4.08442772199993]]]}}, {"id": "160", "type": "Feature", "properties": {"idProv": "PIURA - TALARA", "nombdep": "PIURA", "nombprov": "TALARA"}, "geometry": {"type": "Polygon", "coordinates": [[[-81.02620898999999, -4.105939471999932], [-81.04191054899997, -4.082921766999959], [-81.25423636499994, -4.277900347999946], [-81.25283398999994, -4.395617222999931], [-81.30502736499994, -4.479767597999967], [-81.27440436499995, -4.57112309799993], [-81.32823048999995, -4.6824003479999305], [-81.21055273999997, -4.81640234799994], [-80.84820998999999, -4.748369972999967], [-80.87247998999999, -4.688429972999927], [-80.93675973999996, -4.618752097999959], [-80.88849411499996, -4.59198822299993], [-80.91943998999994, -4.520329972999946], [-80.85029098999996, -4.456277347999958], [-80.85113286499995, -4.409087847999956], [-80.82857036499996, -4.384222472999966], [-80.87718161499998, -4.3647225979999575], [-80.86728711499995, -4.316580097999974], [-80.91518948999999, -4.317949222999971], [-80.93498436499993, -4.298771472999931], [-80.90892773999997, -4.2245234729999765], [-80.94274998999998, -4.16899609799998], [-80.97078911499995, -4.16881634799995], [-80.97132223999995, -4.127117221999981], [-81.02620898999999, -4.105939471999932]]]}}, {"id": "161", "type": "Feature", "properties": {"idProv": "PIURA - SECHURA", "nombdep": "PIURA", "nombprov": "SECHURA"}, "geometry": {"type": "Polygon", "coordinates": [[[-80.85102838799997, -5.406040760999929], [-80.96108224999995, -5.3504466769999794], [-80.99395111499996, -5.3884609739999405], [-80.91156448999999, -5.485654348999958], [-80.85511523999998, -5.625240223999981], [-80.85601948999994, -5.730007848999946], [-80.88524998999998, -5.798783223999976], [-80.91781448999996, -5.834142598999961], [-80.95419136499999, -5.846177723999972], [-81.02386723999996, -5.829904348999946], [-81.06806836499999, -5.785818348999953], [-81.08362298999998, -5.791660098999955], [-81.09746098999995, -5.838173723999944], [-81.12351361499998, -5.84297259899995], [-81.14942573999997, -5.889591848999942], [-81.14925973999993, -5.981240223999976], [-81.09156636499995, -6.0820273489999295], [-80.89453911499999, -6.203345723999973], [-80.78380473999994, -6.298964848999958], [-80.62713286499996, -6.372080099999948], [-80.33471286399998, -5.95390434899997], [-80.19617773899995, -5.8920878489999495], [-80.12384761399994, -5.891310598999951], [-80.05298436399994, -5.811244098999964], [-80.25339483499994, -5.694421729999931], [-80.53462951899996, -5.601606252999943], [-80.55258011499996, -5.492269473999954], [-80.59146230799996, -5.479368981999926], [-80.64519005399995, -5.487112324999941], [-80.64431699499994, -5.436732857999971], [-80.75190519699999, -5.402663590999964], [-80.85102838799997, -5.406040760999929]]]}}, {"id": "162", "type": "Feature", "properties": {"idProv": "PUNO - PUNO", "nombdep": "PUNO", "nombprov": "PUNO"}, "geometry": {"type": "MultiPolygon", "coordinates": [[[[-69.89112335499993, -15.503405232999967], [-69.89368635499994, -15.478590982999947], [-69.90511660499993, -15.506779732999973], [-69.94708047999995, -15.514439857999946], [-69.96830997999996, -15.535709982999947], [-69.96178247999995, -15.546814732999962], [-70.01070360499995, -15.55222110799997], [-69.99817797999998, -15.559651857999938], [-70.02573047999994, -15.565499982999938], [-70.08374222999998, -15.64246285799993], [-70.12344435499995, -15.637498857999958], [-70.14581997999994, -15.669829982999943], [-70.16794997999995, -15.632239982999977], [-70.20122997999994, -15.616879982999933], [-70.20507997999994, -15.642269982999949], [-70.26130322999995, -15.67369035799993], [-70.31278997999993, -15.736899982999944], [-70.34143360499996, -15.726128732999939], [-70.37426285499998, -15.74103648299996], [-70.41575485499999, -15.736613482999928], [-70.43842172999996, -15.787146982999957], [-70.41906160499997, -15.819413607999934], [-70.44616947999998, -15.895728857999927], [-70.47927797999995, -15.911195482999972], [-70.48080835499997, -15.94649848299997], [-70.51656622999997, -15.976244483999949], [-70.56288997999997, -15.982499983999958], [-70.50732422999994, -16.03814448399993], [-70.46577897999998, -16.050369108999973], [-70.44012472999998, -16.03675148399998], [-70.43428222999995, -16.061878358999934], [-70.40322872999997, -16.08723135899993], [-70.40194210499993, -16.149029733999953], [-70.36064272999994, -16.207792858999937], [-70.32856010499995, -16.205411983999966], [-70.32651710499994, -16.23211185899993], [-70.34513485499997, -16.25610198399994], [-70.34561072999998, -16.348139483999944], [-70.38225697999997, -16.38592373399996], [-70.35655372999997, -16.40027060899996], [-70.36088760499996, -16.41083135899993], [-70.32505172999998, -16.417524983999954], [-70.30116997999994, -16.478671858999974], [-70.18477797999998, -16.53760860899996], [-70.16570597999998, -16.61332410899996], [-70.08784510499999, -16.655232233999982], [-70.04986722999996, -16.628119108999954], [-70.02462410499999, -16.631183733999933], [-70.02415035499996, -16.596808608999936], [-69.99065447999993, -16.578796858999965], [-69.96347460499999, -16.538403608999943], [-69.89527722999998, -16.509008983999934], [-69.85202997999994, -16.401039983999965], [-69.79973997999997, -16.385489983999946], [-69.78499997999995, -16.36219998399997], [-69.80287997999994, -16.344369983999968], [-69.80688185499997, -16.276824983999973], [-69.77557997999997, -16.25992998399994], [-69.76046997899994, -16.215329983999936], [-69.70656497899995, -16.194484983999928], [-69.68894535399994, -16.128664483999955], [-69.66888997899997, -16.114919983999982], [-69.70267310399998, -16.086610983999947], [-69.65532997899999, -16.059909983999944], [-69.64938997899998, -16.01342998399997], [-69.62854997899996, -16.01903998399996], [-69.60970997899994, -15.997259983999982], [-69.60973997899998, -15.983389983999928], [-69.67390285399995, -15.96349373299995], [-69.70079047899998, -15.92015835799998], [-69.70628822899994, -15.921888482999975], [-69.72530585399994, -15.914545607999969], [-69.73592610399999, -15.901469107999958], [-69.74062035399999, -15.919185107999965], [-69.75764672899999, -15.900393107999946], [-69.76030235399998, -15.911983232999944], [-69.77945135499994, -15.856033232999948], [-69.76587585399994, -15.833078607999937], [-69.80556210499998, -15.783390232999977], [-69.84283410499995, -15.808184607999976], [-69.85058422999998, -15.854686732999937], [-69.84796610499995, -15.867586482999968], [-69.82730497999995, -15.859348232999935], [-69.81893135499996, -15.881549107999945], [-69.81015647999993, -15.867652482999972], [-69.79773735499998, -15.893673857999943], [-69.78342872999997, -15.891165232999981], [-69.78414210499994, -15.928112232999979], [-69.81561085499999, -15.910693357999946], [-69.83696360499994, -15.910964732999958], [-69.83602510499998, -15.923353732999942], [-69.84624110499993, -15.909532357999979], [-69.84537135499994, -15.933174357999974], [-69.86035222999993, -15.93163835799993], [-69.89179710499997, -15.882220982999968], [-69.96369947999995, -15.850638107999941], [-69.99501397999995, -15.864001357999939], [-70.01508122999996, -15.850703232999933], [-70.01825972999995, -15.829698982999957], [-69.98866435499997, -15.819060357999945], [-70.03515210499995, -15.768675732999952], [-70.02385135499998, -15.742205482999964], [-70.03417972999995, -15.722627607999982], [-70.01159322999996, -15.686659107999958], [-69.96486797999995, -15.70152348299996], [-69.95508347999998, -15.687424732999943], [-69.96737110499998, -15.66544748299998], [-69.94824997999996, -15.67503310799998], [-69.91631822999994, -15.628398732999926], [-69.91829547999998, -15.612551107999934], [-69.93111785499997, -15.617756482999937], [-69.91755947999997, -15.591397732999951], [-69.93316497999996, -15.588856107999959], [-69.91514060499998, -15.568760357999963], [-69.94322510499995, -15.55650660799995], [-69.90635497999995, -15.56519898299996], [-69.85487422999995, -15.625002732999974], [-69.85053885499997, -15.675705232999974], [-69.82069322999996, -15.707576982999967], [-69.79008785499997, -15.726068982999948], [-69.74376447899994, -15.72283698299998], [-69.80297772999995, -15.674782357999959], [-69.76107622899997, -15.681808607999926], [-69.77090072999994, -15.658185232999926], [-69.80460322999994, -15.65397298299996], [-69.81067960499996, -15.60767223299996], [-69.89112335499993, -15.503405232999967]], [[-70.20048347999995, -15.70047698299993], [-70.18830347999995, -15.726267607999944], [-70.15021210499998, -15.712319357999945], [-70.16370222999996, -15.719283107999956], [-70.14209572999994, -15.74927860799994], [-70.20183710499998, -15.771510357999944], [-70.20048347999995, -15.70047698299993]]], [[[-69.67216672899997, -15.95640435799993], [-69.68876247899993, -15.913793107999936], [-69.68926060399997, -15.930194857999936], [-69.68221622899995, -15.945105232999936], [-69.67201097899994, -15.95997260799993], [-69.60994410399996, -15.959020732999932], [-69.67216672899997, -15.95640435799993]]], [[[-69.69432935399993, -15.892393107999965], [-69.71079610399994, -15.916339482999945], [-69.68768585399994, -15.908289982999975], [-69.66668785399997, -15.915115857999979], [-69.69432935399993, -15.892393107999965]]], [[[-69.83374847999994, -15.888208107999958], [-69.82279897999996, -15.888497232999953], [-69.82521647999994, -15.878328107999948], [-69.83374847999994, -15.888208107999958]]], [[[-69.67619310399994, -15.768259482999952], [-69.69623210399993, -15.754215357999954], [-69.68243285399996, -15.79812248299993], [-69.67619310399994, -15.768259482999952]]], [[[-69.70654872899996, -15.649303232999955], [-69.72730535399995, -15.66296398299994], [-69.71720410399996, -15.680402982999965], [-69.69280272899994, -15.662771482999972], [-69.70654872899996, -15.649303232999955]]]]}}, {"id": "163", "type": "Feature", "properties": {"idProv": "PUNO - AZANGARO", "nombdep": "PUNO", "nombprov": "AZANGARO"}, "geometry": {"type": "Polygon", "coordinates": [[[-70.18143997999994, -14.307929981999962], [-70.17968897999998, -14.292839606999962], [-70.20937372999998, -14.268417856999974], [-70.23005272999995, -14.30873048199993], [-70.26824210499996, -14.282969606999927], [-70.28113510499998, -14.329403856999932], [-70.32664735499998, -14.349902731999975], [-70.31521422999998, -14.380018106999955], [-70.32954997999997, -14.46807998199995], [-70.36920472999998, -14.541050731999974], [-70.34256985499997, -14.579297981999957], [-70.36545385499994, -14.597381981999945], [-70.40403597999995, -14.562299731999929], [-70.43076797999998, -14.579098106999936], [-70.38181422999997, -14.666397856999936], [-70.44554272999994, -14.787990481999941], [-70.45423460499995, -14.824920231999954], [-70.43657760499997, -14.858897481999975], [-70.46816997999997, -14.92644998299994], [-70.44242685499995, -14.953539482999929], [-70.38647260499994, -14.97195660799997], [-70.37083485499994, -14.993868482999972], [-70.38355685499994, -14.999717357999941], [-70.36179985499996, -14.997782857999937], [-70.36257872999994, -15.019342482999946], [-70.34514210499998, -15.031649357999981], [-70.36398910499997, -15.035632107999959], [-70.34461647999996, -15.072696482999959], [-70.36015585499996, -15.114442982999947], [-70.34706110499997, -15.119165732999932], [-70.35919422999996, -15.123417982999968], [-70.34718935499995, -15.136634982999965], [-70.36090297999993, -15.140373607999948], [-70.35626660499997, -15.163659982999945], [-70.27347697999994, -15.165601857999945], [-70.22968947999993, -15.201273482999966], [-70.22738672999998, -15.25197073299995], [-70.20903285499998, -15.251915607999933], [-70.20439585499997, -15.298963607999951], [-70.15456860499995, -15.297733982999944], [-70.15924183599998, -15.354842534999932], [-70.12354964199994, -15.337256896999975], [-70.09488149399994, -15.383893243999978], [-70.05179635499996, -15.354001482999934], [-70.02755510499998, -15.39660298299998], [-70.00611910499998, -15.402834982999934], [-69.97498297999994, -15.384498607999944], [-70.00599897999996, -15.327094232999968], [-69.99705697999997, -15.275750107999954], [-69.94085999699996, -15.238255745999936], [-69.90322685499996, -15.235645357999942], [-69.88774310499997, -15.206932607999931], [-69.90274235499999, -15.218053107999935], [-69.92660285499994, -15.20965823299997], [-69.93213735499995, -15.222516982999934], [-69.94667772999998, -15.192141982999942], [-69.94884422999996, -15.209748857999955], [-69.96645897999997, -15.19504298299995], [-69.94862360499997, -15.220711107999932], [-70.06391235499996, -15.19359523299994], [-70.11616435499997, -15.167929982999965], [-70.11834385499998, -15.149089857999968], [-70.04413385499998, -15.110780732999956], [-70.02623510499996, -15.158017357999938], [-70.02621847999995, -15.145420607999938], [-70.01632447999998, -15.14473660799996], [-69.99026260499994, -15.168452232999982], [-69.99715735499996, -15.14018935799993], [-69.98858535499994, -15.108917232999943], [-69.95553835499999, -15.174811232999957], [-69.94964647999996, -15.151826357999937], [-69.93090710499996, -15.149188357999947], [-69.91069522999999, -15.195920857999965], [-69.88013910499996, -15.199377357999936], [-69.90030660499997, -15.170482482999944], [-69.87660935499997, -15.108755857999938], [-69.91728322999995, -15.097923857999945], [-69.92193347999995, -15.05939210799994], [-69.94733072999998, -15.055045107999945], [-69.96689647999995, -15.029646982999964], [-69.95821522999995, -14.96437948299996], [-69.97610547999994, -14.944005857999969], [-69.96592472999998, -14.925445107999963], [-69.98857810499999, -14.873097606999977], [-69.93818747999995, -14.842853481999953], [-69.91162247999995, -14.865289731999951], [-69.90075385499995, -14.827275356999962], [-69.84956635499998, -14.790081981999947], [-69.85415697999997, -14.76078760699994], [-69.83617572999998, -14.738380856999981], [-69.85866460499994, -14.686282481999967], [-69.85497997999994, -14.612229981999974], [-69.86509997999997, -14.585339981999937], [-69.87743997999996, -14.602469981999946], [-69.89708610499997, -14.567010731999972], [-69.98757722999994, -14.583669231999977], [-70.01182622999994, -14.558917981999969], [-69.94984435499998, -14.49155260699996], [-69.89302547999995, -14.475986106999926], [-69.90064110499998, -14.416526356999952], [-69.97427885499997, -14.367830356999946], [-70.13641997999997, -14.355199981999931], [-70.18143997999994, -14.307929981999962]]]}}, {"id": "164", "type": "Feature", "properties": {"idProv": "PUNO - CARABAYA", "nombdep": "PUNO", "nombprov": "CARABAYA"}, "geometry": {"type": "Polygon", "coordinates": [[[-70.40096872999999, -13.114945355999964], [-70.41769510499995, -13.133089980999955], [-70.38966210499996, -13.131538355999965], [-70.40122710499998, -13.153229980999981], [-70.38557685499995, -13.167038980999962], [-70.38446385499998, -13.204735855999957], [-70.39062647999998, -13.232108480999955], [-70.42295497999999, -13.254719105999982], [-70.37083747999998, -13.276411355999926], [-70.34584660499996, -13.312746105999963], [-70.39559872999996, -13.316665480999973], [-70.39950035499999, -13.371643605999964], [-70.41982535499994, -13.358553730999972], [-70.45111585499995, -13.36516973099998], [-70.44264597999995, -13.395405480999955], [-70.47182697999995, -13.439927980999926], [-70.45261797999996, -13.447918355999946], [-70.48879472999994, -13.50038073099995], [-70.53887360499994, -13.531256730999928], [-70.54362547999995, -13.577635230999931], [-70.61619085499996, -13.609062480999967], [-70.66280697999997, -13.660567105999974], [-70.71512885499999, -13.662253980999935], [-70.73537572999999, -13.735299355999928], [-70.69885822999998, -13.803167605999931], [-70.70918997999996, -13.843149981999943], [-70.76772997999996, -13.814379980999945], [-70.82839997999997, -13.827629981999962], [-70.85392648099997, -13.798604980999926], [-70.87931598099993, -13.815672605999964], [-70.87513585599999, -13.838986106999926], [-70.83242035499995, -13.856872481999972], [-70.83085960499994, -13.895075106999968], [-70.80967285499997, -13.912264231999927], [-70.84679135599998, -13.965053981999972], [-70.85263610599998, -13.99819673199994], [-70.84036223099997, -14.008167106999963], [-70.86181423099998, -14.026227606999953], [-70.84952410599993, -14.054171481999958], [-70.82947172999997, -14.076336856999944], [-70.71805260499997, -14.075720606999937], [-70.69202435499994, -14.12391510699996], [-70.65240010499997, -14.120857606999948], [-70.61929147999996, -14.159357481999962], [-70.57004610499996, -14.144598981999934], [-70.55104822999994, -14.155318481999927], [-70.54118560499995, -14.189708856999971], [-70.49596947999999, -14.22035398199995], [-70.47502122999998, -14.22101748199998], [-70.42516972999994, -14.178093856999965], [-70.38774072999996, -14.196217106999939], [-70.35663535499998, -14.170594981999955], [-70.32946222999993, -14.175177356999939], [-70.31629585499996, -14.205842231999952], [-70.28944785499993, -14.218281606999938], [-70.28812510499995, -14.265113481999947], [-70.25129397999996, -14.305445106999969], [-70.22726972999999, -14.307723606999957], [-70.20937372999998, -14.268417856999974], [-70.17968897999998, -14.292839606999962], [-70.18327997999995, -14.319319981999968], [-70.15810997999995, -14.324129981999931], [-70.13641997999997, -14.355199981999931], [-69.97277710499998, -14.368308106999962], [-69.88463322999996, -14.440753481999934], [-69.81026997999999, -14.459379981999973], [-69.77774222999994, -14.448595356999931], [-69.72739997899998, -14.508729981999977], [-69.69096147899995, -14.517818731999967], [-69.66048122899997, -14.45185635699994], [-69.68899222899995, -14.420833856999934], [-69.72216760399994, -14.42093585699996], [-69.72833110399995, -14.348238231999972], [-69.78323335499994, -14.311986856999965], [-69.78528910499995, -14.275931606999961], [-69.84007447999994, -14.274627731999942], [-69.85356197999994, -14.255426356999976], [-69.85044660499995, -14.212165481999932], [-69.82333147999998, -14.161903981999956], [-69.83290635499998, -14.138167106999958], [-69.79753997999995, -14.06666998199995], [-69.76465997899999, -14.030839981999975], [-69.72537997899997, -14.019159981999962], [-69.70220997899997, -13.935779981999929], [-69.66496672899996, -13.90535660699993], [-69.66445572899994, -13.88237798199998], [-69.72845247899994, -13.841088106999962], [-69.73245547899995, -13.811691480999968], [-69.78580185499999, -13.749698605999981], [-69.75371960399997, -13.737892230999933], [-69.75235847899995, -13.676534730999947], [-69.72628997899994, -13.634689980999951], [-69.72604997899998, -13.591999980999958], [-69.69623997899998, -13.521699980999927], [-69.73706497899997, -13.50569935599998], [-69.72377222899996, -13.49222998099998], [-69.71313522899999, -13.505575480999937], [-69.68265922899997, -13.500804105999975], [-69.66895247899998, -13.475210980999975], [-69.67919522899996, -13.457719980999968], [-69.65468172899995, -13.459025105999956], [-69.63230860399995, -13.408256730999938], [-69.65412810399994, -13.379787730999965], [-69.64985997899998, -13.341719980999926], [-70.40096872999999, -13.114945355999964]]]}}, {"id": "165", "type": "Feature", "properties": {"idProv": "PUNO - CHUCUITO", "nombdep": "PUNO", "nombprov": "CHUCUITO"}, "geometry": {"type": "Polygon", "coordinates": [[[-69.57192000699996, -16.17428000299998], [-69.59199597899993, -16.286213233999945], [-69.65505997899999, -16.315109983999946], [-69.65208597899993, -16.339156358999958], [-69.67238997899995, -16.337009983999963], [-69.66803997899996, -16.36460998399997], [-69.68674997899996, -16.37895998399995], [-69.66069997899996, -16.425929983999936], [-69.58293097899997, -16.442964983999957], [-69.56303610399993, -16.43128973399996], [-69.55441997899999, -16.446372983999936], [-69.53605985399997, -16.417985483999928], [-69.51687722899999, -16.435060358999976], [-69.48380010399995, -16.428743733999966], [-69.47159347899998, -16.458701108999946], [-69.48505447899998, -16.55485273399995], [-69.49915597899997, -16.56551698399994], [-69.48756847899995, -16.623944483999935], [-69.49756172899998, -16.655653858999926], [-69.54250510399999, -16.671182233999957], [-69.51162697899997, -16.746865733999982], [-69.56584985399996, -16.83320060899996], [-69.55505572899995, -16.849273608999965], [-69.56846097899995, -16.916921483999943], [-69.53406235399996, -16.965286358999947], [-69.54657672899998, -16.979442108999933], [-69.53476710399997, -17.060860359999936], [-69.60296885399998, -17.09576310999995], [-69.56279847899998, -17.174983234999956], [-69.44912935399998, -17.097750734999977], [-69.43291722899994, -17.109863984999947], [-69.37373885399995, -17.073123359999954], [-69.39357997899998, -17.020569983999962], [-69.36900997899994, -16.99040998399994], [-69.33542947899997, -16.98026485899993], [-69.30467497899997, -16.915840983999942], [-69.18618747899995, -16.79755473399996], [-69.17001372899995, -16.727535108999973], [-69.04345997899998, -16.687839983999936], [-68.99610160399993, -16.656576233999942], [-69.03130272899995, -16.60580860899995], [-69.03677385399993, -16.55990348399996], [-69.08133072899994, -16.498675483999932], [-69.09799522899993, -16.497765733999927], [-69.09182810399994, -16.470160233999934], [-69.04254910399999, -16.43009510899998], [-69.05422310399996, -16.392630733999965], [-69.12413085399999, -16.365378858999975], [-69.12463460399994, -16.394732483999974], [-69.13630914899994, -16.397247250999953], [-69.14134335399996, -16.33158335899998], [-69.20331785399998, -16.300644483999974], [-69.20017160399993, -16.264186233999965], [-69.23501947899996, -16.26204035899997], [-69.25809285399998, -16.30010085899994], [-69.28205385399997, -16.28687498399995], [-69.29472122899995, -16.25410335899994], [-69.35522635399997, -16.251061983999932], [-69.37560710399998, -16.235581108999952], [-69.39938797899998, -16.206900983999958], [-69.38829547899996, -16.18039960899995], [-69.43385510399997, -16.180546233999962], [-69.49283710399999, -16.208405358999983], [-69.51388885399996, -16.17996923399994], [-69.57192000699996, -16.17428000299998]]]}}, {"id": "166", "type": "Feature", "properties": {"idProv": "PUNO - EL COLLAO", "nombdep": "PUNO", "nombprov": "EL COLLAO"}, "geometry": {"type": "Polygon", "coordinates": [[[-69.60568735399994, -15.956406607999952], [-69.52763035399994, -15.97298160899993], [-69.47949097899993, -16.001248483999973], [-69.46241835399996, -16.01799185899995], [-69.47925535399997, -16.00407248399995], [-69.49453985399998, -16.015716483999938], [-69.51818135399998, -15.982551108999928], [-69.55714510399997, -15.97535610899996], [-69.60974047299999, -15.983391457999971], [-69.62119997899998, -16.013669983999932], [-69.65116997899997, -16.015419983999948], [-69.65532997899999, -16.059909983999944], [-69.70267310399998, -16.086610983999947], [-69.66888997899997, -16.114919983999982], [-69.68894535399994, -16.128664483999955], [-69.70656497899995, -16.194484983999928], [-69.76046997899994, -16.215329983999936], [-69.77557997999997, -16.25992998399994], [-69.80734385499994, -16.277864483999963], [-69.80287997999994, -16.344369983999968], [-69.78499997999995, -16.36219998399997], [-69.79973997999997, -16.385489983999946], [-69.85098997999995, -16.399959983999963], [-69.89527722999998, -16.509008983999934], [-69.96347460499999, -16.538403608999943], [-70.02567597999996, -16.599337608999974], [-70.02462410499999, -16.631183733999933], [-70.00147172999993, -16.656573983999976], [-70.01176672999998, -16.688483858999973], [-69.99556310499997, -16.729775983999957], [-70.03554197999995, -16.74288973399996], [-70.05781635499994, -16.78781248399997], [-70.09031385499998, -16.810854733999975], [-70.09427885499997, -16.890924858999938], [-70.14662497999996, -16.93873048399996], [-70.04233997999995, -17.05870998499995], [-70.04033047999997, -17.127678984999932], [-70.02513185499998, -17.122181484999942], [-69.94279997999996, -17.197839984999973], [-69.85077997999997, -17.244079984999928], [-69.78824997999993, -17.236439984999947], [-69.76183997899994, -17.28043998499993], [-69.73106997899998, -17.295469984999954], [-69.65543997899994, -17.270749984999952], [-69.64131997899995, -17.287449984999967], [-69.56279847899998, -17.174983234999956], [-69.60296885399998, -17.09576310999995], [-69.53476710399997, -17.060860359999936], [-69.54657672899998, -16.979442108999933], [-69.53406235399996, -16.965286358999947], [-69.56846097899995, -16.916921483999943], [-69.55505572899995, -16.849273608999965], [-69.56584985399996, -16.83320060899996], [-69.51162697899997, -16.746865733999982], [-69.54250510399999, -16.671182233999957], [-69.49756172899998, -16.655653858999926], [-69.48756847899995, -16.623944483999935], [-69.49915597899997, -16.56551698399994], [-69.48505447899998, -16.55485273399995], [-69.47088835399995, -16.473887858999944], [-69.48380010399995, -16.428743733999966], [-69.51687722899999, -16.435060358999976], [-69.53605985399997, -16.417985483999928], [-69.55441997899999, -16.446372983999936], [-69.56303610399993, -16.43128973399996], [-69.58293097899997, -16.442964983999957], [-69.66069997899996, -16.425929983999936], [-69.68672997899995, -16.377959983999972], [-69.66803997899996, -16.36460998399997], [-69.67238997899995, -16.337009983999963], [-69.65208597899993, -16.339156358999958], [-69.65505997899999, -16.315109983999946], [-69.59199597899993, -16.286213233999945], [-69.57261997899997, -16.17433998399997], [-69.51388885399996, -16.17996923399994], [-69.51089747899994, -16.157913108999935], [-69.50279960399996, -16.17376435899996], [-69.49185535399994, -16.160083983999982], [-69.50547685399994, -16.143738608999968], [-69.46947835399999, -16.112616483999943], [-69.45557222899998, -16.06068823399994], [-69.43895597899996, -16.054191233999973], [-69.45548522899998, -16.045923733999928], [-69.43688010399995, -16.049835858999927], [-69.43176235399994, -16.08036123399995], [-69.45280997899994, -16.114427233999947], [-69.43030947899996, -16.094443483999953], [-69.42229035399998, -16.057230233999974], [-69.45173547899998, -15.99361048399993], [-69.48144085399997, -15.994225233999941], [-69.50383535399999, -15.981549358999928], [-69.54987922899994, -15.962841857999933], [-69.60568735399994, -15.956406607999952]]]}}, {"id": "167", "type": "Feature", "properties": {"idProv": "PUNO - HUANCANE", "nombdep": "PUNO", "nombprov": "HUANCANE"}, "geometry": {"type": "Polygon", "coordinates": [[[-69.44993135399994, -14.787009481999974], [-69.49486997899999, -14.762859981999952], [-69.51187660399995, -14.773841481999966], [-69.49954310399994, -14.802374231999977], [-69.52966385399998, -14.842957481999974], [-69.51766297899997, -14.876171356999976], [-69.54178510399998, -14.92942973299995], [-69.61209597899995, -14.913158732999932], [-69.62166497899995, -14.949569982999947], [-69.71238997899997, -14.954189982999935], [-69.73094135399998, -14.997689482999931], [-69.78240822999999, -14.954554732999952], [-69.80095135499994, -14.958763107999971], [-69.79954085499998, -14.979753857999981], [-69.83339860499996, -14.98765360799996], [-69.85143597999996, -15.042782357999954], [-69.88566860499998, -15.081338107999954], [-69.87620822999997, -15.10713173299996], [-69.90030660499997, -15.170482482999944], [-69.88098572999996, -15.20100010799996], [-69.90322685499996, -15.235645357999942], [-69.94085999699996, -15.238255745999936], [-70.00610322999995, -15.291586357999961], [-70.00599897999996, -15.327094232999968], [-69.97585835499996, -15.387219607999953], [-70.02545447999995, -15.39836773299993], [-70.05101097999994, -15.354274482999926], [-70.06635947999996, -15.353416607999975], [-70.09470555699994, -15.383676898999965], [-70.07064714799998, -15.397427023999967], [-70.08129487999997, -15.39876759799995], [-70.07113434699994, -15.425239319999946], [-70.08404503099996, -15.455237986999975], [-70.02539485499994, -15.437926107999942], [-70.02818610499997, -15.458192607999933], [-69.99141847999994, -15.486628732999975], [-69.99655997999997, -15.506099982999956], [-69.97177997999995, -15.53634998299998], [-69.93578322999997, -15.509027357999969], [-69.90511660499993, -15.506779732999973], [-69.89693760499995, -15.494627732999959], [-69.94298635499996, -15.397209482999926], [-69.92795560499997, -15.384882982999954], [-69.93312197999995, -15.361245232999977], [-69.92552735499999, -15.38426173299996], [-69.90477347999996, -15.355740232999949], [-69.87612010499998, -15.35988948299996], [-69.87386047999996, -15.377161607999938], [-69.86054560499997, -15.361571107999964], [-69.79112485499996, -15.351904857999955], [-69.83943197999997, -15.349611982999932], [-69.83658935499994, -15.338925607999954], [-69.84486810499993, -15.330261607999944], [-69.84419147999995, -15.352999607999948], [-69.87168922999996, -15.366896982999947], [-69.87393947999993, -15.351336732999982], [-69.89265197999998, -15.340973607999956], [-69.87732847999996, -15.348603857999933], [-69.85692797999997, -15.347443857999963], [-69.88957022999995, -15.33159298299995], [-69.90285172999995, -15.303273482999941], [-69.87590685499998, -15.310210232999964], [-69.89796210499998, -15.297690982999939], [-69.86922322999999, -15.290209107999942], [-69.85607272999994, -15.302694482999982], [-69.83679210499997, -15.278893982999932], [-69.82380410499997, -15.30245923299998], [-69.81841997999999, -15.306799982999962], [-69.83057922999996, -15.282099607999953], [-69.81496385499997, -15.274082232999945], [-69.78119947999994, -15.31988760799993], [-69.75166335399996, -15.302652482999974], [-69.75094297899994, -15.283203607999951], [-69.69916885399994, -15.309943732999955], [-69.71445410399997, -15.277926107999974], [-69.74060122899994, -15.279244107999943], [-69.73454897899995, -15.270925982999927], [-69.75929435399996, -15.257884357999956], [-69.70924972899996, -15.233036357999936], [-69.68618672899999, -15.238326357999938], [-69.68870560399995, -15.255028232999962], [-69.67742385399998, -15.243037107999953], [-69.65510910399996, -15.271365857999967], [-69.63805860399998, -15.261476607999953], [-69.54311297899994, -15.308452857999953], [-69.54748635399994, -15.284958982999967], [-69.51945422899996, -15.24856910799997], [-69.48606997899998, -15.271579982999981], [-69.44730947899995, -15.266848357999947], [-69.44338335399993, -15.244410107999954], [-69.40107997899997, -15.212799982999968], [-69.36199997899996, -15.214069982999945], [-69.35063985399995, -15.187235232999967], [-69.29276885399997, -15.162219482999944], [-69.24063472899996, -15.186843732999932], [-69.17629610399996, -15.26135973299995], [-69.12011997899998, -15.260119982999981], [-69.19075997899995, -15.15856998299995], [-69.24346322899999, -15.112206107999953], [-69.27728522899997, -15.109902107999972], [-69.32323997899994, -15.00458998299996], [-69.36056997899993, -14.961059982999927], [-69.36458785399998, -14.930980482999928], [-69.34387135399999, -14.882726856999966], [-69.35379685399994, -14.801665731999947], [-69.40379997899998, -14.825659981999934], [-69.41351997899994, -14.855039981999937], [-69.43803997899994, -14.834109981999973], [-69.44993135399994, -14.787009481999974]]]}}, {"id": "168", "type": "Feature", "properties": {"idProv": "PUNO - LAMPA", "nombdep": "PUNO", "nombprov": "LAMPA"}, "geometry": {"type": "Polygon", "coordinates": [[[-70.48742085499998, -14.930921607999949], [-70.50071272999998, -14.913931607999928], [-70.49950072999997, -14.95148710799998], [-70.54256960499998, -14.993414732999952], [-70.53183910499996, -15.027949857999943], [-70.55031985499994, -15.083790732999944], [-70.53334310499997, -15.094899357999964], [-70.53262360499997, -15.135729732999948], [-70.51256635499993, -15.146009732999971], [-70.54686860499999, -15.19465323299994], [-70.61172197999997, -15.11915685799994], [-70.65732310499999, -15.13399848299997], [-70.68287510499994, -15.115212482999937], [-70.70788847999995, -15.126632232999953], [-70.70939172999994, -15.084845607999966], [-70.76180147999997, -15.02988660799997], [-70.83440435499995, -15.00132035799993], [-70.86684998099997, -15.039149982999959], [-70.90431510599996, -15.038347732999966], [-70.99360035599994, -15.084587357999965], [-70.96250248099994, -15.215636857999982], [-70.98528060599995, -15.249029607999944], [-70.95015648099996, -15.301954357999932], [-70.95905821099996, -15.31905153599996], [-70.98511335599994, -15.316676607999966], [-71.00611898099999, -15.33522735799994], [-71.03897098099998, -15.405165732999933], [-70.99292760599997, -15.45885948299997], [-71.01836398099994, -15.500021982999954], [-71.00652660599997, -15.565525107999974], [-70.91798398099996, -15.643800732999978], [-70.89992510599996, -15.717626607999932], [-70.94226835599994, -15.774924232999979], [-70.89217373099996, -15.850568732999932], [-70.84476998099996, -15.805859982999948], [-70.81385997999996, -15.81439998299993], [-70.79725585499995, -15.780317607999962], [-70.74613860499994, -15.776066107999952], [-70.68715035499997, -15.794495232999964], [-70.63823660499997, -15.746382982999933], [-70.60863697999997, -15.75883048299994], [-70.57235747999994, -15.71968735799993], [-70.54590485499995, -15.738593482999931], [-70.52835997999995, -15.688199982999947], [-70.47476822999994, -15.656998732999966], [-70.43383210499996, -15.677021857999932], [-70.36660810499995, -15.664288357999965], [-70.25733422999997, -15.55155173299994], [-70.27081022999994, -15.510943482999949], [-70.29673997999998, -15.48873998299996], [-70.28876997999998, -15.464349982999977], [-70.32061997999995, -15.453279982999959], [-70.34028997999997, -15.410139982999965], [-70.30629960499994, -15.386045107999962], [-70.26869585499998, -15.395482732999938], [-70.26686560499996, -15.374937607999982], [-70.29237310499997, -15.354216857999972], [-70.27573822999994, -15.313931607999962], [-70.18074028399997, -15.376986647999956], [-70.15924183599998, -15.354842534999932], [-70.15456860499995, -15.297733982999944], [-70.20439585499997, -15.298963607999951], [-70.20903285499998, -15.251915607999933], [-70.22738672999998, -15.25197073299995], [-70.22968947999993, -15.201273482999966], [-70.27347697999994, -15.165601857999945], [-70.35691060499994, -15.16255360799994], [-70.34457647999994, -15.073390357999926], [-70.36398910499997, -15.035632107999959], [-70.34507297999994, -15.03197148299995], [-70.36500860499996, -15.014351232999957], [-70.36128772999996, -14.998215357999982], [-70.38310160499998, -15.000240732999941], [-70.37556860499996, -14.98310373299995], [-70.40398385499998, -14.958434482999962], [-70.41966022999998, -14.965965732999962], [-70.46276835499998, -14.92773323299997], [-70.48742085499998, -14.930921607999949]]]}}, {"id": "169", "type": "Feature", "properties": {"idProv": "PUNO - MELGAR", "nombdep": "PUNO", "nombprov": "MELGAR"}, "geometry": {"type": "Polygon", "coordinates": [[[-70.71468397999996, -14.078263231999927], [-70.78981835499997, -14.078816356999937], [-70.82114447999999, -14.141146856999967], [-70.88618248099993, -14.171405481999955], [-70.89979260599995, -14.232986231999973], [-70.87991460599994, -14.270434106999971], [-70.91345685599998, -14.30331948199995], [-70.90795448099993, -14.334271231999935], [-70.98603598099999, -14.379762481999933], [-70.96235298099998, -14.444538981999926], [-70.98797260599997, -14.455320356999948], [-70.98658535599998, -14.49871798199996], [-70.99934885599998, -14.502638106999939], [-70.96611648099997, -14.568335981999951], [-70.97770323099996, -14.583021106999979], [-71.01471035599997, -14.577978481999935], [-71.01005310599999, -14.597541981999939], [-71.03104198099999, -14.593262606999929], [-71.11809173099994, -14.647949856999958], [-71.05324048099999, -14.754330481999943], [-71.02776348099997, -14.760074981999935], [-71.01309348099994, -14.739693856999963], [-70.97505923099999, -14.764981981999938], [-70.97832660599994, -14.824154606999969], [-70.99659185599995, -14.84394348199993], [-70.98474035599997, -14.946068482999976], [-71.00442210599994, -14.975204232999943], [-70.99360035599994, -15.084587357999965], [-70.90431510599996, -15.038347732999966], [-70.86684998099997, -15.039149982999959], [-70.83440435499995, -15.00132035799993], [-70.76180147999997, -15.02988660799997], [-70.70939172999994, -15.084845607999966], [-70.70788847999995, -15.126632232999953], [-70.68287510499994, -15.115212482999937], [-70.65732310499999, -15.13399848299997], [-70.61172197999997, -15.11915685799994], [-70.54816085499994, -15.19489135799995], [-70.51256635499993, -15.146009732999971], [-70.53262360499997, -15.135729732999948], [-70.53334310499997, -15.094899357999964], [-70.55031985499994, -15.083790732999944], [-70.53183910499996, -15.027949857999943], [-70.54237960499995, -14.992579107999973], [-70.49950072999997, -14.95148710799998], [-70.50071272999998, -14.913931607999928], [-70.47666272999999, -14.93808973299997], [-70.46551697999996, -14.928152732999934], [-70.46103785499997, -14.891121357999964], [-70.43642110499997, -14.857896356999959], [-70.45423460499995, -14.824920231999954], [-70.44554272999994, -14.787990481999941], [-70.38209547999998, -14.66787435699996], [-70.38774685499999, -14.636712981999949], [-70.41724335499998, -14.61490723199995], [-70.43076797999998, -14.579098106999936], [-70.40403597999995, -14.562299731999929], [-70.36545385499994, -14.597381981999945], [-70.34256985499997, -14.579297981999957], [-70.36920472999998, -14.541050731999974], [-70.32954997999997, -14.46807998199995], [-70.31521422999998, -14.380018106999955], [-70.32782435499996, -14.352833356999952], [-70.28113510499998, -14.329403856999932], [-70.26650947999997, -14.29052185699993], [-70.29036122999997, -14.258310606999942], [-70.28944785499993, -14.218281606999938], [-70.31629585499996, -14.205842231999952], [-70.32946222999993, -14.175177356999939], [-70.35663535499998, -14.170594981999955], [-70.38774072999996, -14.196217106999939], [-70.42516972999994, -14.178093856999965], [-70.47502122999998, -14.22101748199998], [-70.49596947999999, -14.22035398199995], [-70.54118560499995, -14.189708856999971], [-70.55104822999994, -14.155318481999927], [-70.57004610499996, -14.144598981999934], [-70.60724547999996, -14.161480231999974], [-70.65240010499997, -14.120857606999948], [-70.69202435499994, -14.12391510699996], [-70.71468397999996, -14.078263231999927]]]}}, {"id": "170", "type": "Feature", "properties": {"idProv": "PUNO - MOHO", "nombdep": "PUNO", "nombprov": "MOHO"}, "geometry": {"type": "Polygon", "coordinates": [[[-69.28386972899995, -15.17016685799996], [-69.35063985399995, -15.187235232999967], [-69.36569997899994, -15.215479982999966], [-69.40107997899997, -15.212799982999968], [-69.44338335399993, -15.244410107999954], [-69.44730947899995, -15.266848357999947], [-69.48606997899998, -15.271579982999981], [-69.51945422899996, -15.24856910799997], [-69.54748635399994, -15.284958982999967], [-69.54311297899994, -15.308452857999953], [-69.63894385399993, -15.26122348299998], [-69.66829472899997, -15.274800482999979], [-69.64034672899999, -15.28599348299997], [-69.63335022899997, -15.31299385799997], [-69.65386810399997, -15.297891357999958], [-69.63012972899998, -15.330719607999981], [-69.63425310399998, -15.353219982999974], [-69.62227897899999, -15.344360857999959], [-69.58905172899995, -15.373046232999968], [-69.56658972899999, -15.34756460799997], [-69.55322122899997, -15.376014482999949], [-69.52211085399995, -15.369968107999966], [-69.53169710399999, -15.386796982999954], [-69.44032360399996, -15.46255760799994], [-69.43214397899999, -15.505596982999975], [-69.41498897899999, -15.497976732999973], [-69.43307447899997, -15.47830748299998], [-69.37611047899998, -15.471496232999982], [-69.35002047499995, -15.510837677999973], [-69.36307885399998, -15.514148357999943], [-69.37708472899993, -15.482022107999967], [-69.39110972899994, -15.507250982999949], [-69.33111835399995, -15.537947107999969], [-69.29007172899998, -15.43687960799997], [-69.25351135399995, -15.469192607999958], [-69.24082660399995, -15.460393482999962], [-69.23233460399996, -15.441795857999978], [-69.24984697899998, -15.426719232999972], [-69.26032947899995, -15.374036357999955], [-69.21564160399998, -15.317158107999944], [-69.19479272899997, -15.315039232999936], [-69.17320860399997, -15.255771982999931], [-69.22690397899999, -15.215344732999938], [-69.24063472899996, -15.186843732999932], [-69.28386972899995, -15.17016685799996]]]}}, {"id": "171", "type": "Feature", "properties": {"idProv": "PUNO - SAN ANTONIO DE PUTINA", "nombdep": "PUNO", "nombprov": "SAN ANTONIO DE PUTINA"}, "geometry": {"type": "Polygon", "coordinates": [[[-69.24724522899999, -14.31540148199997], [-69.27407997899996, -14.31131998199993], [-69.27080185399996, -14.347432356999946], [-69.30313310399998, -14.399120481999944], [-69.28917260399999, -14.424953606999964], [-69.29643085399994, -14.485542731999942], [-69.33320247899997, -14.576415356999973], [-69.32829672899999, -14.613576106999972], [-69.34784547899994, -14.623523856999952], [-69.37255547899997, -14.610176856999942], [-69.44155335399995, -14.613054231999968], [-69.46629735399995, -14.587509231999945], [-69.52461560399996, -14.603686231999973], [-69.54890597899998, -14.626902106999978], [-69.58175585399994, -14.627220731999955], [-69.61352997899996, -14.66181998199994], [-69.65712997899993, -14.608649981999974], [-69.67209947899994, -14.523624606999931], [-69.72739997899998, -14.508729981999977], [-69.77774222999994, -14.448595356999931], [-69.81026997999999, -14.459379981999973], [-69.88987510499999, -14.434274356999936], [-69.89493822999998, -14.478301356999964], [-69.94984435499998, -14.49155260699996], [-69.99086997999996, -14.528969981999978], [-70.01182622999994, -14.558917981999969], [-69.98859260499995, -14.583318731999952], [-69.93357710499998, -14.568652356999962], [-69.91394922999996, -14.57965748199996], [-69.90080897999997, -14.565851481999971], [-69.87743997999996, -14.602469981999946], [-69.86113997999996, -14.590419981999958], [-69.84859460499996, -14.655800106999948], [-69.85866460499994, -14.686282481999967], [-69.83617572999998, -14.738380856999981], [-69.85415697999997, -14.76078760699994], [-69.84956635499998, -14.790081981999947], [-69.90075385499995, -14.827275356999962], [-69.91162247999995, -14.865289731999951], [-69.93818747999995, -14.842853481999953], [-69.98857810499999, -14.873097606999977], [-69.96592472999998, -14.925445107999963], [-69.97610547999994, -14.944005857999969], [-69.95821522999995, -14.96437948299996], [-69.96689647999995, -15.029646982999964], [-69.94733072999998, -15.055045107999945], [-69.92193347999995, -15.05939210799994], [-69.91728322999995, -15.097923857999945], [-69.87660935499997, -15.108755857999938], [-69.88566860499998, -15.081338107999954], [-69.85143597999996, -15.042782357999954], [-69.84733997999996, -15.004889982999941], [-69.82754247999998, -14.98182823299993], [-69.79845522999995, -14.978849607999962], [-69.80024622999997, -14.958140732999937], [-69.76489960399994, -14.963362857999982], [-69.73094135399998, -14.997689482999931], [-69.71238997899997, -14.954189982999935], [-69.62166497899995, -14.949569982999947], [-69.61209597899995, -14.913158732999932], [-69.54178510399998, -14.92942973299995], [-69.51766297899997, -14.876171356999976], [-69.52966385399998, -14.842957481999974], [-69.49954310399994, -14.802374231999977], [-69.51246485399997, -14.775679856999943], [-69.49754997899998, -14.763739981999947], [-69.46303572899996, -14.772609856999964], [-69.43803997899994, -14.834109981999973], [-69.41351997899994, -14.855039981999937], [-69.40379997899998, -14.825659981999934], [-69.30265035399998, -14.765837231999967], [-69.23993997899998, -14.759473731999947], [-69.22487060399999, -14.739024731999962], [-69.25837297899994, -14.683976731999962], [-69.22790122899994, -14.654161106999936], [-69.22158222899998, -14.582270481999956], [-69.15003035399997, -14.580314231999978], [-69.14354160399995, -14.530258231999937], [-69.15424222899998, -14.522075356999949], [-69.12129647899997, -14.51021310699997], [-69.11264735399993, -14.491156856999964], [-69.14879535399996, -14.451316856999938], [-69.22049022899995, -14.439273481999976], [-69.22844197899997, -14.342635856999948], [-69.24724522899999, -14.31540148199997]]]}}, {"id": "172", "type": "Feature", "properties": {"idProv": "PUNO - SAN ROMAN", "nombdep": "PUNO", "nombprov": "SAN ROMAN"}, "geometry": {"type": "Polygon", "coordinates": [[[-70.18074028399997, -15.376986647999956], [-70.27573822999994, -15.313931607999962], [-70.29237310499997, -15.354216857999972], [-70.26686560499996, -15.374937607999982], [-70.26869585499998, -15.395482732999938], [-70.30629960499994, -15.386045107999962], [-70.34078597999996, -15.411646232999942], [-70.32061997999995, -15.453279982999959], [-70.28876997999998, -15.464349982999977], [-70.29673997999998, -15.48873998299996], [-70.27081022999994, -15.510943482999949], [-70.25924585499996, -15.55531098299997], [-70.37627485499996, -15.670086732999948], [-70.43577122999994, -15.676841232999948], [-70.46615922999996, -15.654051982999931], [-70.52835997999995, -15.688199982999947], [-70.54684597999994, -15.738978607999968], [-70.57160435499998, -15.71944710799994], [-70.60863697999997, -15.75883048299994], [-70.63823660499997, -15.746382982999933], [-70.68715035499997, -15.794495232999964], [-70.74613860499994, -15.776066107999952], [-70.80033835499995, -15.78161023299998], [-70.81385997999996, -15.81439998299993], [-70.84476998099996, -15.805859982999948], [-70.88835185599999, -15.84155035799995], [-70.89629360599997, -15.877407982999955], [-70.88590998099994, -15.893464982999944], [-70.86578360599998, -15.88938610799994], [-70.84327698099997, -15.923255857999948], [-70.83219922999996, -15.949095732999979], [-70.84130860599998, -15.971826608999947], [-70.80750910499995, -15.988016983999955], [-70.79996960499994, -15.975963608999962], [-70.77596997999996, -16.013399983999932], [-70.72210997999997, -16.034189983999966], [-70.64081997999995, -15.98763998399994], [-70.62476997999994, -16.003019983999934], [-70.51656622999997, -15.976244483999949], [-70.48080835499997, -15.94649848299997], [-70.47927797999995, -15.911195482999972], [-70.44616947999998, -15.895728857999927], [-70.41906160499997, -15.819413607999934], [-70.43842172999996, -15.787146982999957], [-70.41575485499999, -15.736613482999928], [-70.37426285499998, -15.74103648299996], [-70.34143360499996, -15.726128732999939], [-70.31278997999993, -15.736899982999944], [-70.26130322999995, -15.67369035799993], [-70.20507997999994, -15.642269982999949], [-70.20122997999994, -15.616879982999933], [-70.16794997999995, -15.632239982999977], [-70.14546985499999, -15.669876107999926], [-70.12344435499995, -15.637498857999958], [-70.08374222999998, -15.64246285799993], [-70.02573047999994, -15.565499982999938], [-69.99817797999998, -15.559651857999938], [-70.01070360499995, -15.55222110799997], [-69.96178247999995, -15.546814732999962], [-69.99655997999997, -15.506099982999956], [-69.99141847999994, -15.486628732999975], [-70.02818610499997, -15.458192607999933], [-70.02539485499994, -15.437926107999942], [-70.08404503099996, -15.455237986999975], [-70.07113434699994, -15.425239319999946], [-70.08129487999997, -15.39876759799995], [-70.07064714799998, -15.397427023999967], [-70.09076244999994, -15.389971131999971], [-70.10713599999997, -15.345258999999942], [-70.13203299999998, -15.333819999999946], [-70.18074028399997, -15.376986647999956]]]}}, {"id": "173", "type": "Feature", "properties": {"idProv": "PUNO - SANDIA", "nombdep": "PUNO", "nombprov": "SANDIA"}, "geometry": {"type": "Polygon", "coordinates": [[[-68.85317560399994, -13.01590048099996], [-68.87187322899996, -13.003925855999967], [-69.64985997899998, -13.341719980999926], [-69.65412810399994, -13.379787730999965], [-69.63230860399995, -13.408256730999938], [-69.65443697899997, -13.45861460599997], [-69.67919522899996, -13.457719980999968], [-69.66895247899998, -13.475210980999975], [-69.68355610399993, -13.501485730999946], [-69.71313522899999, -13.505575480999937], [-69.72377222899996, -13.49222998099998], [-69.73706497899997, -13.50569935599998], [-69.69623997899998, -13.521699980999927], [-69.72604997899998, -13.591999980999958], [-69.72628997899994, -13.634689980999951], [-69.75235847899995, -13.676534730999947], [-69.75371960399997, -13.737892230999933], [-69.78574385499996, -13.750721480999971], [-69.73245547899995, -13.811691480999968], [-69.72845247899994, -13.841088106999962], [-69.66445572899994, -13.88237798199998], [-69.66486785399997, -13.904911481999932], [-69.70220997899997, -13.935779981999929], [-69.72537997899997, -14.019159981999962], [-69.76465997899999, -14.030839981999975], [-69.79753997999995, -14.06666998199995], [-69.83290635499998, -14.138167106999958], [-69.82333147999998, -14.161903981999956], [-69.85044660499995, -14.212165481999932], [-69.85350660499995, -14.256478856999934], [-69.84007447999994, -14.274627731999942], [-69.78528910499995, -14.275931606999961], [-69.78323335499994, -14.311986856999965], [-69.72833110399995, -14.348238231999972], [-69.72216760399994, -14.42093585699996], [-69.68899222899995, -14.420833856999934], [-69.66048122899997, -14.45185635699994], [-69.69096147899995, -14.517818731999967], [-69.66663997899997, -14.531039981999982], [-69.65712997899993, -14.608649981999974], [-69.61352997899996, -14.66181998199994], [-69.58175585399994, -14.627220731999955], [-69.54890597899998, -14.626902106999978], [-69.48171522899997, -14.589952106999931], [-69.46061497899996, -14.587400481999964], [-69.44467460399994, -14.611627356999975], [-69.41272710399994, -14.62110973199998], [-69.32851872899994, -14.613909106999927], [-69.33320247899997, -14.576415356999973], [-69.31332110399995, -14.552051606999953], [-69.29059422899996, -14.451506231999929], [-69.30313310399998, -14.399120481999944], [-69.27080185399996, -14.347432356999946], [-69.26904135399997, -14.307063356999947], [-69.22844197899997, -14.342635856999948], [-69.22049022899995, -14.439273481999976], [-69.18172997899995, -14.438369981999926], [-69.09877810399996, -14.48608773199993], [-69.08194922899997, -14.44443948199995], [-69.02838410399994, -14.424818856999934], [-68.98523385399994, -14.37431798199998], [-69.01524335399995, -14.314709231999927], [-68.97924872899995, -14.265625481999962], [-68.98500572899997, -14.237115231999951], [-68.96240622899995, -14.220054731999937], [-68.82779997899996, -14.219419981999977], [-68.85617997899993, -14.162669981999954], [-68.83328997899997, -14.144869981999932], [-68.87112997899999, -14.111059981999972], [-68.89032035399998, -14.046605481999961], [-68.93633985399998, -14.026345731999982], [-68.97889322899994, -13.976530106999974], [-68.96330110399998, -13.948669606999943], [-68.98283472899993, -13.930081856999948], [-68.98252760399998, -13.894712356999946], [-68.95096497899993, -13.878670356999976], [-68.91723560399998, -13.814172355999972], [-68.99423010399994, -13.78751235599998], [-68.97445997899996, -13.760589980999953], [-69.02594722899994, -13.739292980999949], [-69.06724222899999, -13.68675198099993], [-69.04684572899998, -13.644996105999951], [-68.99578910399998, -13.652390605999926], [-68.99020310399999, -13.634894480999947], [-69.00504497899993, -13.624119105999966], [-68.95247260399998, -13.604400355999928], [-68.94082710399994, -13.52228185599995], [-68.91933785399993, -13.52532810599996], [-68.91675772899998, -13.484271105999937], [-68.90599022899994, -13.456671855999957], [-68.89607622899996, -13.461259730999927], [-68.90599810399993, -13.437068230999955], [-68.89879685399995, -13.446712855999976], [-68.88948635399998, -13.435396480999941], [-68.89167772899998, -13.383185605999927], [-68.86879685399998, -13.35924223099994], [-68.87878785399994, -13.329377980999936], [-68.85940622899994, -13.312287105999928], [-68.86191460399994, -13.271275230999947], [-68.84901885399995, -13.269614480999962], [-68.85951585399994, -13.255960105999975], [-68.84528747899998, -13.246693105999952], [-68.87213197899996, -13.181356105999953], [-68.86113210399998, -13.183484480999937], [-68.85679585399998, -13.16995848099998], [-68.87085897899993, -13.168028980999964], [-68.85808872899997, -13.150524605999976], [-68.87801972899996, -13.136202855999954], [-68.87310660399999, -13.113089230999947], [-68.85924247899999, -13.11328810599997], [-68.86300185399995, -13.047428105999927], [-68.85011235399998, -13.047985105999942], [-68.86678122899997, -13.03087860599993], [-68.85317560399994, -13.01590048099996]]]}}, {"id": "174", "type": "Feature", "properties": {"idProv": "PUNO - YUNGUYO", "nombdep": "PUNO", "nombprov": "YUNGUYO"}, "geometry": {"type": "MultiPolygon", "coordinates": [[[[-68.97740222899995, -16.189208983999947], [-69.01276397899994, -16.21976160899993], [-69.05525885399999, -16.197361608999927], [-69.10250360399993, -16.224132983999937], [-69.09731122899996, -16.243817858999932], [-69.20017160399993, -16.264186233999965], [-69.20331785399998, -16.300644483999974], [-69.14134335399996, -16.33158335899998], [-69.13630914899994, -16.397247250999953], [-69.11671822899996, -16.365443108999955], [-69.05422310399996, -16.392630733999965], [-69.04718997899994, -16.420339983999952], [-69.02321585399994, -16.40413798399993], [-69.02195872899995, -16.331905983999945], [-69.05000672899996, -16.283111858999973], [-69.07812685399995, -16.27592735899998], [-69.07707222899995, -16.26047585899994], [-69.05507185399995, -16.249058108999975], [-69.03136472899996, -16.274708483999973], [-68.99048872899994, -16.23632060899996], [-69.00646660399997, -16.27138810899993], [-68.98308097899996, -16.265396358999965], [-68.95872022899994, -16.226642608999953], [-68.95664497899998, -16.196566983999958], [-68.97740222899995, -16.189208983999947]]], [[[-68.81421685399994, -16.347986358999947], [-68.81421685399994, -16.31977348399994], [-68.91839910399995, -16.233295358999953], [-68.91838872899996, -16.403720733999933], [-68.81421685399994, -16.347986358999947]]], [[[-68.94493947899997, -16.244831983999973], [-68.94537885399996, -16.227246108999964], [-68.95329297899997, -16.22645510899997], [-68.94493947899997, -16.244831983999973]]]]}}, {"id": "175", "type": "Feature", "properties": {"idProv": "SAN MARTIN - MOYOBAMBA", "nombdep": "SAN MARTIN", "nombprov": "MOYOBAMBA"}, "geometry": {"type": "Polygon", "coordinates": [[[-77.67186973699995, -5.408771223999963], [-77.74482773699998, -5.406899098999929], [-77.64184998699994, -5.522739973999933], [-77.65900998699993, -5.57197997399993], [-77.57541998699998, -5.712819973999956], [-77.53329998699996, -5.704439973999968], [-77.50891998699996, -5.673409973999981], [-77.44606948699999, -5.6896550989999355], [-77.42040711199996, -5.678734098999939], [-77.40164536199995, -5.710206973999959], [-77.35982761199995, -5.719789223999953], [-77.34026973699997, -5.759402973999954], [-77.29888436199997, -5.755467598999928], [-77.29963448699993, -5.767443723999975], [-77.26740636099998, -5.7784447239999395], [-77.23775361099996, -5.860664973999974], [-77.24646698599997, -5.882767098999977], [-77.21270123599999, -5.907631848999927], [-77.20290036099993, -5.940022473999932], [-77.14204748599997, -5.936534973999926], [-77.15596873599998, -6.039284973999941], [-77.13686486099994, -6.086185223999962], [-77.14636923599994, -6.108001348999949], [-77.12353886099999, -6.1329305989999625], [-77.12453586099997, -6.203358723999941], [-77.19727536099998, -6.233419973999958], [-77.13272523599994, -6.302421099999947], [-77.14658286099996, -6.351112474999979], [-77.12712111099995, -6.388933599999973], [-77.00608011099996, -6.41330284999998], [-76.97164448599995, -6.383216349999941], [-76.95709411099995, -6.398985724999932], [-76.93892648599996, -6.390050349999967], [-76.94410061099995, -6.354251224999928], [-76.97181261099996, -6.3225153499999465], [-76.95387398599996, -6.280265098999962], [-76.90071486099998, -6.287746098999946], [-76.86710273599994, -6.264608598999928], [-76.83514448599993, -6.2851523489999295], [-76.81536573599999, -6.244462723999959], [-76.83754998599994, -6.110359973999948], [-76.88405998599995, -6.081129973999964], [-76.84707998599998, -6.030719973999965], [-76.76089998599997, -6.010119973999963], [-76.74558498599998, -5.974896098999977], [-76.77774361099995, -5.900554973999931], [-76.82020348599997, -5.859285848999946], [-76.82460423599997, -5.757296098999973], [-76.86183198599997, -5.739726473999951], [-76.89284361099999, -5.747782473999962], [-76.97290823599997, -5.698953098999937], [-76.99560561099997, -5.667119098999933], [-77.12691023599996, -5.650993598999946], [-77.14235186099995, -5.625438598999949], [-77.17867248599998, -5.6414240989999485], [-77.20216123599994, -5.634464473999969], [-77.23194136099994, -5.595460973999934], [-77.26580098599999, -5.61396947399993], [-77.27990986099996, -5.601084973999946], [-77.33702623699998, -5.60402634899998], [-77.37182036199994, -5.567105473999959], [-77.40424073699995, -5.574365598999975], [-77.41059961199994, -5.589753848999976], [-77.46083111199994, -5.584693973999947], [-77.47275173699995, -5.554786848999925], [-77.50736523699999, -5.552664098999969], [-77.49227148699998, -5.51970447399998], [-77.55811911199999, -5.425578098999949], [-77.59481011199995, -5.464224223999963], [-77.67186973699995, -5.408771223999963]]]}}, {"id": "176", "type": "Feature", "properties": {"idProv": "SAN MARTIN - BELLAVISTA", "nombdep": "SAN MARTIN", "nombprov": "BELLAVISTA"}, "geometry": {"type": "Polygon", "coordinates": [[[-76.50080073599997, -6.787648474999969], [-76.52387311099994, -6.72538284999996], [-76.59495098599996, -6.794258974999934], [-76.62091973599996, -6.775824849999935], [-76.68358973599999, -6.8098748499999715], [-76.73620698599996, -6.806249974999957], [-76.70548348599993, -6.881795724999961], [-76.63391986099998, -6.986267724999948], [-76.65345036099995, -7.00897109999994], [-76.63209998599996, -7.042269974999954], [-76.63264823599997, -7.09896759999998], [-76.66899273599995, -7.12812297499994], [-76.63308473599994, -7.149284474999945], [-76.61381473599994, -7.207974474999958], [-76.62387473599995, -7.231904474999965], [-76.58334623599995, -7.2584615999999755], [-76.55740948599998, -7.306736224999952], [-76.57437973599997, -7.385224475999962], [-76.55118273599999, -7.5039592259999495], [-76.57978361099998, -7.60920760099998], [-76.56569723599995, -7.658110850999947], [-76.60999236099997, -7.70289810099996], [-76.63041673599997, -7.749118100999965], [-76.61598186099997, -7.778042100999926], [-76.63675536099998, -7.85413297599996], [-76.61496686099997, -7.851896975999978], [-76.60570511099996, -7.87405072599995], [-76.62798123599998, -7.943813600999931], [-76.59518698599999, -8.001326350999932], [-76.55542136099996, -7.995465850999949], [-76.52004686099997, -8.03136322599994], [-76.45584761099997, -8.055513725999958], [-76.37657886099998, -8.129163475999974], [-76.37643786099994, -8.144978225999978], [-76.33501411099996, -8.14869222599998], [-76.33340886999997, -8.203878565999958], [-76.29752323599996, -8.21813497599993], [-76.23163673599998, -8.21398635099996], [-76.19669110999996, -8.295700350999937], [-76.16583060999994, -8.311226475999945], [-76.13214548499997, -8.37726885099994], [-76.10697381699998, -8.331771679999974], [-76.05634760999999, -8.329290975999982], [-76.04259573499996, -8.341591850999976], [-76.00444799499996, -8.305612673999974], [-75.98427360999995, -8.322151725999959], [-75.92081610999998, -8.29967422599998], [-75.91288585999996, -8.256099975999973], [-75.94116485999996, -8.186183975999938], [-75.93402698499995, -8.134428475999925], [-75.95180298499997, -8.101295225999934], [-75.92098848499995, -8.073119350999946], [-75.84493273499999, -8.059638100999962], [-75.82949285999996, -7.973495850999939], [-75.85879323499995, -7.921125350999944], [-75.92783785999995, -7.957255975999942], [-75.93945560999998, -7.946120100999963], [-75.99285485999997, -7.954280725999979], [-75.97951635999993, -7.900755975999971], [-76.00603973499994, -7.890586850999966], [-76.00849173499995, -7.856042600999956], [-76.04380298499996, -7.7923436009999705], [-76.08443510999996, -7.762560975999975], [-76.08667385999996, -7.729231725999966], [-76.10159260999995, -7.7226639759999784], [-76.10133210999999, -7.650456350999946], [-76.08237498499994, -7.631888725999943], [-76.09387148499997, -7.609725975999936], [-76.07971860999999, -7.584335975999977], [-76.09137360999995, -7.560355725999955], [-76.11567098499995, -7.562502725999934], [-76.12191085999996, -7.525992350999957], [-76.16727535999996, -7.493017600999963], [-76.21494136099994, -7.402297975999943], [-76.19591823499997, -7.334402849999947], [-76.21311136099996, -7.310142599999949], [-76.16666148499996, -7.2675963499999625], [-76.14326410999996, -7.208673224999927], [-76.15936585999998, -7.195670849999942], [-76.16902623499999, -7.082313349999936], [-76.31360236099994, -7.060874349999949], [-76.36931073599999, -7.01700972499998], [-76.41585998599999, -7.0208699749999255], [-76.41907061099994, -7.00141922499995], [-76.45461723599993, -7.013913099999968], [-76.46495998599994, -6.992179974999942], [-76.49862998599997, -6.992539974999943], [-76.50555098599995, -6.968368974999976], [-76.52373098599998, -6.975938974999963], [-76.51961098599998, -6.962238974999934], [-76.54927098599995, -6.928348974999949], [-76.47283561099994, -6.858674224999959], [-76.46305711099996, -6.821088849999967], [-76.50080073599997, -6.787648474999969]]]}}, {"id": "177", "type": "Feature", "properties": {"idProv": "SAN MARTIN - EL DORADO", "nombdep": "SAN MARTIN", "nombprov": "EL DORADO"}, "geometry": {"type": "Polygon", "coordinates": [[[-76.83641798599996, -6.287220723999951], [-76.86710273599994, -6.264608598999928], [-76.90071486099998, -6.287746098999946], [-76.95387398599996, -6.280265098999962], [-76.97181261099996, -6.3225153499999465], [-76.93448986099997, -6.384305349999977], [-76.95252148599997, -6.397160099999951], [-76.94449811099997, -6.439145349999933], [-76.92102761099994, -6.47125372499994], [-76.87733723599996, -6.492676349999954], [-76.84081061099994, -6.549775724999961], [-76.79536311099997, -6.64933547499993], [-76.78599511099998, -6.728248099999973], [-76.73446686099999, -6.802689474999966], [-76.68358973599999, -6.8098748499999715], [-76.62091973599996, -6.775824849999935], [-76.59423098599996, -6.793978974999959], [-76.52420873599993, -6.733797724999931], [-76.52420961099995, -6.692870224999979], [-76.55846711099997, -6.671431474999963], [-76.53788873599996, -6.609882349999964], [-76.59124261099998, -6.594961224999963], [-76.63980861099998, -6.548165974999961], [-76.68376298599998, -6.42546509999994], [-76.78034786099994, -6.41822284999995], [-76.83174023599997, -6.388620474999925], [-76.84394336099996, -6.366816349999965], [-76.83641798599996, -6.287220723999951]]]}}, {"id": "178", "type": "Feature", "properties": {"idProv": "SAN MARTIN - HUALLAGA", "nombdep": "SAN MARTIN", "nombprov": "HUALLAGA"}, "geometry": {"type": "Polygon", "coordinates": [[[-77.25935336099997, -6.329855849999944], [-77.28665998699995, -6.331023474999938], [-77.27551436099998, -6.384731099999954], [-77.19913261099998, -6.419837224999981], [-77.15822323599997, -6.501197099999956], [-77.12277961099994, -6.508618474999935], [-77.08565473599998, -6.5501562249999665], [-77.04661136099998, -6.565689474999942], [-77.07541911099997, -6.6365780999999515], [-77.02541986099999, -6.713501974999929], [-77.03915236099994, -6.730255849999935], [-77.03123236099998, -6.782724599999938], [-76.95703123599998, -6.991478474999951], [-76.90256636099997, -7.009720724999966], [-76.90707998599999, -7.086179974999936], [-76.88503798599999, -7.094663224999977], [-76.85267636099996, -7.0699313499999334], [-76.80537736099996, -7.174822349999943], [-76.78388636099999, -7.162871974999973], [-76.77943061099995, -7.130238849999955], [-76.71529848599994, -7.097690599999964], [-76.68179486099996, -7.089132849999942], [-76.67040373599997, -7.127247099999977], [-76.65818248599999, -7.120534349999957], [-76.63264823599997, -7.09896759999998], [-76.63209998599996, -7.042269974999954], [-76.65345036099995, -7.00897109999994], [-76.63391986099998, -6.986267724999948], [-76.71080173599995, -6.872230224999953], [-76.73792186099996, -6.788007849999929], [-76.78599511099998, -6.728248099999973], [-76.79614836099995, -6.64724147499993], [-76.87718161099997, -6.492878849999954], [-76.92102761099994, -6.47125372499994], [-76.96892536099995, -6.383356849999927], [-77.00608011099996, -6.41330284999998], [-77.06567236099994, -6.4076639749999345], [-77.09747273599999, -6.3873548499999515], [-77.11548473599998, -6.399205224999946], [-77.14658286099996, -6.351112474999979], [-77.16594823599996, -6.379430224999965], [-77.22145636099998, -6.3811327249999295], [-77.25935336099997, -6.329855849999944]]]}}, {"id": "179", "type": "Feature", "properties": {"idProv": "SAN MARTIN - LAMAS", "nombdep": "SAN MARTIN", "nombprov": "LAMAS"}, "geometry": {"type": "Polygon", "coordinates": [[[-76.31533986099998, -6.054066348999925], [-76.40015805399997, -5.953558717999954], [-76.43018105999994, -6.00276635299997], [-76.48092282599998, -6.013962674999959], [-76.56295861499996, -6.001566022999953], [-76.60434498599994, -6.017151098999932], [-76.64001136099995, -6.00260472399998], [-76.71076948599995, -6.0136659739999345], [-76.75443473599995, -5.998390723999933], [-76.78682998599999, -6.023879973999954], [-76.84707998599998, -6.030719973999965], [-76.88405998599995, -6.081129973999964], [-76.83896998599994, -6.107469973999969], [-76.82917998599999, -6.2000899739999795], [-76.81687686099997, -6.203063223999948], [-76.83861611099996, -6.378647349999937], [-76.78034786099994, -6.41822284999995], [-76.68326911099996, -6.425853599999925], [-76.63980861099998, -6.548165974999961], [-76.59124261099998, -6.594961224999963], [-76.53788873599996, -6.609882349999964], [-76.55846711099997, -6.671431474999963], [-76.52420961099995, -6.692870224999979], [-76.47842486099995, -6.6937613499999316], [-76.37372973599997, -6.618353224999964], [-76.49156261099995, -6.487156224999978], [-76.45913673599995, -6.461675724999964], [-76.42548236099998, -6.381304349999937], [-76.38235848599999, -6.394867849999969], [-76.35891836099995, -6.339406224999948], [-76.31578936099999, -6.365656224999952], [-76.26985136099995, -6.426474974999962], [-76.18453635999998, -6.4274487249999765], [-76.18074848499998, -6.459563849999938], [-76.19764923499997, -6.4747838499999375], [-76.16757135999995, -6.505680724999934], [-76.13257885999997, -6.499500349999948], [-76.11279735999995, -6.476167974999953], [-76.07074085999994, -6.472432349999963], [-75.97908898499998, -6.499467099999947], [-75.95405935999997, -6.4904745999999705], [-75.94146223499996, -6.464398224999968], [-75.90005560999998, -6.456121349999933], [-75.92578898499994, -6.400050849999957], [-75.92273610999996, -6.367322349999938], [-75.97853473499998, -6.294108973999926], [-75.91547473499998, -6.156451223999966], [-75.95472966099999, -6.101368423999929], [-76.01353003999998, -6.08358001299996], [-76.08848290899994, -6.107566842999972], [-76.14598935699996, -6.146673399999941], [-76.24714937799996, -6.126061411999956], [-76.31829661099994, -6.086094973999934], [-76.31533986099998, -6.054066348999925]]]}}, {"id": "180", "type": "Feature", "properties": {"idProv": "SAN MARTIN - MARISCAL CACERES", "nombdep": "SAN MARTIN", "nombprov": "MARISCAL CACERES"}, "geometry": {"type": "Polygon", "coordinates": [[[-77.25900936099998, -6.384952724999948], [-77.27743386099996, -6.3861023499999305], [-77.27315861099999, -6.406530849999967], [-77.32635661199998, -6.468027349999943], [-77.35489786199997, -6.560587224999949], [-77.38051173699995, -6.569227974999933], [-77.39386986199997, -6.602688224999952], [-77.43788086199999, -6.602527349999946], [-77.38173298699996, -6.697589099999959], [-77.40555723699998, -6.726214224999978], [-77.45646748699994, -6.680522349999933], [-77.54407423699996, -6.67699609999994], [-77.56876473699998, -6.638217724999947], [-77.62814536199994, -6.612561724999978], [-77.68836998699999, -6.677369974999976], [-77.74029661199995, -6.647456224999928], [-77.74810936199998, -6.744924974999947], [-77.73189786199998, -6.783467349999967], [-77.76471686199994, -6.798441474999947], [-77.70719798699997, -6.9081827249999606], [-77.75893361199996, -6.964507849999961], [-77.73998011199996, -7.035422099999948], [-77.70700598699995, -7.06852484999996], [-77.71337861199999, -7.107887099999971], [-77.64129573699995, -7.150709099999972], [-77.60738236199995, -7.206112599999926], [-77.60553023699998, -7.219161849999978], [-77.64735061199997, -7.241514349999932], [-77.62841923699995, -7.320808724999949], [-77.63921161199994, -7.343701224999961], [-77.62167836199995, -7.396994100999962], [-77.63091773699995, -7.413874600999975], [-77.55965998699997, -7.46418747599995], [-77.53907686199994, -7.507385350999925], [-77.52138873699994, -7.509552600999939], [-77.54006723699996, -7.577413600999932], [-77.49694473699998, -7.582741475999967], [-77.48576361199997, -7.603992225999946], [-77.52838873699994, -7.615950100999953], [-77.52270423699997, -7.633407225999974], [-77.53839136199997, -7.65022797599994], [-77.51160248699995, -7.6574049759999525], [-77.49788961199994, -7.686354850999976], [-77.46073298699997, -7.680297975999963], [-77.52546873699998, -7.768341850999946], [-77.44286111199995, -7.8136417259999575], [-77.41078448699994, -7.900524725999958], [-77.37690923699995, -7.908821350999972], [-77.40715498699996, -7.992811475999929], [-77.37493636199997, -8.03152722599998], [-77.38574561199994, -8.054714600999944], [-77.37244423699997, -8.064925725999956], [-77.29666423699996, -8.062565725999946], [-77.26007811099998, -8.048439475999942], [-77.23186523599998, -8.011748100999966], [-77.06870311099993, -8.039511725999944], [-77.07436311099997, -7.9923007259999395], [-77.10284973599994, -7.95126797599994], [-77.09091336099993, -7.873272850999967], [-77.02084298599993, -7.805872725999961], [-76.94086548599995, -7.831713600999933], [-76.87060373599996, -7.903326725999932], [-76.82114286099994, -7.919165350999947], [-76.79697261099994, -7.919418225999948], [-76.74914436099994, -7.875208850999968], [-76.72760473599999, -7.8759208509999326], [-76.71889198599996, -7.8610293509999565], [-76.74317873599995, -7.822119975999954], [-76.73999011099994, -7.796601100999965], [-76.75488936099998, -7.800146350999967], [-76.76021736099995, -7.7747147259999565], [-76.77401411099999, -7.776782975999936], [-76.75346286099995, -7.762105350999946], [-76.77276211099996, -7.736907600999928], [-76.65779098599995, -7.726422475999925], [-76.63352173599998, -7.686281850999933], [-76.57730611099998, -7.678846350999947], [-76.56560948599997, -7.657190975999981], [-76.57975173599993, -7.609990975999949], [-76.57424136099996, -7.557710725999925], [-76.55711136099995, -7.548564475999967], [-76.55118273599999, -7.5039592259999495], [-76.57437973599997, -7.385224475999962], [-76.55747886099994, -7.306176224999945], [-76.58334623599995, -7.2584615999999755], [-76.62387473599995, -7.231904474999965], [-76.61381473599994, -7.207974474999958], [-76.63308473599994, -7.149284474999945], [-76.67040373599997, -7.127247099999977], [-76.68179486099996, -7.089132849999942], [-76.77897961099995, -7.1298629749999805], [-76.78388636099999, -7.162871974999973], [-76.81031161099997, -7.1739547249999305], [-76.85267636099996, -7.0699313499999334], [-76.88503798599999, -7.094663224999977], [-76.90707998599999, -7.086179974999936], [-76.90256636099997, -7.009720724999966], [-76.95703123599998, -6.991478474999951], [-77.03123236099998, -6.782724599999938], [-77.03915236099994, -6.730255849999935], [-77.02541986099999, -6.713501974999929], [-77.07541911099997, -6.6365780999999515], [-77.04661136099998, -6.565689474999942], [-77.08565473599998, -6.5501562249999665], [-77.12277961099994, -6.508618474999935], [-77.15822323599997, -6.501197099999956], [-77.19787236099995, -6.420986099999936], [-77.22143973599998, -6.419304474999933], [-77.25900936099998, -6.384952724999948]]]}}, {"id": "181", "type": "Feature", "properties": {"idProv": "SAN MARTIN - PICOTA", "nombdep": "SAN MARTIN", "nombprov": "PICOTA"}, "geometry": {"type": "Polygon", "coordinates": [[[-76.37155861099995, -6.681154349999929], [-76.52420961099995, -6.692870224999979], [-76.50008023599997, -6.792462099999966], [-76.46305711099996, -6.821088849999967], [-76.47283561099994, -6.858674224999959], [-76.54923008899993, -6.9282581019999725], [-76.54542098599995, -6.946878974999947], [-76.52680098599996, -6.950638974999947], [-76.52356098599995, -6.97607897499995], [-76.50285098599994, -6.969988974999978], [-76.49529998599996, -6.995019974999934], [-76.46495998599994, -6.992179974999942], [-76.45494898599998, -7.013795224999967], [-76.41907061099994, -7.00141922499995], [-76.41623998599994, -7.020669974999976], [-76.36931073599999, -7.01700972499998], [-76.31360236099994, -7.060874349999949], [-76.16983535999998, -7.0815757249999365], [-76.15794255999998, -7.198294666999971], [-76.07676773499998, -7.174411974999941], [-76.04658560999997, -7.121430224999926], [-76.02258348499998, -7.113313474999927], [-76.01071710999997, -7.078379849999976], [-76.00811323499994, -7.002220724999972], [-76.03564010999997, -6.993146474999946], [-76.05184423499998, -6.937871599999937], [-76.01573585999995, -6.9137009749999265], [-76.01051173499997, -6.89222822499994], [-76.07291323499999, -6.794053724999969], [-76.10339323499994, -6.728805849999958], [-76.09540823499998, -6.714859224999941], [-76.12676998499995, -6.6879930999999715], [-76.17605410999994, -6.704403724999963], [-76.20799035999994, -6.760988849999933], [-76.25681536099995, -6.772613474999957], [-76.27504961099999, -6.692069099999969], [-76.37155861099995, -6.681154349999929]]]}}, {"id": "182", "type": "Feature", "properties": {"idProv": "SAN MARTIN - RIOJA", "nombdep": "SAN MARTIN", "nombprov": "RIOJA"}, "geometry": {"type": "Polygon", "coordinates": [[[-77.64184998699994, -5.522739973999933], [-77.74482773699998, -5.406899098999929], [-77.76845123699997, -5.438048723999941], [-77.74883198699996, -5.459859348999942], [-77.77063748699999, -5.47815309899994], [-77.75703736199995, -5.513941598999963], [-77.76576173699993, -5.538982473999965], [-77.73638398699995, -5.6092900989999634], [-77.77509086199996, -5.6896793489999595], [-77.75935861199997, -5.729847973999938], [-77.77035548699996, -5.788142598999968], [-77.74613836199995, -5.8351104739999755], [-77.68152673699996, -5.84948709899993], [-77.68308048699998, -5.877575598999954], [-77.65189061199999, -5.935331973999951], [-77.66922486199996, -5.9803650989999255], [-77.63913986199998, -6.001079473999937], [-77.59770786199994, -6.004415973999926], [-77.59636161199995, -6.033330848999981], [-77.56680323699999, -6.02812197399993], [-77.53658986199997, -6.063705098999947], [-77.47413898699995, -5.999784098999953], [-77.43211573699995, -6.061916348999944], [-77.41930473699995, -6.032380848999935], [-77.39549761199999, -6.039376723999965], [-77.38050011199994, -6.079985973999953], [-77.35867936199998, -6.0728202239999405], [-77.34642798699997, -6.114341098999944], [-77.28047848599994, -6.142209098999956], [-77.22436636099997, -6.14554684899997], [-77.20205673599997, -6.179714848999936], [-77.21909323599994, -6.195731848999969], [-77.19727536099998, -6.233419973999958], [-77.12526523599996, -6.204182723999963], [-77.12353886099999, -6.1329305989999625], [-77.14636923599994, -6.108001348999949], [-77.13686486099994, -6.086185223999962], [-77.15596873599998, -6.039284973999941], [-77.14204748599997, -5.936534973999926], [-77.20290036099993, -5.940022473999932], [-77.21270123599999, -5.907631848999927], [-77.24646698599997, -5.882767098999977], [-77.23775361099996, -5.860664973999974], [-77.26740636099998, -5.7784447239999395], [-77.29963448699993, -5.767443723999975], [-77.29888436199997, -5.755467598999928], [-77.34026973699997, -5.759402973999954], [-77.35982761199995, -5.719789223999953], [-77.40164536199995, -5.710206973999959], [-77.42040711199996, -5.678734098999939], [-77.44606948699999, -5.6896550989999355], [-77.50891998699996, -5.673409973999981], [-77.53329998699996, -5.704439973999968], [-77.57541998699998, -5.712819973999956], [-77.65900998699993, -5.57197997399993], [-77.64184998699994, -5.522739973999933]]]}}, {"id": "183", "type": "Feature", "properties": {"idProv": "SAN MARTIN - SAN MARTIN", "nombdep": "SAN MARTIN", "nombprov": "SAN MARTIN"}, "geometry": {"type": "Polygon", "coordinates": [[[-75.52555498499999, -6.165125598999964], [-75.56892961199998, -6.0003886009999405], [-75.62107023499993, -6.029380848999949], [-75.62920998499999, -6.082989973999929], [-75.68004998499998, -6.095309973999974], [-75.71882998499996, -6.141229973999941], [-75.77115998499994, -6.147649973999933], [-75.77477998499995, -6.120389848999935], [-75.82768003999996, -6.098580012999946], [-75.85152003999997, -6.101750012999958], [-75.83797836999997, -6.14051479099993], [-75.91658773899997, -6.140789280999968], [-75.93395423499999, -6.214765598999975], [-75.97889235999997, -6.290533598999957], [-75.92273610999996, -6.367322349999938], [-75.92578898499994, -6.400050849999957], [-75.89996260999999, -6.455315599999949], [-75.94146223499996, -6.464398224999968], [-75.95456123499997, -6.490755724999929], [-76.00728198499996, -6.498629474999973], [-76.07296660999998, -6.472554849999938], [-76.16757135999995, -6.505680724999934], [-76.19764923499997, -6.4747838499999375], [-76.18074848499998, -6.459563849999938], [-76.18453635999998, -6.4274487249999765], [-76.26985136099995, -6.426474974999962], [-76.33767023599995, -6.346937474999947], [-76.36103898599998, -6.341228849999936], [-76.38425198599998, -6.395656974999952], [-76.42356011099997, -6.379470599999934], [-76.45913673599995, -6.461675724999964], [-76.49156261099995, -6.487156224999978], [-76.37372973599997, -6.618353224999964], [-76.45631798599999, -6.680006349999928], [-76.27504961099999, -6.692069099999969], [-76.25681536099995, -6.772613474999957], [-76.20799035999994, -6.760988849999933], [-76.18410398499998, -6.708257849999939], [-76.12676998499995, -6.6879930999999715], [-76.09540823499998, -6.714859224999941], [-76.10339323499994, -6.728805849999958], [-76.05089573499998, -6.810860224999942], [-75.96495110999996, -6.788406599999973], [-75.84387535999997, -6.797261724999942], [-75.81397185999998, -6.825477974999956], [-75.79418335999998, -6.821401599999945], [-75.78053910999995, -6.848412099999962], [-75.72479585999997, -6.850874474999955], [-75.70080560999997, -6.869113974999948], [-75.65967198499999, -6.81933209999994], [-75.64269610999997, -6.815560724999955], [-75.63344223499996, -6.843062349999968], [-75.61688835999996, -6.841188724999938], [-75.51273498499995, -6.786465724999971], [-75.50043548499997, -6.759353474999955], [-75.50298348499996, -6.552228724999964], [-75.55009498499999, -6.347707974999935], [-75.49634373499998, -6.281025348999947], [-75.48718760999998, -6.203415348999954], [-75.52555498499999, -6.165125598999964]]]}}, {"id": "184", "type": "Feature", "properties": {"idProv": "SAN MARTIN - TOCACHE", "nombdep": "SAN MARTIN", "nombprov": "TOCACHE"}, "geometry": {"type": "Polygon", "coordinates": [[[-76.59771673599994, -7.689289100999929], [-76.63352173599998, -7.686281850999933], [-76.65686773599998, -7.725736350999966], [-76.69284436099997, -7.736682600999927], [-76.77177161099996, -7.735201350999944], [-76.75346286099995, -7.762105350999946], [-76.77401411099999, -7.776782975999936], [-76.76021736099995, -7.7747147259999565], [-76.75488936099998, -7.800146350999967], [-76.73999011099994, -7.796601100999965], [-76.74317873599995, -7.822119975999954], [-76.71870161099997, -7.862718600999926], [-76.80030386099997, -7.9205841009999745], [-76.87060373599996, -7.903326725999932], [-76.94086548599995, -7.831713600999933], [-77.00589648599998, -7.802914100999942], [-77.07697411099997, -7.848622975999945], [-77.10284973599994, -7.95126797599994], [-77.07436311099997, -7.9923007259999395], [-77.06870311099993, -8.039511725999944], [-77.02094336099998, -8.051585975999956], [-76.98491486099994, -8.113853475999974], [-76.91176936099998, -8.158901225999955], [-76.92559673599999, -8.21849735099994], [-76.90124323599997, -8.283466350999959], [-76.93193023599997, -8.342595100999972], [-76.92700473599996, -8.359257100999969], [-76.96837261099995, -8.371241475999966], [-76.97689861099997, -8.396138725999947], [-77.00042923599995, -8.382403475999979], [-77.03401173599997, -8.404706975999943], [-77.06987698599994, -8.397496100999945], [-77.10458898599995, -8.444763475999935], [-77.13384373599996, -8.44002147599997], [-77.14256536099998, -8.47582560199993], [-77.08083348599996, -8.488180476999958], [-77.09165073599996, -8.51698135199996], [-77.04980136099994, -8.553715226999941], [-77.01159761099996, -8.537687476999963], [-76.97730086099995, -8.560598726999956], [-76.94888948599998, -8.545666101999927], [-76.91917598599997, -8.570114976999946], [-76.88735811099997, -8.55479810199995], [-76.86470161099999, -8.566349601999946], [-76.84265911099999, -8.52522997699998], [-76.80444986099997, -8.510572726999953], [-76.76842411099994, -8.52680935199993], [-76.72840398599999, -8.515004476999934], [-76.69707961099994, -8.532499601999973], [-76.54780661099994, -8.497640601999933], [-76.49483786099995, -8.549587851999945], [-76.49250386099999, -8.575760851999974], [-76.46616736099998, -8.569742976999976], [-76.41749623599998, -8.443748225999968], [-76.36670998599999, -8.411540725999942], [-76.33232598599994, -8.43178822599998], [-76.31230711099994, -8.500984226999947], [-76.32508036099995, -8.524324226999966], [-76.29967461099994, -8.556854476999945], [-76.30580711099998, -8.573237726999935], [-76.28035861099994, -8.573563976999935], [-76.28732898599998, -8.585435351999934], [-76.26406436099995, -8.610300476999953], [-76.26945586099998, -8.652489351999975], [-76.24834048599996, -8.683031976999928], [-76.25740273599996, -8.706641851999962], [-76.22868098599997, -8.745028351999963], [-76.24499336099996, -8.751483101999952], [-76.22314445599994, -8.785454179999931], [-76.19858673499994, -8.76973510199997], [-76.20341648499993, -8.753329726999937], [-76.16694635999994, -8.756500976999973], [-76.13948998499995, -8.666639976999932], [-76.10712998499997, -8.648799976999953], [-76.13501998499999, -8.567299976999948], [-76.10916598499995, -8.379613225999947], [-76.12822610999996, -8.36052772599993], [-76.13214548499997, -8.37726885099994], [-76.14578123499996, -8.367545100999962], [-76.23163673599998, -8.21398635099996], [-76.29752323599996, -8.21813497599993], [-76.33340886999997, -8.203878565999958], [-76.33501411099996, -8.14869222599998], [-76.37643786099994, -8.144978225999978], [-76.37657886099998, -8.129163475999974], [-76.45584761099997, -8.055513725999958], [-76.52004686099997, -8.03136322599994], [-76.55542136099996, -7.995465850999949], [-76.59306923599996, -8.002397225999971], [-76.61466323599996, -7.985397850999959], [-76.62828298599999, -7.928242225999952], [-76.60594298599995, -7.870826600999976], [-76.61496686099997, -7.851896975999978], [-76.63632711099996, -7.855393975999959], [-76.63637461099995, -7.829981350999958], [-76.61598186099997, -7.778042100999926], [-76.63041673599997, -7.749118100999965], [-76.59771673599994, -7.689289100999929]]]}}, {"id": "185", "type": "Feature", "properties": {"idProv": "TACNA - TACNA", "nombdep": "TACNA", "nombprov": "TACNA"}, "geometry": {"type": "Polygon", "coordinates": [[[-69.52700997899996, -17.40971998499998], [-69.60064997899997, -17.39412998499995], [-69.61542997899994, -17.418299984999976], [-69.65418997899997, -17.412299984999947], [-69.70342972899994, -17.474103484999944], [-69.72833985399996, -17.459958984999957], [-69.83825785499994, -17.46007610999993], [-69.87574810499996, -17.58483985999993], [-69.96714447999994, -17.58621873499993], [-70.01438285499995, -17.62548448499996], [-70.01502535499998, -17.65513873499998], [-70.04859572999999, -17.672781234999945], [-70.11030060499996, -17.76064648499994], [-70.18074810499996, -17.778212984999982], [-70.20118747999999, -17.75832810999998], [-70.15372260499998, -17.69340035999994], [-70.15001947999997, -17.597540984999966], [-70.25970085499995, -17.578277484999944], [-70.28760197999998, -17.53755910999996], [-70.33222285499994, -17.50875960999997], [-70.34578710499994, -17.460740234999946], [-70.39224897999998, -17.46431010999993], [-70.42901760499996, -17.483896484999946], [-70.44683260499994, -17.51590723499993], [-70.50889647999998, -17.545339859999956], [-70.68091122999994, -17.71561135999997], [-70.69786547999996, -17.768027109999935], [-70.72931635499998, -17.785091859999966], [-70.80684572999996, -17.889566359999947], [-70.83929497999998, -17.911517609999976], [-70.86333998099997, -17.966799984999966], [-70.88947335599994, -17.97651985999994], [-70.88769535599994, -18.00928510999995], [-70.81315622999995, -18.04048823499994], [-70.67950291799997, -18.161797346999947], [-70.49831447999998, -18.26273823599996], [-70.37671110499997, -18.35092773599996], [-70.31745122999996, -18.309703110999976], [-70.14965235499994, -18.318367235999972], [-70.05070697999997, -18.26880273599994], [-69.96054885499996, -18.262884735999933], [-69.81308010499998, -18.11447848599994], [-69.75150385399996, -17.985589859999948], [-69.74717772899999, -17.943937484999935], [-69.79571485499997, -17.862257859999943], [-69.80004885499994, -17.762331984999946], [-69.82167772999998, -17.743812484999978], [-69.82119722999994, -17.68635548499998], [-69.79598822999998, -17.64624223499993], [-69.66541210399998, -17.659900359999938], [-69.46829297899995, -17.504169859999934], [-69.46837872899994, -17.46479310999996], [-69.48778997899996, -17.437699984999938], [-69.52700997899996, -17.40971998499998]]]}}, {"id": "186", "type": "Feature", "properties": {"idProv": "TACNA - CANDARAVE", "nombdep": "TACNA", "nombprov": "CANDARAVE"}, "geometry": {"type": "Polygon", "coordinates": [[[-70.26604285499997, -16.77955423399993], [-70.31787110499994, -16.775294858999928], [-70.44160547999996, -16.841226608999932], [-70.44157422999996, -16.892404358999954], [-70.46501685499999, -16.94443410899993], [-70.44319922999995, -16.964277358999936], [-70.46315847999995, -17.004367483999943], [-70.43920122999998, -17.050363234999963], [-70.44833285499993, -17.07982898499995], [-70.48960635499998, -17.088446859999976], [-70.52779860499999, -17.16830835999997], [-70.55505047999998, -17.197663234999936], [-70.57250785499997, -17.19410935999997], [-70.45427147999999, -17.300642609999954], [-70.44029297999998, -17.33530860999997], [-70.36338672999995, -17.374384859999964], [-70.40420510499996, -17.40850973499994], [-70.34578710499994, -17.460740234999946], [-70.20973622999998, -17.333415109999976], [-70.16920510499995, -17.31631060999996], [-70.12126172999996, -17.319060484999966], [-70.09331535499996, -17.29004810999993], [-70.11478510499995, -17.237246109999944], [-70.10143360499995, -17.200242234999962], [-70.08636522999996, -17.196138734999977], [-70.09765622999998, -17.138621109999974], [-70.07000410499995, -17.081183359999955], [-70.07315247999998, -17.034914233999928], [-70.14837222999995, -16.921869733999927], [-70.17368935499996, -16.912232358999972], [-70.22510560499995, -16.95855073399997], [-70.24981760499998, -16.949339608999935], [-70.25936460499997, -16.903654108999945], [-70.24376760499996, -16.86024223399994], [-70.18406722999998, -16.83468748399997], [-70.18130072999998, -16.817874983999957], [-70.24730047999998, -16.80246485899994], [-70.26604285499997, -16.77955423399993]]]}}, {"id": "187", "type": "Feature", "properties": {"idProv": "TACNA - JORGE BASADRE", "nombdep": "TACNA", "nombprov": "JORGE BASADRE"}, "geometry": {"type": "Polygon", "coordinates": [[[-70.57250785499997, -17.19410935999997], [-70.68409072999998, -17.224264734999963], [-70.71591710499996, -17.273652109999944], [-70.70565222999994, -17.291179734999957], [-70.74670285499997, -17.351353609999933], [-70.75240410499998, -17.38057335999997], [-70.73671997999998, -17.40827998499998], [-70.87995998099996, -17.555669984999952], [-70.91249998099994, -17.687369984999975], [-70.99299623099995, -17.67911910999993], [-71.01711323099994, -17.709210859999928], [-71.07911723099994, -17.715197359999934], [-71.08295510599999, -17.735802734999936], [-71.10113473099995, -17.739497984999957], [-71.13944148099995, -17.821482859999946], [-71.10545298099998, -17.84340235999997], [-71.09627535599998, -17.86819723499997], [-71.00783985599998, -17.877361359999952], [-70.92525973099998, -17.926681609999946], [-70.88947335599994, -17.97651985999994], [-70.87353998099996, -17.97289998499997], [-70.76006247999999, -17.818234359999963], [-70.69786547999996, -17.768027109999935], [-70.68091122999994, -17.71561135999997], [-70.50889647999998, -17.545339859999956], [-70.44683260499994, -17.51590723499993], [-70.42901760499996, -17.483896484999946], [-70.39224897999998, -17.46431010999993], [-70.34419785499995, -17.458873109999956], [-70.40420510499996, -17.40850973499994], [-70.36338672999995, -17.374384859999964], [-70.44029297999998, -17.33530860999997], [-70.45427147999999, -17.300642609999954], [-70.57250785499997, -17.19410935999997]]]}}, {"id": "188", "type": "Feature", "properties": {"idProv": "TACNA - TARATA", "nombdep": "TACNA", "nombprov": "TARATA"}, "geometry": {"type": "Polygon", "coordinates": [[[-70.07241185499998, -17.03532735899995], [-70.07000410499995, -17.081183359999955], [-70.09765622999998, -17.138621109999974], [-70.08636522999996, -17.196138734999977], [-70.10143360499995, -17.200242234999962], [-70.11478510499995, -17.237246109999944], [-70.09331535499996, -17.29004810999993], [-70.10040247999996, -17.304866609999976], [-70.20973622999998, -17.333415109999976], [-70.34578710499994, -17.460740234999946], [-70.33222285499994, -17.50875960999997], [-70.28760197999998, -17.53755910999996], [-70.25970085499995, -17.578277484999944], [-70.15001947999997, -17.597540984999966], [-70.15372260499998, -17.69340035999994], [-70.20118747999999, -17.75832810999998], [-70.18273247999997, -17.77808598499996], [-70.11030060499996, -17.76064648499994], [-70.04859572999999, -17.672781234999945], [-70.01502535499998, -17.65513873499998], [-70.01438285499995, -17.62548448499996], [-69.96714447999994, -17.58621873499993], [-69.87574810499996, -17.58483985999993], [-69.83748635499995, -17.459634859999937], [-69.72833985399996, -17.459958984999957], [-69.70342972899994, -17.474103484999944], [-69.65501997899997, -17.41287998499996], [-69.61441997899993, -17.417999984999938], [-69.59848997899996, -17.393039984999973], [-69.52656997899999, -17.40991998499993], [-69.46837872899994, -17.46479310999996], [-69.46731635399993, -17.373537109999972], [-69.57521872899997, -17.292589859999964], [-69.64455997899995, -17.28751998499996], [-69.65543997899994, -17.270749984999952], [-69.73106997899998, -17.295469984999954], [-69.76183997899994, -17.28043998499993], [-69.79054997999998, -17.23528998499995], [-69.84990997999995, -17.24420998499994], [-69.89862997999995, -17.220909984999935], [-70.02513185499998, -17.122181484999942], [-70.04033047999997, -17.127678984999932], [-70.04233997999995, -17.05870998499995], [-70.07241185499998, -17.03532735899995]]]}}, {"id": "189", "type": "Feature", "properties": {"idProv": "TUMBES - TUMBES", "nombdep": "TUMBES", "nombprov": "TUMBES"}, "geometry": {"type": "Polygon", "coordinates": [[[-80.40357886399994, -3.485407721999934], [-80.41876636399996, -3.485706721999975], [-80.42853323899999, -3.4878748469999437], [-80.45624611399995, -3.499995596999952], [-80.46095311399995, -3.505921846999968], [-80.49814648899996, -3.4995038469999713], [-80.55878323999997, -3.6105468469999664], [-80.58174212799997, -3.6354797919999555], [-80.60473261499999, -3.6371963469999287], [-80.58080473999996, -3.727064471999938], [-80.55345073999996, -3.7345174719999363], [-80.55216598999993, -3.772212971999977], [-80.57773436499997, -3.785361221999949], [-80.58995636499998, -3.83121147199995], [-80.53979486499998, -3.843187471999954], [-80.55056961499997, -3.8826190969999743], [-80.52320573999998, -3.9080529719999504], [-80.53338861499998, -3.9288554719999524], [-80.51518161499996, -4.021244096999965], [-80.55675198999995, -4.052089846999934], [-80.58348498999999, -4.138908096999955], [-80.66645136499994, -4.215058847999956], [-80.64522998999996, -4.229559972999937], [-80.58981998999997, -4.214119972999981], [-80.51807223999998, -4.098990221999941], [-80.47542561399996, -4.081458096999938], [-80.47988311399996, -4.05487134699996], [-80.45112661399997, -4.031027221999977], [-80.44509998899997, -3.996129971999949], [-80.36559661399997, -3.9818199719999257], [-80.29807623899995, -4.017258096999967], [-80.26232998899997, -3.9994499719999794], [-80.23495486399997, -3.9488298469999563], [-80.21677986399999, -3.956979596999929], [-80.18073998899996, -3.925829971999974], [-80.21254998899997, -3.902619971999968], [-80.25878998899998, -3.9021099719999484], [-80.25789448899997, -3.825740221999979], [-80.30499986399997, -3.772566471999937], [-80.29708998899997, -3.665989971999977], [-80.34227186399994, -3.6250885969999445], [-80.37883011399998, -3.494611346999932], [-80.42103998899995, -3.512809971999957], [-80.41595898899999, -3.496388721999949], [-80.44113311399997, -3.494766846999937], [-80.40357886399994, -3.485407721999934]]]}}, {"id": "190", "type": "Feature", "properties": {"idProv": "TUMBES - CONTRALMIRANTE VILLAR", "nombdep": "TUMBES", "nombprov": "CONTRALMIRANTE VILLAR"}, "geometry": {"type": "Polygon", "coordinates": [[[-80.57587998999998, -3.7083199719999698], [-80.60473261499999, -3.6371963469999287], [-80.62632452899999, -3.6622494839999717], [-80.75422073999994, -3.718613221999931], [-80.79461911499999, -3.7602030969999305], [-80.83364648999998, -3.8757578469999316], [-80.98681248999998, -3.9846992219999606], [-81.04191054899997, -4.082921766999959], [-81.01927736499994, -4.112818346999973], [-80.97132223999995, -4.127117221999981], [-80.96756248999998, -4.172597597999925], [-80.92367573999996, -4.169480472999965], [-80.88282223999994, -4.192800722999948], [-80.73513998999994, -4.17802997299998], [-80.66540986499996, -4.21519372299997], [-80.58348498999999, -4.138908096999955], [-80.55675198999995, -4.052089846999934], [-80.51518161499996, -4.020328096999947], [-80.53338861499998, -3.9288554719999524], [-80.52320573999998, -3.9080529719999504], [-80.55056961499997, -3.8826190969999743], [-80.53979486499998, -3.843187471999954], [-80.59066123999997, -3.827764846999969], [-80.57773436499997, -3.785361221999949], [-80.55216598999993, -3.772212971999977], [-80.55359111499996, -3.73390909699998], [-80.58080473999996, -3.727064471999938], [-80.57587998999998, -3.7083199719999698]]]}}, {"id": "191", "type": "Feature", "properties": {"idProv": "TUMBES - ZARUMILLA", "nombdep": "TUMBES", "nombprov": "ZARUMILLA"}, "geometry": {"type": "Polygon", "coordinates": [[[-80.28521486399995, -3.4127637219999656], [-80.31847848899997, -3.381773346999978], [-80.31318548899998, -3.404507846999934], [-80.32659173899998, -3.4397793469999556], [-80.33712298899997, -3.4560527219999244], [-80.32627148899996, -3.4363144719999354], [-80.39497661399997, -3.4924335969999447], [-80.37671873899995, -3.492138721999936], [-80.34227186399994, -3.6250885969999445], [-80.29708998899997, -3.665989971999977], [-80.30499986399997, -3.772566471999937], [-80.25789448899997, -3.825740221999979], [-80.25878998899998, -3.9021099719999484], [-80.21254998899997, -3.902619971999968], [-80.17158998899998, -3.925609971999961], [-80.13995311399998, -3.9127343469999687], [-80.12719636399999, -3.888118596999959], [-80.15854998899994, -3.8698199719999593], [-80.16042998899997, -3.8023899719999577], [-80.19260998899995, -3.7753699719999645], [-80.18017998899995, -3.7351599719999626], [-80.19873998899999, -3.6893799719999265], [-80.18818998899997, -3.5983999719999247], [-80.21863998899994, -3.573909971999967], [-80.20498998899996, -3.5522099719999574], [-80.21572998899995, -3.499999971999955], [-80.24501998899996, -3.4857999719999384], [-80.22109998899998, -3.4377399719999744], [-80.28521486399995, -3.4127637219999656]]]}}, {"id": "192", "type": "Feature", "properties": {"idProv": "UCAYALI - CORONEL PORTILLO", "nombdep": "UCAYALI", "nombprov": "CORONEL PORTILLO"}, "geometry": {"type": "Polygon", "coordinates": [[[-74.47144560899994, -7.276174724999976], [-74.50009123399997, -7.262049474999969], [-74.53552285899997, -7.293768849999935], [-74.57952135899995, -7.409929475999945], [-74.61607385899998, -7.435037600999976], [-74.64290210899998, -7.500086475999979], [-74.64314435899996, -7.5622851009999295], [-74.57622710899994, -7.637229850999972], [-74.58208398399995, -7.706013725999981], [-74.55893523399999, -7.747465225999974], [-74.52434148399993, -7.757133850999935], [-74.51560960899997, -7.777825225999948], [-74.56974510899994, -7.815980475999936], [-74.62798423399994, -7.939828100999932], [-74.66844048399997, -7.945642100999976], [-74.72794448399998, -7.981008975999941], [-74.77902598399999, -8.042376350999973], [-74.88792810899997, -8.08419947599998], [-74.98225973399997, -7.9689863509999554], [-75.03334960899997, -7.950054725999962], [-75.14410985999996, -7.979091725999979], [-75.14943473499994, -8.001818850999939], [-75.18569735999995, -8.018442600999947], [-75.18932148499994, -8.07904422599995], [-75.23540623499997, -8.150501850999945], [-75.28789223499996, -8.125490725999953], [-75.32352598499995, -8.13930985099995], [-75.34662223499998, -8.129704475999972], [-75.37614698499993, -8.13877710099996], [-75.39813148499996, -8.168468725999958], [-75.43009623499995, -8.166598225999962], [-75.45303885999994, -8.210448850999967], [-75.41573135999994, -8.243664225999964], [-75.39107773499995, -8.236153975999969], [-75.27177548499998, -8.263554475999968], [-75.21776860999995, -8.240117975999965], [-75.17262760999995, -8.267070100999945], [-75.11034835899994, -8.265554725999948], [-75.07205973399994, -8.278126100999941], [-75.04035935899998, -8.312556600999926], [-75.02664260899996, -8.36285935099994], [-75.00395398399996, -8.382489600999975], [-75.02983110899999, -8.41632922599996], [-75.02501548399994, -8.442634600999952], [-74.93917998399996, -8.592299976999925], [-74.96679998399998, -8.66579997699995], [-74.94151003899998, -8.721650015999955], [-74.94634003899995, -8.77983001399997], [-74.96587003899998, -8.80848001399994], [-74.95447222999996, -8.863568021999981], [-74.85219873399996, -8.76309435199994], [-74.84714648399995, -8.66152410199993], [-74.63032885899997, -8.550410351999972], [-74.58298248399996, -8.551086726999927], [-74.54713460899995, -8.58456722699998], [-74.52659785899993, -8.754995601999951], [-74.53217804599996, -8.77613316399993], [-74.61830860899994, -8.832027351999955], [-74.62421498399993, -8.888726601999963], [-74.64431073399999, -8.918783226999949], [-74.64787498399994, -8.995767601999944], [-74.66916398399997, -9.020256726999946], [-74.65136610899998, -9.048768351999968], [-74.67809373399996, -9.094039101999954], [-74.63653873399994, -9.125511226999947], [-74.62446685899994, -9.215562476999935], [-74.58715023399998, -9.296607476999952], [-74.62737398399997, -9.364775476999966], [-74.65431748399999, -9.36877422699996], [-74.70942010899995, -9.42221035199998], [-74.66260348399999, -9.454945726999938], [-74.58109248399995, -9.476601726999945], [-74.59349435899998, -9.507361851999974], [-74.57484998399997, -9.572717602999944], [-74.49382935899996, -9.592224852999948], [-74.49014035899995, -9.68519572799994], [-74.44724023399993, -9.777149852999969], [-74.45330085899997, -9.863636227999962], [-74.41482523399998, -9.90123110299993], [-74.41232623399998, -9.953955102999942], [-74.36081510899999, -9.901214977999928], [-74.37010973399998, -9.848035727999957], [-74.33830823399995, -9.865862727999968], [-74.31695898399994, -9.801581977999945], [-74.29546098399999, -9.806485102999943], [-74.25341810899994, -9.771726602999934], [-74.18599248399994, -9.765350352999974], [-74.14443160899998, -9.704640602999973], [-74.06579498399998, -9.705536852999955], [-74.04936948299996, -9.656862727999965], [-73.95975385799994, -9.61078710299995], [-73.87554085799997, -9.596558602999949], [-73.81722073299994, -9.52957222799995], [-73.74339060799997, -9.54034760299993], [-73.69048873299994, -9.52774822799995], [-73.66041910799999, -9.546081102999949], [-73.66531248299998, -9.57197260299995], [-73.60918648299997, -9.64440835299996], [-73.56872848299997, -9.65834747799994], [-73.53626948299996, -9.709617227999956], [-73.46937598299996, -9.750780102999954], [-73.45934873299996, -9.795609602999946], [-73.37255760799997, -9.825199727999973], [-73.37038048299996, -9.861618352999926], [-73.30922098299999, -9.89298985299996], [-73.26795310799997, -9.95226897799995], [-73.22142510799995, -9.972195727999974], [-73.21874273299994, -10.000166477999926], [-73.18715673299994, -10.018338352999933], [-73.19476310799996, -10.079063977999965], [-73.17946685799996, -10.093853477999971], [-73.15190998299994, -10.038009852999949], [-73.06680823299996, -9.969699227999968], [-73.11131748299994, -9.920739477999973], [-73.10068498299995, -9.876685227999928], [-73.19847848299997, -9.87023047799994], [-73.22807360799999, -9.84748910299993], [-73.21781110799998, -9.82712485299993], [-73.27428748299997, -9.666029352999942], [-73.21554560799996, -9.65292072799997], [-73.22496448299995, -9.63237197799998], [-73.18962885799994, -9.526796727999965], [-73.20745898299998, -9.481333976999963], [-73.19361985799998, -9.462897601999941], [-73.20379685799998, -9.407154351999964], [-73.18692773299995, -9.399037101999966], [-73.18875973299998, -9.36322260199995], [-73.14836610799995, -9.354101101999959], [-73.13140623299995, -9.318316851999953], [-73.10143360799998, -9.308117226999968], [-73.10732823299998, -9.275348226999938], [-73.07351760799997, -9.23460747699994], [-73.00929810799994, -9.222364726999956], [-73.00334285799994, -9.195447351999974], [-73.02682485799994, -9.178844726999955], [-72.95835610699999, -9.143209351999928], [-72.94610323199998, -9.119091726999955], [-72.94300223199997, -9.052870976999941], [-72.96310173199998, -9.012504476999936], [-72.94091148199993, -8.984940226999981], [-72.96797960699996, -8.981012976999978], [-72.99969260799998, -8.91751610199998], [-73.05888598299998, -8.90577372699994], [-73.07770785799994, -8.842191601999957], [-73.11201373299997, -8.81929760199995], [-73.11464848299994, -8.78441272699996], [-73.16724148299994, -8.698297726999954], [-73.25547210799994, -8.690215726999952], [-73.31927523299998, -8.610905976999959], [-73.34104160799995, -8.616783851999969], [-73.33183073299995, -8.47403535199993], [-73.38811523299995, -8.470240226999977], [-73.40671485799999, -8.431290975999957], [-73.44131135799995, -8.425401100999977], [-73.54225973299998, -8.34965035099998], [-73.52626198299998, -8.270785725999929], [-73.58738635799995, -8.240860975999965], [-73.57141210799995, -8.22366010099995], [-73.59569473299996, -8.164560850999976], [-73.58447110799995, -8.128678475999948], [-73.62625285799999, -8.057459725999934], [-73.61685123299998, -8.034250225999926], [-73.63924848299996, -8.006529475999969], [-73.66802298299996, -8.013148100999956], [-73.70563473299995, -7.95470310099995], [-73.72678323299994, -7.965845725999941], [-73.74788673299997, -7.9473731009999256], [-73.74030273299996, -7.929673850999961], [-73.77225585799994, -7.909164100999931], [-73.75522460799993, -7.8923281009999755], [-73.76154298299997, -7.860599600999933], [-73.73545110799995, -7.878810600999941], [-73.67815973299997, -7.857964100999936], [-73.68848010799996, -7.7671354759999645], [-73.71171735799999, -7.760905225999977], [-73.71479923299995, -7.74238597599998], [-73.81775585799994, -7.717259725999952], [-73.83917973299998, -7.66687110099997], [-73.86806448299996, -7.675296725999942], [-73.90045898299996, -7.6402284759999475], [-73.88902348299996, -7.603552725999975], [-73.97856835799996, -7.561470725999925], [-73.98303323299996, -7.534361350999973], [-74.03647385799997, -7.481244475999972], [-74.03910948299995, -7.448879475999945], [-74.13293685899998, -7.400802350999925], [-74.14163648399995, -7.377771725999935], [-74.25365898399997, -7.34368247499998], [-74.28403685899997, -7.354202224999938], [-74.34431348399994, -7.344729599999937], [-74.37017798399995, -7.317272099999968], [-74.46352085899997, -7.298596849999967], [-74.47144560899994, -7.276174724999976]]]}}, {"id": "193", "type": "Feature", "properties": {"idProv": "UCAYALI - ATALAYA", "nombdep": "UCAYALI", "nombprov": "ATALAYA"}, "geometry": {"type": "Polygon", "coordinates": [[[-72.71629460699995, -9.412241976999951], [-73.20075973299998, -9.412193351999974], [-73.19361985799998, -9.462897601999941], [-73.20745898299998, -9.481333976999963], [-73.18962885799994, -9.526796727999965], [-73.21339273299998, -9.576340602999949], [-73.21892898299996, -9.663041102999955], [-73.27282173299994, -9.66425835299998], [-73.27658010799996, -9.684205102999954], [-73.24300235799996, -9.730395477999934], [-73.23864373299995, -9.78743485299998], [-73.21775773299998, -9.827471852999963], [-73.22785148299994, -9.847809477999931], [-73.19847848299997, -9.87023047799994], [-73.10068498299995, -9.876685227999928], [-73.11150510799996, -9.920218602999967], [-73.06659235799998, -9.971403977999955], [-73.15190998299994, -10.038009852999949], [-73.17946685799996, -10.093853477999971], [-73.19476310799996, -10.079063977999965], [-73.18715673299994, -10.018338352999933], [-73.21874273299994, -10.000166477999926], [-73.22142510799995, -9.972195727999974], [-73.26795310799997, -9.95226897799995], [-73.30922098299999, -9.89298985299996], [-73.37038048299996, -9.861618352999926], [-73.37255760799997, -9.825199727999973], [-73.45934873299996, -9.795609602999946], [-73.46937598299996, -9.750780102999954], [-73.53626948299996, -9.709617227999956], [-73.56872848299997, -9.65834747799994], [-73.60918648299997, -9.64440835299996], [-73.66531248299998, -9.57197260299995], [-73.66041910799999, -9.546081102999949], [-73.69048873299994, -9.52774822799995], [-73.74339060799997, -9.54034760299993], [-73.81722073299994, -9.52957222799995], [-73.87554085799997, -9.596558602999949], [-73.95975385799994, -9.61078710299995], [-74.04936948299996, -9.656862727999965], [-74.06579498399998, -9.705536852999955], [-74.14443160899998, -9.704640602999973], [-74.18599248399994, -9.765350352999974], [-74.25341810899994, -9.771726602999934], [-74.29546098399999, -9.806485102999943], [-74.31695898399994, -9.801581977999945], [-74.33845785899996, -9.86597497799994], [-74.36922635899998, -9.846647602999951], [-74.37591448399996, -9.87100247799998], [-74.35931510899997, -9.895914852999965], [-74.41232623399998, -9.953955102999942], [-74.41882810899995, -10.025749977999965], [-74.38989898399996, -10.051349477999963], [-74.36696673399996, -10.112896477999982], [-74.31501898399995, -10.11315622799998], [-74.30287323399995, -10.164837727999952], [-74.23060673399993, -10.186316602999966], [-74.22715773399995, -10.277329727999927], [-74.25219498399997, -10.305131102999951], [-74.23691410899994, -10.321605727999952], [-74.26274235899996, -10.36366110299997], [-74.24200460899993, -10.383165102999953], [-74.25288360899998, -10.417136727999946], [-74.17871935899996, -10.488645352999981], [-74.13410448399998, -10.599107978999939], [-74.13200035899996, -10.66094835399997], [-74.13861835899996, -10.67073322899995], [-74.16983748399997, -10.636933728999963], [-74.22966498399995, -10.634598353999934], [-74.22757810899998, -10.651839853999945], [-74.25280935899997, -10.659479978999968], [-74.25892048399999, -10.680431978999934], [-74.28688110899998, -10.670412103999979], [-74.35029910899993, -10.754733853999937], [-74.38389985899994, -10.747480478999933], [-74.37439648399999, -10.788568353999949], [-74.38676485899998, -10.813115853999932], [-74.43105635899997, -10.812957228999949], [-74.48267560899995, -10.835391228999981], [-74.48708310899997, -10.889033478999977], [-74.54799610899994, -10.890996603999952], [-74.56996023399995, -10.91520785399996], [-74.50838373399995, -10.950299728999937], [-74.49647160899997, -11.000238728999932], [-74.45030973399997, -11.001866978999942], [-74.37316760899995, -11.056619853999962], [-74.25643598399995, -11.018222728999945], [-74.20276735899995, -11.021013478999976], [-74.19086998399996, -10.985997103999978], [-74.15565273399994, -10.99876097899994], [-74.00720185799997, -10.99130847899994], [-73.97592673299994, -11.12549847899993], [-73.95455148299999, -11.150398853999945], [-73.91648723299994, -11.143101978999937], [-73.89061398299998, -11.169652978999977], [-73.86306023299994, -11.169124353999962], [-73.85269550699996, -11.164261615999976], [-73.86220173299995, -10.97877497899998], [-73.81300498299998, -10.88924110399995], [-73.81421685799995, -10.799896478999926], [-73.78693948299997, -10.79413872899994], [-73.78198635799998, -10.750624978999952], [-73.74211610799995, -10.734008228999926], [-73.61039623299996, -10.846573853999928], [-73.56089835799997, -10.859255978999954], [-73.57257710799996, -10.954499978999934], [-73.54257873299997, -11.047424478999972], [-73.48260348299993, -11.065242228999978], [-73.47108098299998, -11.088492603999953], [-73.44981160799995, -11.236767978999978], [-73.48456148299994, -11.350264103999962], [-73.46786885799997, -11.343651228999931], [-73.41491398299996, -11.386853353999982], [-73.34170460899998, -11.310995850999973], [-73.25599885799994, -11.312535228999934], [-73.20599523299995, -11.290195728999947], [-73.13166198299996, -11.293927478999933], [-73.08213729199997, -11.273284212999954], [-73.06504098299996, -11.284354978999943], [-72.97706160799999, -11.212293478999982], [-72.96793548299996, -11.266226978999953], [-72.93563198199996, -11.290824853999936], [-72.95555560699995, -11.304616353999961], [-72.93246185799995, -11.307346853999945], [-72.94044510699996, -11.322688728999935], [-72.94442535699994, -11.309869103999972], [-72.95951248299997, -11.314196478999975], [-72.96167460699996, -11.334854728999971], [-72.92435260699995, -11.327405228999964], [-72.93283985699998, -11.350383979999947], [-72.89468385699996, -11.358259854999972], [-72.89036610699998, -11.343175353999982], [-72.82267960799999, -11.389608854999949], [-72.81619810699993, -11.37508360399994], [-72.79972860699996, -11.38557035399998], [-72.79703623199998, -11.364430728999935], [-72.79497548199998, -11.384556603999954], [-72.73823760699997, -11.347429353999928], [-72.71767973199997, -11.362110729999927], [-72.71237823199993, -11.347352978999936], [-72.69230223199997, -11.395698103999962], [-72.66569498199993, -11.385909354999967], [-72.64556910699997, -11.412765853999929], [-72.61716698199996, -11.417784978999975], [-72.60869123199996, -11.440137728999957], [-72.60114610699998, -11.418433103999973], [-72.59411623199998, -11.440835728999957], [-72.55366535699994, -11.432079853999937], [-72.54712598199995, -11.44831322999994], [-72.53369110699998, -11.424838353999974], [-72.52531485699996, -11.439244478999967], [-72.49895160699998, -11.395023979999962], [-72.44903398199995, -11.385767728999951], [-72.42359435699996, -11.355173978999971], [-72.40338398199998, -11.357112478999966], [-72.33829498099993, -11.317080103999956], [-72.31500198199996, -11.321775228999968], [-72.30770898199995, -11.306999978999954], [-72.28375198199996, -11.31689060499997], [-72.28006060699994, -11.339605478999943], [-72.25504285699998, -11.329861353999945], [-72.24602110699993, -11.346160603999977], [-72.20462335699995, -11.347432728999934], [-72.21888468299994, -11.29686068899997], [-72.18652348099994, -11.184888728999965], [-72.20678076499996, -11.172294632999979], [-72.13532368999995, -11.13568235899993], [-72.12140623199997, -11.107140603999937], [-72.15176762699997, -11.086443678999956], [-72.18329946199998, -11.092591849999963], [-72.19306129599994, -11.049676616999932], [-72.17443160699997, -11.032357478999927], [-72.18519084699994, -11.008932294999966], [-72.21628960699996, -11.013110353999934], [-72.26212623199996, -10.971675853999955], [-72.31585635699997, -10.982788853999978], [-72.39804698199998, -10.93265822899997], [-72.42971873199997, -10.886005853999961], [-72.43721098199995, -10.842589853999925], [-72.48434760699996, -10.792189478999944], [-72.44580410699996, -10.63831735399998], [-72.40609710699994, -10.649462228999937], [-72.37884285699994, -10.547699602999955], [-72.40942473199993, -10.516277852999963], [-72.46443010699994, -10.508999852999978], [-72.41975985699997, -10.472320477999972], [-72.42334073199999, -10.443908102999956], [-72.47716673199994, -10.378694227999972], [-72.46517398199995, -10.347243477999939], [-72.47824460699997, -10.330977477999966], [-72.44472148199998, -10.25504247799995], [-72.33432273199998, -10.178156852999962], [-72.24254848199996, -10.188809727999967], [-72.22941785699999, -10.163066477999962], [-72.15568285699999, -10.164030977999971], [-72.14106623199996, -10.090548852999973], [-72.16289498199995, -10.076094227999931], [-72.18996148199994, -10.00750822799995], [-72.14987435699999, -9.965999977999957], [-72.17435998199994, -9.931562852999946], [-72.13593535699994, -9.874871602999974], [-72.16283335699995, -9.830402102999926], [-72.15141048199996, -9.797305352999956], [-72.26295510699998, -9.750855477999949], [-72.24538998199995, -9.658739977999971], [-72.25960998199997, -9.645709977999957], [-72.25314998199997, -9.615759977999971], [-72.28831998199996, -9.602819977999957], [-72.28132998199999, -9.54229997799996], [-72.31858560699999, -9.543794352999953], [-72.36698223199994, -9.489700226999958], [-72.44047423199999, -9.476981726999952], [-72.45461923199997, -9.489768976999926], [-72.48809960699998, -9.479542601999981], [-72.51953473199995, -9.49128135199993], [-72.57677960699993, -9.45586822699994], [-72.69514598199999, -9.439364601999955], [-72.71629460699995, -9.412241976999951]]]}}, {"id": "194", "type": "Feature", "properties": {"idProv": "UCAYALI - PADRE ABAD", "nombdep": "UCAYALI", "nombprov": "PADRE ABAD"}, "geometry": {"type": "Polygon", "coordinates": [[[-75.43663235999998, -8.229986475999965], [-75.45512563499994, -8.210748272999979], [-75.50287723499997, -8.289411850999954], [-75.49384410999994, -8.328650975999949], [-75.51005366099997, -8.334816901999943], [-75.48267397099994, -8.34547688999993], [-75.47718132099999, -8.386368507999975], [-75.41956456899999, -8.451533548999976], [-75.51083505699995, -8.43204458599996], [-75.57228944799994, -8.44458183599994], [-75.61807960999994, -8.40832285099998], [-75.68731931899998, -8.423294341999963], [-75.71646102799997, -8.486894886999949], [-75.78454889899996, -8.49432582199995], [-75.79922247299999, -8.512155829999926], [-75.77826027399993, -8.546410833999971], [-75.81680134299995, -8.636021220999964], [-75.83366897499997, -8.652161503999935], [-75.89132125299994, -8.66021737699998], [-75.94782366099997, -8.720669964999956], [-75.92164653199995, -8.78080846499995], [-75.92788281899993, -8.844538027999931], [-75.88376730599998, -8.972732544999928], [-75.89147071199994, -9.003024220999976], [-75.83787649699997, -9.061944494999977], [-75.79612726999994, -9.202670437999927], [-75.76379026399997, -9.217098119999946], [-75.76396276599996, -9.237848216999964], [-75.72024249699996, -9.27722754599995], [-75.66896037999999, -9.418436896999935], [-75.60065949899996, -9.413812847999964], [-75.49364448499995, -9.377011726999967], [-75.45196794399999, -9.296343674999946], [-75.37215373299995, -9.310229775999971], [-75.33405696699998, -9.288764748999938], [-75.30428767999996, -9.29702365299994], [-75.27227169599996, -9.268044863999933], [-75.27191969399996, -9.233415226999966], [-75.24220301799994, -9.220934119999981], [-75.21193216199998, -9.176427109999963], [-75.24131268399998, -9.101101705999952], [-75.20645533999993, -9.101338660999943], [-75.20121497099996, -9.06383791299993], [-75.16240119399998, -9.033953457999928], [-75.17386415599998, -9.011575218999951], [-75.11975539299993, -8.983559997999976], [-75.13484527699995, -8.945969265999963], [-75.10841319199994, -8.92229144199996], [-75.12259234799996, -8.880953531999978], [-75.06471467799997, -8.882277259999967], [-75.02240396499997, -8.858526659999939], [-74.98875636299994, -8.87150395499998], [-74.95447222999996, -8.863568021999981], [-74.96587003899998, -8.80848001399994], [-74.94634003899995, -8.77983001399997], [-74.94151003899998, -8.721650015999955], [-74.96679998399998, -8.66579997699995], [-74.93917998399996, -8.592299976999925], [-75.02501548399994, -8.442634600999952], [-75.02983110899999, -8.41632922599996], [-75.00395398399996, -8.382489600999975], [-75.02664260899996, -8.36285935099994], [-75.04035935899998, -8.312556600999926], [-75.08144973399999, -8.273900100999981], [-75.17262760999995, -8.267070100999945], [-75.21776860999995, -8.240117975999965], [-75.27219335999996, -8.263548850999939], [-75.43663235999998, -8.229986475999965]]]}}, {"id": "195", "type": "Feature", "properties": {"idProv": "UCAYALI - PURUS", "nombdep": "UCAYALI", "nombprov": "PURUS"}, "geometry": {"type": "Polygon", "coordinates": [[[-70.61380449399996, -9.873393332999967], [-70.62313997999996, -9.819949977999954], [-70.57776997999997, -9.77778997799993], [-70.55962997999995, -9.789469977999943], [-70.54591997999995, -9.778799977999938], [-70.52522997999995, -9.714979977999974], [-70.58469997999998, -9.640839977999974], [-70.59823997999996, -9.607619977999946], [-70.58564997999997, -9.57557997799995], [-70.59915697999998, -9.556135727999958], [-70.58909022999995, -9.548869852999928], [-70.58754772999998, -9.56725797799993], [-70.55531785499994, -9.57188535299997], [-70.57062097999994, -9.532917227999974], [-70.54212885499999, -9.537699352999937], [-70.54433397999998, -9.514089851999927], [-70.51371685499998, -9.492802851999954], [-70.50569922999995, -9.50460160199998], [-70.52490235499994, -9.461199226999952], [-70.50477735499999, -9.463339476999977], [-70.49665410499995, -9.424887101999957], [-70.59580560499995, -9.44249610199995], [-70.66320297999994, -9.52601147799993], [-70.71475810499999, -9.547148602999926], [-70.72979672999998, -9.57025572799995], [-70.75066872999997, -9.560425727999927], [-70.75724097999995, -9.604253352999933], [-70.78614697999996, -9.614269477999926], [-70.79331885499994, -9.638462477999951], [-70.83614897999996, -9.643235352999966], [-70.92382748099993, -9.741298227999948], [-70.96336735599994, -9.748912477999966], [-70.99390998099994, -9.817209977999937], [-71.05121998099997, -9.815839977999929], [-71.10223998099997, -9.853189977999932], [-71.13974023099996, -9.85701560299998], [-71.22051948099994, -9.969677727999965], [-71.25321285599995, -9.96292572799996], [-71.25399810599998, -9.976558602999944], [-71.29819023099998, -9.992199102999962], [-71.34276373099993, -9.966773477999936], [-71.37504485599999, -10.000144477999982], [-72.18101335699998, -9.999798477999946], [-72.18923248199997, -10.022134727999969], [-72.14106623199996, -10.090548852999973], [-72.15651473199995, -10.16501610299997], [-72.22941785699999, -10.163066477999962], [-72.24254848199996, -10.188809727999967], [-72.33432273199998, -10.178156852999962], [-72.44472148199998, -10.25504247799995], [-72.47238085699996, -10.299781227999972], [-72.47815660699996, -10.331637852999961], [-72.46514460699996, -10.349532727999929], [-72.47716673199994, -10.378694227999972], [-72.42334073199999, -10.443908102999956], [-72.41965898199999, -10.473632227999929], [-72.46443010699994, -10.508999852999978], [-72.40942473199993, -10.516277852999963], [-72.37884285699994, -10.547699602999955], [-72.40609710699994, -10.649462228999937], [-72.44580410699996, -10.63831735399998], [-72.48393498199994, -10.780903228999932], [-72.47232423199995, -10.817066353999962], [-72.43721098199995, -10.842589853999925], [-72.42139573199995, -10.902966478999929], [-72.37179548199998, -10.953578853999943], [-72.31263435699998, -10.98351447899995], [-72.26212623199996, -10.971675853999955], [-72.21374260699997, -11.01366947899993], [-72.17353762799996, -10.995526064999979], [-72.15825022699994, -11.005287898999939], [-72.12793021099998, -10.979842446999953], [-72.12503458999998, -10.99562352099997], [-72.05441310699996, -11.011073603999932], [-72.01083257099998, -10.987746869999967], [-71.93837658099994, -11.003895174999968], [-71.84700848899996, -10.995678519999956], [-71.82846250099993, -11.011867835999965], [-71.78022848099994, -10.987814478999951], [-71.72928285599994, -10.98367572899997], [-71.71600260599996, -10.997850227999947], [-71.70169398199994, -10.97383860399998], [-71.66171910599996, -10.983183852999957], [-71.53197710599994, -10.952138478999927], [-71.50813248099996, -10.966092228999969], [-71.35521810599994, -10.950616728999933], [-71.30833698099997, -10.877813853999953], [-71.27272701199996, -10.852818727999932], [-71.25872332499995, -10.784934501999942], [-71.22156377299996, -10.776698440999951], [-71.21553682699994, -10.714948481999954], [-71.23131265299997, -10.685238530999982], [-71.20629098099994, -10.652160103999961], [-71.22080273099994, -10.636734352999952], [-71.19621285599999, -10.579861352999956], [-71.16529310599998, -10.569643852999945], [-71.16457085599995, -10.531261477999976], [-71.14680014699996, -10.530984022999974], [-71.12851435499994, -10.504735852999943], [-71.02453348099993, -10.47820010299995], [-71.00497245999998, -10.430818518999956], [-70.95841480199994, -10.38957678199995], [-70.96801200599998, -10.33555137199994], [-70.88945882099995, -10.33513861299997], [-70.87399258499994, -10.300695979999944], [-70.88083327499999, -10.261970186999974], [-70.80320133399994, -10.25115440899998], [-70.70644335599997, -10.161357477999957], [-70.69817385499994, -10.11803122799995], [-70.64989978199998, -10.07947457399996], [-70.65205855199997, -10.040059991999954], [-70.67231835499996, -10.023134727999945], [-70.65689285499997, -9.99972947799995], [-70.66762748099995, -9.970693102999974], [-70.64852147999994, -9.951576227999965], [-70.63953932499999, -9.884375986999942], [-70.61380449399996, -9.873393332999967]]]}}]}